id	name	cluster_c	type_a	degree_n	score_n	x	y	z
0	N0	C17	protein	1	0.6474	122.591	-89.724	-115.408
1	N1	C17	transcript	1	0.5025	169.672	-29.459	-58.487
2	N2	C3	metabolite	1	0.9664	33.152	220.021	121.776
3	N3	C30	bridge	1	0.0959	-231.533	-38.963	69.862
4	N4	C2	protein	1	0.3378	-89.796	-155.334	8.912
5	N5	C11	transcript	1	0.8600	-110.481	-14.531	66.593
6	N6	C37	metabolite	1	0.6873	-90.748	-37.393	62.836
7	N7	C22	bridge	2	0.8647	33.307	118.879	61.433
8	N8	C15	protein	3	0.6179	-143.438	36.990	-94.095
9	N9	C34	transcript	1	0.7712	-60.505	126.211	-113.106
10	N10	C29	metabolite	1	0.4999	-169.411	133.947	10.944
11	N11	C35	bridge	1	0.1676	-271.211	15.702	-132.620
12	N12	C3	protein	1	0.2703	-19.358	241.568	190.272
13	N13	C28	transcript	1	0.6272	60.992	-53.051	114.436
14	N14	C9	metabolite	1	0.1091	229.051	-264.937	156.254
15	N15	C31	bridge	1	0.2299	-61.048	-327.385	125.791
16	N16	C39	protein	2	0.3759	-22.083	-149.449	-131.195
17	N17	C8	transcript	3	0.7921	-122.642	0.677	-149.524
18	N18	C19	metabolite	2	0.2413	72.559	60.068	-147.525
19	N19	C5	bridge	2	0.0498	-23.826	69.700	-223.192
20	N20	C38	protein	1	0.8628	-108.096	-40.517	52.222
21	N21	C18	transcript	1	0.9950	-50.335	40.245	169.764
22	N22	C8	metabolite	13	0.8292	-88.216	-101.483	-18.617
23	N23	C13	bridge	1	0.0348	-139.697	-153.423	-14.303
24	N24	C34	protein	1	0.9011	-130.290	63.848	-111.766
25	N25	C30	transcript	1	0.4754	-228.606	-56.727	24.951
26	N26	C18	metabolite	1	0.7258	-7.789	68.242	143.661
27	N27	C37	bridge	1	0.4420	-59.348	-93.619	51.622
28	N28	C18	protein	1	0.0083	-10.148	-3.734	158.145
29	N29	C36	transcript	3	0.6643	11.791	-37.630	193.399
30	N30	C39	metabolite	1	0.9930	28.455	-91.857	-105.954
31	N31	C1	bridge	1	0.9231	-35.169	-226.890	86.350
32	N32	C26	protein	1	0.6209	-16.865	-51.834	43.910
33	N33	C14	transcript	2	0.8753	-18.291	-63.233	385.873
34	N34	C10	metabolite	1	0.4646	101.158	-145.675	81.123
35	N35	C21	bridge	1	0.5964	-124.288	103.124	-38.399
36	N36	C33	protein	2	0.5668	181.527	-134.456	130.978
37	N37	C21	transcript	4	0.0001	-134.937	116.113	-41.244
38	N38	C1	metabolite	3	0.3457	-22.308	-280.771	65.237
39	N39	C7	bridge	1	0.4151	-65.044	115.089	72.231
40	N40	C23	protein	1	0.9233	108.284	58.157	-50.028
41	N41	C37	transcript	2	0.3434	-70.433	-27.990	148.878
42	N42	C36	metabolite	1	0.9760	46.588	-15.004	239.723
43	N43	C0	bridge	6	0.3063	-183.084	-113.727	-62.859
44	N44	C20	protein	1	0.3645	9.981	163.772	35.753
45	N45	C17	transcript	1	0.8542	109.120	-122.417	-20.367
46	N46	C17	metabolite	1	0.0054	65.529	-97.783	-137.592
47	N47	C28	bridge	1	0.4595	23.224	-94.694	150.283
48	N48	C27	protein	1	0.6159	-28.268	70.611	81.776
49	N49	C18	transcript	7	0.4658	-0.729	19.575	160.795
50	N50	C6	metabolite	1	0.9018	3.397	-86.787	-72.996
51	N51	C22	bridge	1	0.9761	8.248	172.204	35.754
52	N52	C21	protein	5	0.3880	-199.994	113.303	-46.861
53	N53	C28	transcript	3	0.8813	-4.787	-124.772	139.331
54	N54	C9	metabolite	49	0.2217	200.851	-265.351	159.079
55	N55	C17	bridge	1	0.4514	149.208	-46.113	-67.883
56	N56	C15	protein	1	0.2640	-135.343	65.410	-82.531
57	N57	C4	transcript	1	0.0654	32.005	35.085	145.568
58	N58	C24	metabolite	1	0.0209	-91.287	-39.652	-126.054
59	N59	C15	bridge	2	0.2297	-128.580	57.745	-67.384
60	N60	C4	protein	1	0.7064	77.848	86.255	204.810
61	N61	C20	transcript	1	0.1354	23.362	122.930	176.177
62	N62	C0	metabolite	2	0.0147	-183.527	-83.650	-86.823
63	N63	C33	bridge	24	0.5568	184.998	-128.307	153.973
64	N64	C8	protein	7	0.7684	-20.849	-11.392	-15.810
65	N65	C5	transcript	2	0.5906	30.194	36.844	-155.791
66	N66	C2	metabolite	1	0.1026	-115.059	-146.358	-124.370
67	N67	C37	bridge	1	0.3521	-32.311	-52.068	16.954
68	N68	C17	protein	3	0.4856	217.294	-103.935	-15.519
69	N69	C31	transcript	5	0.4326	-136.168	-393.118	157.476
70	N70	C36	metabolite	2	0.3439	65.293	-6.200	198.048
71	N71	C28	bridge	1	0.2678	77.526	-86.663	97.871
72	N72	C14	protein	1	0.7975	-83.816	-81.571	294.655
73	N73	C3	transcript	1	0.7818	-49.048	202.936	127.473
74	N74	C34	metabolite	1	0.4110	-129.325	63.430	-52.249
75	N75	C16	bridge	1	0.9885	159.858	-38.736	167.208
76	N76	C34	protein	1	0.6060	-168.260	57.829	-106.933
77	N77	C0	transcript	10	0.4814	-156.083	-112.310	-84.779
78	N78	C28	metabolite	1	0.7229	70.768	-86.008	160.163
79	N79	C30	bridge	4	0.7966	-294.613	-63.823	50.746
80	N80	C25	protein	1	0.8759	-175.059	-181.448	-85.325
81	N81	C28	transcript	3	0.4096	44.818	-89.549	125.067
82	N82	C14	metabolite	1	0.1964	-30.011	-33.841	168.761
83	N83	C3	bridge	1	0.2075	-21.892	237.549	158.302
84	N84	C9	protein	1	0.4608	287.171	-288.479	205.388
85	N85	C23	transcript	2	0.8104	104.748	-28.121	-24.059
86	N86	C24	metabolite	2	0.2785	-116.735	-37.954	-73.565
87	N87	C1	bridge	1	0.5261	-25.350	-306.823	45.732
88	N88	C33	protein	1	0.2722	235.907	-148.740	94.198
89	N89	C9	transcript	2	0.9641	190.111	-264.331	182.084
90	N90	C19	metabolite	1	0.5065	95.364	119.356	-150.857
91	N91	C24	bridge	2	0.0701	-90.387	-59.872	-59.142
92	N92	C12	protein	30	0.8035	43.564	67.676	149.176
93	N93	C34	transcript	1	0.7392	-51.476	57.963	-113.846
94	N94	C8	metabolite	1	0.9433	-11.352	-53.490	-56.645
95	N95	C38	bridge	1	0.5809	-117.118	-37.055	26.854
96	N96	C35	protein	1	0.4119	-171.080	24.832	-43.091
97	N97	C9	transcript	7	0.7152	268.915	-247.293	205.376
98	N98	C7	metabolite	1	0.6161	-53.759	56.397	110.069
99	N99	C15	bridge	1	0.2429	-131.560	96.655	-62.064
100	N100	C37	protein	1	0.6884	-103.738	-33.075	69.067
101	N101	C18	transcript	2	0.1168	-12.173	57.568	75.114
102	N102	C5	metabolite	1	0.3398	109.403	55.533	-138.515
103	N103	C20	bridge	1	0.2255	52.882	118.371	95.912
104	N104	C17	protein	5	0.1987	229.176	-125.792	-57.738
105	N105	C27	transcript	1	0.4904	-71.210	54.802	67.481
106	N106	C9	metabolite	1	0.3199	210.836	-274.839	187.992
107	N107	C9	bridge	1	0.5628	276.166	-249.417	150.899
108	N108	C5	protein	1	0.4942	56.999	14.039	-93.378
109	N109	C32	transcript	2	0.8011	128.039	6.612	52.163
110	N110	C25	metabolite	1	0.2901	-108.770	-90.273	-190.735
111	N111	C24	bridge	1	0.5274	-130.267	-22.874	-67.556
112	N112	C36	protein	3	0.6045	35.016	-33.116	228.291
113	N113	C2	transcript	2	0.8493	-136.208	-116.552	-122.650
114	N114	C12	metabolite	1	0.9282	76.112	67.209	92.602
115	N115	C25	bridge	1	0.0442	-134.018	-85.451	-126.594
116	N116	C3	protein	1	0.4718	-30.905	239.412	197.484
117	N117	C15	transcript	1	0.1904	-111.961	109.253	-58.807
118	N118	C29	metabolite	1	0.4436	-268.371	15.502	147.356
119	N119	C37	bridge	1	0.4208	1.663	8.394	115.652
120	N120	C16	protein	1	0.4291	179.497	-27.106	234.881
121	N121	C11	transcript	6	0.1783	10.546	-67.673	-11.315
122	N122	C36	metabolite	2	0.4529	1.658	-42.047	247.379
123	N123	C1	bridge	2	0.7390	-48.883	-308.258	67.996
124	N124	C18	protein	1	0.9686	-44.772	53.010	87.531
125	N125	C31	transcript	1	0.9546	-95.343	-321.938	211.269
126	N126	C10	metabolite	1	0.9952	53.666	-71.084	110.539
127	N127	C38	bridge	1	0.1068	-114.769	-91.459	38.192
128	N128	C39	protein	1	0.6611	-53.018	-131.142	-182.034
129	N129	C37	transcript	1	0.9220	-37.068	-57.014	59.043
130	N130	C31	metabolite	1	0.9433	-182.108	-356.744	131.204
131	N131	C37	bridge	3	0.9548	-42.360	-88.648	90.924
132	N132	C30	protein	1	0.3666	-247.407	-44.067	75.981
133	N133	C5	transcript	2	0.2088	52.194	89.962	-118.430
134	N134	C35	metabolite	2	0.6531	-220.656	82.806	-8.333
135	N135	C2	bridge	1	0.3138	-49.879	-140.326	-140.848
136	N136	C4	protein	1	0.6223	54.572	4.831	120.107
137	N137	C24	transcript	1	0.8753	-119.529	-51.060	-72.427
138	N138	C24	metabolite	2	0.1130	-145.671	-19.617	-46.184
139	N139	C39	bridge	1	0.9408	-89.046	-134.346	-116.292
140	N140	C16	protein	4	0.0346	162.276	-73.340	174.721
141	N141	C35	transcript	1	0.8362	-214.372	145.138	11.515
142	N142	C39	metabolite	1	0.0953	-36.079	-100.695	-158.364
143	N143	C33	bridge	1	0.6603	266.110	-180.084	124.721
144	N144	C14	protein	1	0.8099	-57.562	-55.848	333.830
145	N145	C4	transcript	1	0.2508	143.709	33.495	148.034
146	N146	C10	metabolite	1	0.4691	9.597	-169.547	87.949
147	N147	C3	bridge	1	0.0560	23.114	231.603	176.944
148	N148	C22	protein	1	0.9435	-75.113	170.855	15.242
149	N149	C39	transcript	3	0.2419	-47.399	-166.734	-131.722
150	N150	C27	metabolite	2	0.2435	-45.413	85.499	112.181
151	N151	C34	bridge	1	0.3203	-44.766	77.259	-116.137
152	N152	C25	protein	3	0.1584	-121.786	-67.062	-120.083
153	N153	C6	transcript	2	0.1395	-7.515	-105.083	-72.406
154	N154	C24	metabolite	1	0.3179	-79.869	-6.364	-79.564
155	N155	C2	bridge	2	0.5412	-123.094	-166.499	-269.321
156	N156	C37	protein	6	0.4385	-2.643	58.287	53.896
157	N157	C21	transcript	1	0.8117	-167.407	56.918	-57.045
158	N158	C21	metabolite	1	0.2093	-166.534	62.988	-17.814
159	N159	C14	bridge	1	0.5733	-95.558	-176.169	292.657
160	N160	C36	protein	1	0.2686	4.979	-52.318	180.813
161	N161	C34	transcript	1	0.4966	-111.680	155.576	-138.145
162	N162	C4	metabolite	1	0.8931	69.312	109.535	158.148
163	N163	C29	bridge	1	0.9661	-124.923	109.672	88.066
164	N164	C34	protein	6	0.3816	-67.319	101.497	-58.750
165	N165	C34	transcript	1	0.3059	-143.394	99.645	-120.080
166	N166	C21	metabolite	2	0.5257	-179.505	72.252	-70.999
167	N167	C25	bridge	1	0.2343	-167.027	-102.860	-136.145
168	N168	C4	protein	3	0.1140	19.004	-4.331	171.649
169	N169	C37	transcript	2	0.5097	19.509	-36.007	26.835
170	N170	C11	metabolite	1	0.1180	-71.155	-10.090	87.246
171	N171	C38	bridge	1	0.2531	-90.111	36.254	95.434
172	N172	C28	protein	3	0.2296	99.043	-124.040	192.453
173	N173	C4	transcript	1	0.3342	82.085	-14.366	155.781
174	N174	C10	metabolite	1	0.9884	-1.381	-102.101	133.971
175	N175	C7	bridge	1	0.6449	-5.578	83.220	74.880
176	N176	C24	protein	1	0.2790	-71.987	-4.175	-44.608
177	N177	C9	transcript	1	0.8369	244.446	-242.520	150.170
178	N178	C24	metabolite	1	0.1568	-103.036	-99.727	-91.549
179	N179	C18	bridge	1	0.9303	-49.038	60.772	112.834
180	N180	C5	protein	6	0.9529	68.542	56.808	-108.131
181	N181	C22	transcript	1	0.7482	-36.076	78.982	84.880
182	N182	C38	metabolite	1	0.0055	-104.730	-7.687	109.785
183	N183	C28	bridge	1	0.8789	-2.853	0.754	98.536
184	N184	C32	protein	20	0.9821	163.872	-6.748	-106.542
185	N185	C19	transcript	4	0.5251	22.830	84.787	-157.950
186	N186	C35	metabolite	3	0.4770	-191.202	154.619	-60.805
187	N187	C0	bridge	2	0.9911	-189.006	-100.494	-118.468
188	N188	C14	protein	1	0.7631	7.690	5.236	258.588
189	N189	C22	transcript	1	0.6086	10.692	30.441	15.639
190	N190	C6	metabolite	1	0.7650	20.268	-129.937	10.466
191	N191	C5	bridge	15	0.0358	97.816	50.854	-210.954
192	N192	C13	protein	1	0.6458	-132.340	-80.952	-64.502
193	N193	C21	transcript	1	0.7152	-180.240	38.054	-25.803
194	N194	C21	metabolite	1	0.2553	-126.325	99.366	-25.761
195	N195	C26	bridge	1	0.1916	-64.139	-5.604	55.124
196	N196	C39	protein	1	0.2083	-44.735	-150.698	-184.090
197	N197	C2	transcript	1	0.1510	-64.230	-69.789	-191.778
198	N198	C4	metabolite	1	0.7264	129.108	38.540	148.011
199	N199	C1	bridge	1	0.9232	-126.550	-168.715	58.846
200	N200	C9	protein	14	0.0592	273.101	-243.965	205.161
201	N201	C11	transcript	1	0.9247	-81.502	49.012	33.621
202	N202	C0	metabolite	3	0.5749	-144.009	-81.643	-58.785
203	N203	C2	bridge	1	0.3089	-89.564	-106.591	-180.080
204	N204	C5	protein	1	0.6303	71.767	49.879	-26.569
205	N205	C7	transcript	1	0.9672	-16.662	136.271	11.913
206	N206	C27	metabolite	1	0.5422	-22.083	27.877	57.024
207	N207	C7	bridge	1	0.4914	-96.541	203.416	109.827
208	N208	C7	protein	1	0.7113	-8.192	139.194	14.884
209	N209	C37	transcript	2	0.9125	-85.885	-40.585	46.695
210	N210	C3	metabolite	1	0.3601	-17.735	189.083	164.668
211	N211	C39	bridge	1	0.5760	-23.333	-139.675	-184.726
212	N212	C1	protein	1	0.5587	-87.350	-158.100	28.237
213	N213	C32	transcript	2	0.0862	231.210	-47.181	-66.792
214	N214	C2	metabolite	2	0.6968	-139.023	-24.498	-152.352
215	N215	C12	bridge	14	0.4283	54.575	68.904	154.139
216	N216	C1	protein	2	0.0843	-36.195	-213.397	54.654
217	N217	C37	transcript	2	0.5952	-111.401	6.661	82.280
218	N218	C12	metabolite	1	0.9874	56.301	77.751	125.168
219	N219	C27	bridge	9	0.0547	-64.431	143.459	95.830
220	N220	C24	protein	3	0.4837	-96.359	-82.635	-72.263
221	N221	C37	transcript	2	0.1001	-52.117	-1.190	62.890
222	N222	C30	metabolite	1	0.1730	-272.358	-9.342	49.238
223	N223	C19	bridge	3	0.5388	44.085	70.990	-131.112
224	N224	C8	protein	1	0.4168	-12.874	-81.541	-115.188
225	N225	C23	transcript	1	0.3885	122.073	55.187	-51.868
226	N226	C30	metabolite	3	0.1907	-253.268	-56.666	115.202
227	N227	C19	bridge	4	0.0609	24.123	34.393	-226.748
228	N228	C9	protein	1	0.8655	222.803	-251.585	216.355
229	N229	C11	transcript	2	0.2174	-18.476	12.434	111.115
230	N230	C23	metabolite	2	0.8069	62.080	-27.283	-3.250
231	N231	C3	bridge	1	0.8049	-10.920	258.377	175.561
232	N232	C14	protein	2	0.4037	-28.914	-132.206	316.934
233	N233	C26	transcript	1	0.9125	-47.485	-90.781	8.725
234	N234	C22	metabolite	1	0.6482	-16.884	74.647	155.550
235	N235	C2	bridge	1	0.3060	-99.561	-72.425	-42.146
236	N236	C2	protein	3	0.7164	-68.193	-161.040	-109.916
237	N237	C34	transcript	1	0.0813	2.785	89.804	-154.700
238	N238	C18	metabolite	1	0.3837	-82.947	84.210	89.148
239	N239	C12	bridge	1	0.0079	44.472	78.079	93.117
240	N240	C27	protein	1	0.3890	-50.073	71.875	107.877
241	N241	C3	transcript	4	0.7120	-8.497	238.179	137.659
242	N242	C11	metabolite	1	0.8648	-94.407	46.074	83.083
243	N243	C14	bridge	1	0.2906	-46.027	-94.526	315.176
244	N244	C26	protein	2	0.0108	-71.058	-102.946	-14.712
245	N245	C33	transcript	1	0.6864	200.963	-149.179	170.925
246	N246	C14	metabolite	1	0.5149	-27.060	-139.794	200.824
247	N247	C11	bridge	2	0.8034	79.109	-72.117	88.398
248	N248	C3	protein	2	0.9032	18.393	215.521	159.588
249	N249	C33	transcript	4	0.7198	206.549	-142.364	144.920
250	N250	C0	metabolite	1	0.3905	-182.881	-105.999	-71.499
251	N251	C39	bridge	3	0.0006	-37.317	-116.019	-97.895
252	N252	C2	protein	1	0.4222	-28.617	20.211	-139.780
253	N253	C3	transcript	1	0.9605	-6.284	232.351	196.996
254	N254	C21	metabolite	1	0.3235	-144.684	85.964	-41.112
255	N255	C31	bridge	5	0.2474	-110.379	-321.337	158.443
256	N256	C39	protein	1	0.9655	-35.018	-128.935	-119.992
257	N257	C4	transcript	2	0.6447	107.165	77.691	182.392
258	N258	C35	metabolite	1	0.7022	-238.679	131.865	4.416
259	N259	C15	bridge	1	0.0269	-113.006	99.569	-79.831
260	N260	C2	protein	2	0.7794	-101.037	-71.863	-208.020
261	N261	C7	transcript	1	0.2159	-25.839	148.459	135.708
262	N262	C26	metabolite	1	0.6168	-53.989	-28.385	161.452
263	N263	C39	bridge	1	0.6420	-20.987	-108.309	-128.974
264	N264	C8	protein	2	0.9775	-75.142	-109.604	-147.977
265	N265	C14	transcript	4	0.2976	-183.527	-93.421	358.197
266	N266	C29	metabolite	1	0.6758	-325.956	62.250	2.187
267	N267	C20	bridge	2	0.6031	26.843	94.794	-32.044
268	N268	C21	protein	6	0.4361	-165.650	91.464	-66.500
269	N269	C9	transcript	1	0.6842	260.822	-250.186	195.301
270	N270	C9	metabolite	1	0.5885	303.506	-280.784	200.198
271	N271	C33	bridge	1	0.7534	203.753	-180.547	122.093
272	N272	C4	protein	1	0.2507	72.616	47.772	145.355
273	N273	C17	transcript	1	0.2735	75.256	41.820	-126.555
274	N274	C30	metabolite	4	0.4590	-234.185	-66.466	19.812
275	N275	C18	bridge	1	0.7457	-77.137	67.523	139.824
276	N276	C14	protein	1	0.0705	0.538	-88.696	288.547
277	N277	C20	transcript	3	0.7943	36.047	86.054	114.141
278	N278	C31	metabolite	1	0.7585	-145.175	-346.897	127.521
279	N279	C30	bridge	3	0.5973	-232.557	-83.912	54.220
280	N280	C24	protein	1	0.4219	-113.891	-66.012	-53.138
281	N281	C4	transcript	2	0.3494	109.209	-32.160	207.317
282	N282	C34	metabolite	1	0.3179	-38.491	131.002	-106.226
283	N283	C11	bridge	1	0.8244	-70.639	53.144	74.228
284	N284	C32	protein	1	0.9661	180.638	-5.278	-11.417
285	N285	C7	transcript	2	0.1901	-84.533	82.756	24.112
286	N286	C12	metabolite	1	0.1887	107.377	49.595	117.298
287	N287	C2	bridge	4	0.9531	-70.938	15.169	-167.217
288	N288	C20	protein	1	0.9661	78.179	18.104	99.076
289	N289	C13	transcript	3	0.0804	-157.018	-92.405	33.894
290	N290	C18	metabolite	2	0.2751	-0.718	69.814	154.032
291	N291	C28	bridge	1	0.5882	-3.108	-131.128	191.881
292	N292	C23	protein	1	0.2671	165.004	10.785	21.800
293	N293	C32	transcript	1	0.3131	269.011	-15.545	-159.060
294	N294	C16	metabolite	1	0.5323	158.518	15.852	154.669
295	N295	C24	bridge	3	0.4231	-92.156	-39.939	-33.177
296	N296	C18	protein	1	0.5296	1.191	-1.851	108.946
297	N297	C22	transcript	1	0.2100	-49.697	113.577	78.333
298	N298	C2	metabolite	1	0.3214	-66.792	62.940	-57.006
299	N299	C16	bridge	1	0.3136	178.321	-35.400	158.803
300	N300	C26	protein	1	0.4698	-119.761	-86.823	78.037
301	N301	C2	transcript	3	0.8645	-53.700	-182.780	-103.615
302	N302	C2	metabolite	3	0.5725	10.111	-92.090	-233.050
303	N303	C14	bridge	1	0.3819	-133.721	-65.063	306.328
304	N304	C13	protein	1	0.2073	-134.108	-88.853	-55.337
305	N305	C12	transcript	3	0.6188	76.892	71.196	131.946
306	N306	C16	metabolite	1	0.6150	174.354	-76.193	174.801
307	N307	C17	bridge	3	0.2370	215.441	-57.852	-57.038
308	N308	C31	protein	2	0.3527	-74.850	-335.243	114.157
309	N309	C20	transcript	1	0.6287	-18.029	89.602	-9.773
310	N310	C24	metabolite	1	0.7180	-125.589	-23.221	-92.133
311	N311	C13	bridge	1	0.0787	-114.442	-71.568	-15.102
312	N312	C37	protein	1	0.3913	-124.387	-27.370	69.173
313	N313	C21	transcript	1	0.9651	-176.691	94.225	-104.936
314	N314	C11	metabolite	1	0.6327	-13.983	-130.167	141.034
315	N315	C15	bridge	1	0.1652	-119.186	77.226	-80.028
316	N316	C23	protein	2	0.7447	118.275	-39.567	-11.257
317	N317	C26	transcript	1	0.8227	4.762	-66.620	135.234
318	N318	C26	metabolite	1	0.2196	-51.696	-39.464	11.732
319	N319	C38	bridge	2	0.0954	-127.293	-91.513	6.691
320	N320	C12	protein	2	0.5321	-0.068	49.188	155.109
321	N321	C25	transcript	1	0.4468	-126.207	-78.038	-139.594
322	N322	C13	metabolite	1	0.1744	-90.372	-145.168	-64.134
323	N323	C38	bridge	1	0.2808	-77.919	15.127	-67.824
324	N324	C25	protein	1	0.7043	-159.380	-148.336	-115.430
325	N325	C17	transcript	1	0.3026	88.503	5.638	-128.885
326	N326	C13	metabolite	1	0.3719	-72.803	-109.443	-23.473
327	N327	C1	bridge	4	0.6257	-153.760	-146.559	72.029
328	N328	C8	protein	1	0.3366	-134.951	-24.898	-76.135
329	N329	C28	transcript	1	0.7740	35.999	-84.260	137.168
330	N330	C35	metabolite	1	0.3080	-196.253	-30.929	72.909
331	N331	C22	bridge	7	0.3153	17.615	73.977	103.801
332	N332	C31	protein	1	0.9098	-133.389	-399.756	122.955
333	N333	C26	transcript	1	0.1561	-61.895	-129.933	-101.283
334	N334	C27	metabolite	3	0.6729	8.382	78.286	76.069
335	N335	C12	bridge	1	0.8955	72.837	42.202	134.333
336	N336	C32	protein	2	0.9034	227.112	-73.569	-137.328
337	N337	C24	transcript	4	0.2410	-147.176	-46.300	-68.585
338	N338	C19	metabolite	1	0.9116	18.999	102.465	-173.482
339	N339	C26	bridge	5	0.9640	-18.281	-30.444	-57.321
340	N340	C22	protein	3	0.3003	-30.250	84.283	126.586
341	N341	C2	transcript	1	0.8227	-84.673	-60.431	-21.169
342	N342	C8	metabolite	2	0.9110	3.090	43.613	-6.102
343	N343	C0	bridge	1	0.7541	-174.395	-135.445	-49.152
344	N344	C5	protein	1	0.1614	28.543	62.562	-30.946
345	N345	C26	transcript	8	0.6051	58.038	-150.998	-0.168
346	N346	C23	metabolite	2	0.9361	98.855	12.170	-147.133
347	N347	C1	bridge	1	0.1448	-57.365	-282.609	101.873
348	N348	C25	protein	2	0.1465	-172.815	-106.048	-141.245
349	N349	C21	transcript	1	0.1056	-132.697	59.871	-34.668
350	N350	C10	metabolite	2	0.4786	28.179	-76.386	180.294
351	N351	C20	bridge	1	0.4788	75.689	63.447	45.302
352	N352	C20	protein	5	0.0905	5.707	164.467	39.056
353	N353	C17	transcript	1	0.3667	61.559	-78.323	-20.316
354	N354	C36	metabolite	3	0.3365	69.501	-15.292	209.420
355	N355	C9	bridge	2	0.0876	254.439	-281.614	172.188
356	N356	C11	protein	1	0.4842	2.520	-19.212	165.573
357	N357	C14	transcript	3	0.8853	-69.130	-86.360	232.497
358	N358	C1	metabolite	1	0.8684	-41.262	-195.597	86.385
359	N359	C26	bridge	2	0.2892	-24.108	-76.376	21.754
360	N360	C0	protein	1	0.5656	-152.500	-135.355	-56.400
361	N361	C12	transcript	1	0.1535	101.265	76.333	129.000
362	N362	C32	metabolite	4	0.8678	164.806	22.620	-144.603
363	N363	C27	bridge	1	0.8950	-20.001	64.249	86.482
364	N364	C37	protein	35	0.0576	46.732	-34.081	105.009
365	N365	C36	transcript	1	0.9715	27.235	-13.049	224.122
366	N366	C20	metabolite	2	0.6941	-1.507	71.965	80.686
367	N367	C8	bridge	1	0.1604	-55.096	17.882	-80.268
368	N368	C15	protein	1	0.3740	-148.924	53.892	-67.992
369	N369	C20	transcript	1	0.9852	71.183	31.644	19.594
370	N370	C19	metabolite	2	0.5340	73.156	134.598	-120.224
371	N371	C36	bridge	1	0.8228	30.591	-20.070	192.903
372	N372	C28	protein	2	0.8881	35.717	-166.417	210.076
373	N373	C3	transcript	1	0.1541	30.031	217.253	186.208
374	N374	C29	metabolite	1	0.6076	-315.619	-9.749	22.071
375	N375	C23	bridge	16	0.5728	186.399	31.303	-80.431
376	N376	C7	protein	4	0.0830	-20.439	101.422	122.089
377	N377	C3	transcript	1	0.8876	-36.700	224.649	128.806
378	N378	C8	metabolite	16	0.2290	41.891	19.197	-41.130
379	N379	C10	bridge	1	0.9150	-11.048	-77.738	82.909
380	N380	C39	protein	1	0.2913	33.297	-96.263	-117.902
381	N381	C37	transcript	15	0.8916	-42.553	-20.876	66.494
382	N382	C12	metabolite	2	0.6191	19.201	70.320	107.277
383	N383	C23	bridge	2	0.2518	271.999	-27.465	-55.248
384	N384	C27	protein	1	0.6669	-69.545	20.966	66.165
385	N385	C17	transcript	1	0.4288	142.032	-37.006	-92.243
386	N386	C4	metabolite	1	0.6648	142.112	-3.278	163.208
387	N387	C15	bridge	1	0.3007	-138.524	51.487	-39.218
388	N388	C12	protein	1	0.7948	44.497	66.015	99.675
389	N389	C19	transcript	4	0.5633	39.267	93.885	-112.293
390	N390	C33	metabolite	1	0.1065	198.763	-204.423	118.070
391	N391	C39	bridge	1	0.8764	4.173	-149.941	-140.091
392	N392	C18	protein	1	0.0474	-60.809	4.855	119.556
393	N393	C23	transcript	1	0.2402	73.417	-112.143	-90.341
394	N394	C1	metabolite	1	0.8776	-42.631	-205.742	52.951
395	N395	C12	bridge	1	0.7817	79.747	49.250	158.849
396	N396	C38	protein	1	0.6627	-97.686	-100.615	48.331
397	N397	C17	transcript	1	0.5276	80.657	-98.200	-139.469
398	N398	C26	metabolite	4	0.8134	-84.700	-7.687	72.104
399	N399	C13	bridge	5	0.1796	-151.600	-93.496	0.025
400	N400	C1	protein	1	0.3840	-25.038	-254.310	91.233
401	N401	C28	transcript	1	0.4814	122.126	-131.963	137.232
402	N402	C20	metabolite	2	0.4034	-38.711	92.497	9.528
403	N403	C0	bridge	1	0.5392	-163.898	-112.145	-117.173
404	N404	C36	protein	3	0.5858	33.605	-8.600	252.002
405	N405	C8	transcript	1	0.6337	12.071	18.889	-118.233
406	N406	C10	metabolite	3	0.8801	55.745	-107.877	132.619
407	N407	C23	bridge	7	0.7947	92.306	42.029	-9.441
408	N408	C20	protein	3	0.6986	66.755	129.164	56.776
409	N409	C0	transcript	1	0.8326	-154.787	-126.720	-62.031
410	N410	C17	metabolite	2	0.7005	148.512	-78.008	-73.829
411	N411	C26	bridge	2	0.4497	-118.871	-16.973	-46.175
412	N412	C1	protein	1	0.2656	-114.460	-315.368	144.052
413	N413	C38	transcript	1	0.8513	-117.957	-67.786	-131.110
414	N414	C19	metabolite	2	0.2203	16.964	111.220	-141.664
415	N415	C4	bridge	1	0.1542	97.810	-27.445	181.648
416	N416	C21	protein	1	0.2110	-194.193	65.416	-50.148
417	N417	C13	transcript	2	0.3848	-82.868	-92.139	-6.430
418	N418	C19	metabolite	1	0.8148	33.399	49.642	-148.447
419	N419	C13	bridge	4	0.0504	-99.868	-200.507	8.833
420	N420	C0	protein	7	0.6220	-144.601	-95.731	-108.764
421	N421	C21	transcript	1	0.8441	-172.830	64.966	-57.463
422	N422	C20	metabolite	1	0.7023	4.379	54.082	73.402
423	N423	C20	bridge	1	0.2654	143.408	235.302	-13.107
424	N424	C1	protein	1	0.2697	-65.488	-336.712	57.077
425	N425	C18	transcript	1	0.0128	-47.210	86.428	146.917
426	N426	C15	metabolite	4	0.9939	-135.728	34.593	-63.795
427	N427	C21	bridge	6	0.2705	-173.980	132.055	-43.070
428	N428	C4	protein	1	0.1488	2.435	21.240	145.476
429	N429	C12	transcript	1	0.7851	81.156	50.996	138.638
430	N430	C35	metabolite	2	0.2999	-215.627	106.572	-22.009
431	N431	C14	bridge	1	0.1682	-248.193	-47.845	376.569
432	N432	C27	protein	1	0.6871	-35.871	76.638	89.395
433	N433	C10	transcript	1	0.1171	31.458	-184.334	152.113
434	N434	C31	metabolite	1	0.2515	-149.458	-317.132	98.434
435	N435	C6	bridge	1	0.7357	98.711	-115.760	-48.254
436	N436	C6	protein	2	0.4084	37.148	-79.779	-30.764
437	N437	C39	transcript	1	0.1024	-23.521	-142.835	-179.709
438	N438	C21	metabolite	1	0.3874	-176.354	52.219	-52.949
439	N439	C34	bridge	2	0.3659	-93.278	111.097	-141.092
440	N440	C24	protein	1	0.8451	-118.617	-51.915	-53.542
441	N441	C19	transcript	1	0.4177	44.054	115.435	-204.582
442	N442	C5	metabolite	7	0.2363	27.853	138.313	-86.728
443	N443	C17	bridge	1	0.9727	144.062	52.122	-18.243
444	N444	C18	protein	1	0.0449	-59.928	20.492	126.656
445	N445	C7	transcript	2	0.6923	2.463	170.510	22.917
446	N446	C36	metabolite	1	0.5567	20.601	-36.169	195.036
447	N447	C20	bridge	2	0.8797	-50.312	35.076	15.249
448	N448	C36	protein	3	0.5717	43.839	-42.299	245.883
449	N449	C4	transcript	1	0.8538	62.130	-11.629	113.872
450	N450	C8	metabolite	1	0.5082	-49.851	-36.505	-58.804
451	N451	C13	bridge	2	0.1172	-84.967	-81.303	16.554
452	N452	C29	protein	1	0.0619	-198.371	29.701	70.568
453	N453	C28	transcript	3	0.7279	77.031	-83.760	229.326
454	N454	C26	metabolite	1	0.4643	-30.211	-56.389	75.735
455	N455	C34	bridge	4	0.0049	-132.532	106.499	-119.504
456	N456	C9	protein	4	0.3234	257.085	-257.474	161.769
457	N457	C13	transcript	1	0.0687	-34.939	-89.433	-78.033
458	N458	C3	metabolite	3	0.3560	31.873	219.108	125.644
459	N459	C29	bridge	1	0.0788	-343.352	98.192	175.928
460	N460	C31	protein	1	0.0657	-107.930	-452.993	86.083
461	N461	C10	transcript	1	0.3426	0.564	-142.590	149.143
462	N462	C38	metabolite	2	0.7225	-54.568	81.598	44.637
463	N463	C36	bridge	2	0.1240	16.418	-82.353	256.505
464	N464	C29	protein	1	0.4187	-185.170	125.108	17.443
465	N465	C27	transcript	1	0.4739	-10.823	117.312	158.018
466	N466	C8	metabolite	1	0.6030	1.202	-39.940	-119.957
467	N467	C28	bridge	1	0.6268	136.814	-78.818	162.318
468	N468	C15	protein	1	0.7100	-137.790	92.009	-56.584
469	N469	C2	transcript	1	0.5328	-51.318	-82.935	-183.939
470	N470	C34	metabolite	4	0.1472	-145.534	113.451	-104.758
471	N471	C6	bridge	1	0.9148	40.609	-100.933	-44.663
472	N472	C33	protein	1	0.4581	172.860	-163.900	133.074
473	N473	C0	transcript	3	0.9507	-165.434	-102.328	-76.116
474	N474	C0	metabolite	2	0.0425	-200.897	-122.901	-100.945
475	N475	C21	bridge	2	0.6674	-161.956	82.194	-75.177
476	N476	C38	protein	2	0.8091	-183.646	-3.636	-36.875
477	N477	C24	transcript	1	0.4115	-158.904	-63.664	-65.670
478	N478	C0	metabolite	1	0.9415	-84.383	-153.494	-45.177
479	N479	C26	bridge	1	0.8545	-62.442	14.242	86.851
480	N480	C7	protein	1	0.9573	-30.996	133.740	65.924
481	N481	C27	transcript	1	0.9500	-44.156	71.593	158.640
482	N482	C22	metabolite	1	0.5366	-124.300	181.821	38.650
483	N483	C13	bridge	1	0.2968	-127.176	-75.735	-47.805
484	N484	C22	protein	1	0.8133	34.922	69.301	96.015
485	N485	C1	transcript	3	0.6974	-78.919	-151.333	84.533
486	N486	C31	metabolite	1	0.2098	-97.455	-332.661	118.152
487	N487	C35	bridge	2	0.3689	-157.715	111.772	-127.880
488	N488	C28	protein	1	0.5914	70.020	-136.154	175.129
489	N489	C3	transcript	1	0.2080	-19.461	220.327	155.012
490	N490	C27	metabolite	1	0.8746	-15.912	104.024	80.577
491	N491	C20	bridge	1	0.7920	4.510	158.103	77.555
492	N492	C35	protein	1	0.9485	-225.255	101.988	-123.465
493	N493	C14	transcript	1	0.3707	-75.934	-96.569	242.410
494	N494	C27	metabolite	1	0.8305	-20.283	81.386	89.617
495	N495	C27	bridge	1	0.4230	-23.555	77.506	88.195
496	N496	C25	protein	1	0.0534	-142.503	-156.434	-187.308
497	N497	C1	transcript	1	0.8894	-21.004	-189.982	0.923
498	N498	C23	metabolite	3	0.0299	161.493	42.584	-60.855
499	N499	C14	bridge	3	0.9683	-93.128	-126.194	365.932
500	N500	C21	protein	1	0.9697	-144.599	69.598	-14.492
501	N501	C22	transcript	1	0.9758	-51.893	101.793	84.217
502	N502	C18	metabolite	1	0.9916	-11.431	14.483	135.248
503	N503	C32	bridge	33	0.1867	89.540	21.804	-11.308
504	N504	C39	protein	1	0.3299	-9.062	-116.729	-159.359
505	N505	C38	transcript	4	0.6429	-32.478	-30.087	24.169
506	N506	C28	metabolite	14	0.7333	91.914	-212.775	168.813
507	N507	C28	bridge	4	0.2265	22.858	-45.398	188.010
508	N508	C0	protein	1	0.8602	-112.262	-122.489	-44.717
509	N509	C2	transcript	3	0.5319	-32.442	-148.459	-79.004
510	N510	C39	metabolite	2	0.0014	3.274	-138.609	-135.160
511	N511	C25	bridge	68	0.5469	-138.131	-166.375	-104.221
512	N512	C0	protein	1	0.6172	-84.898	-111.248	-71.503
513	N513	C3	transcript	1	0.5362	-1.103	199.685	168.969
514	N514	C12	metabolite	1	0.5816	97.614	66.110	102.089
515	N515	C12	bridge	3	0.8246	28.962	98.171	200.626
516	N516	C3	protein	1	0.2149	-26.416	254.762	162.962
517	N517	C24	transcript	1	0.4430	-87.706	-82.015	-42.515
518	N518	C21	metabolite	2	0.6596	-151.712	73.224	-48.642
519	N519	C39	bridge	13	0.1320	-49.610	-131.877	-130.197
520	N520	C23	protein	1	0.2029	166.575	107.131	-29.554
521	N521	C9	transcript	1	0.9639	283.448	-257.888	176.340
522	N522	C15	metabolite	1	0.5418	-157.400	60.226	-74.110
523	N523	C23	bridge	6	0.7741	198.767	30.693	-58.999
524	N524	C25	protein	1	0.8984	-111.970	-73.034	-121.753
525	N525	C31	transcript	1	0.7452	-107.436	-357.681	183.487
526	N526	C32	metabolite	13	0.0279	171.543	-92.933	-39.674
527	N527	C10	bridge	4	0.6581	79.498	-122.074	90.072
528	N528	C22	protein	2	0.1233	19.518	111.368	101.900
529	N529	C29	transcript	1	0.5413	-247.144	63.876	91.593
530	N530	C27	metabolite	1	0.3929	-10.128	94.566	83.446
531	N531	C0	bridge	1	0.1353	-162.434	-129.535	-111.168
532	N532	C35	protein	1	0.4860	-153.742	30.859	-76.761
533	N533	C34	transcript	1	0.7337	-122.024	66.003	-152.663
534	N534	C32	metabolite	2	0.4022	229.285	-12.669	10.371
535	N535	C6	bridge	12	0.8929	62.232	-114.273	-22.656
536	N536	C19	protein	1	0.9665	-46.698	75.120	-161.932
537	N537	C7	transcript	1	0.0417	-75.546	81.399	119.518
538	N538	C30	metabolite	3	0.3833	-200.224	-19.623	45.108
539	N539	C5	bridge	1	0.0704	-1.795	137.245	-149.758
540	N540	C10	protein	2	0.3501	25.162	-63.807	124.807
541	N541	C35	transcript	1	0.0133	-147.636	97.875	-101.670
542	N542	C33	metabolite	1	0.2752	166.118	-137.554	160.833
543	N543	C0	bridge	1	0.6610	-160.415	-149.805	-83.528
544	N544	C17	protein	3	0.8878	163.435	-91.023	-108.502
545	N545	C21	transcript	2	0.4896	-166.012	59.512	-77.165
546	N546	C18	metabolite	1	0.8521	-103.704	55.562	148.426
547	N547	C27	bridge	1	0.1601	-21.792	81.344	141.709
548	N548	C7	protein	1	0.4538	-19.849	146.574	7.975
549	N549	C12	transcript	1	0.4254	22.723	59.415	107.008
550	N550	C2	metabolite	1	0.9932	-98.950	-103.234	-136.148
551	N551	C27	bridge	3	0.1107	-69.578	88.368	120.168
552	N552	C22	protein	1	0.6525	-38.984	55.757	107.374
553	N553	C10	transcript	1	0.5517	30.592	-142.974	162.826
554	N554	C3	metabolite	3	0.6949	37.667	193.894	139.263
555	N555	C18	bridge	4	0.0792	-51.168	18.470	101.127
556	N556	C22	protein	1	0.4436	13.710	80.388	132.065
557	N557	C39	transcript	1	0.7628	-40.613	-165.600	-136.787
558	N558	C33	metabolite	2	0.2864	237.095	-131.315	86.386
559	N559	C29	bridge	1	0.1242	-320.496	129.512	36.023
560	N560	C0	protein	1	0.4650	-162.939	-115.346	-55.811
561	N561	C32	transcript	1	0.1257	162.894	29.795	-101.797
562	N562	C26	metabolite	1	0.2451	-105.214	-101.706	80.898
563	N563	C1	bridge	2	0.0448	-22.693	-230.826	23.261
564	N564	C25	protein	1	0.1000	-116.994	-119.756	-103.040
565	N565	C25	transcript	2	0.4333	-75.887	-123.292	-204.071
566	N566	C29	metabolite	1	0.1200	-177.766	48.083	9.625
567	N567	C21	bridge	1	0.6341	-164.625	42.105	-34.265
568	N568	C1	protein	2	0.8927	-0.147	-182.701	60.959
569	N569	C35	transcript	1	0.3154	-222.710	155.606	-62.647
570	N570	C21	metabolite	7	0.4145	-169.506	74.554	-25.467
571	N571	C20	bridge	1	0.0652	-46.155	155.475	134.874
572	N572	C37	protein	1	0.0120	-136.425	15.892	97.343
573	N573	C39	transcript	2	0.9627	-49.281	-128.961	-147.446
574	N574	C24	metabolite	3	0.6916	-76.517	-83.803	-43.274
575	N575	C26	bridge	5	0.6296	60.153	-41.640	7.143
576	N576	C4	protein	1	0.9065	-2.360	28.506	219.705
577	N577	C17	transcript	12	0.1007	169.869	-51.102	-111.068
578	N578	C19	metabolite	9	0.6692	10.454	-11.133	-174.390
579	N579	C36	bridge	1	0.8405	7.064	-32.854	204.301
580	N580	C22	protein	1	0.0672	-75.104	110.604	102.312
581	N581	C34	transcript	1	0.4993	-42.191	113.002	-132.724
582	N582	C30	metabolite	1	0.1806	-278.486	-54.269	22.859
583	N583	C17	bridge	6	0.3910	95.919	9.751	-83.266
584	N584	C25	protein	1	0.1354	-117.565	-111.689	-154.308
585	N585	C32	transcript	1	0.5615	127.484	-5.510	-64.741
586	N586	C10	metabolite	2	0.7678	117.836	-82.096	168.306
587	N587	C2	bridge	1	0.7330	-89.446	-17.085	-94.582
588	N588	C12	protein	2	0.3528	9.650	75.359	147.212
589	N589	C5	transcript	1	0.1955	-43.548	115.043	-109.819
590	N590	C3	metabolite	1	0.2398	3.178	245.127	149.728
591	N591	C2	bridge	1	0.7877	-34.788	-32.358	-131.551
592	N592	C31	protein	1	0.1289	-116.793	-362.152	112.745
593	N593	C4	transcript	1	0.2003	78.656	-40.006	157.723
594	N594	C20	metabolite	1	0.0970	-23.464	143.035	50.267
595	N595	C28	bridge	5	0.2729	25.466	-81.624	183.860
596	N596	C34	protein	1	0.4266	-95.338	97.898	-147.990
597	N597	C17	transcript	1	0.2366	149.779	-99.966	-49.484
598	N598	C15	metabolite	1	0.5066	-49.456	137.519	-92.535
599	N599	C35	bridge	1	0.2245	-176.015	86.218	-45.169
600	N600	C20	protein	1	0.9094	-47.382	139.780	103.307
601	N601	C13	transcript	1	0.5365	-149.466	-44.701	15.768
602	N602	C32	metabolite	4	0.7520	193.056	-88.190	16.536
603	N603	C19	bridge	1	0.4808	87.808	65.168	-161.892
604	N604	C3	protein	2	0.6805	-38.639	199.436	170.660
605	N605	C23	transcript	1	0.7130	206.503	30.585	-18.557
606	N606	C24	metabolite	2	0.3264	-118.193	-89.049	-68.460
607	N607	C34	bridge	1	0.1129	-108.619	131.847	-162.314
608	N608	C9	protein	1	0.2225	183.267	-220.054	225.528
609	N609	C0	transcript	1	0.1464	-99.211	-125.710	-127.069
610	N610	C9	metabolite	2	0.0770	236.076	-293.942	198.762
611	N611	C22	bridge	7	0.7194	-5.983	133.920	60.926
612	N612	C23	protein	1	0.6462	94.584	9.023	-59.051
613	N613	C38	transcript	1	0.7123	-109.486	79.827	-45.482
614	N614	C7	metabolite	8	0.9409	13.144	165.227	64.596
615	N615	C18	bridge	3	0.2864	-57.950	17.446	111.935
616	N616	C30	protein	3	0.1578	-253.641	-77.090	110.029
617	N617	C2	transcript	1	0.2219	-77.458	-168.645	-163.477
618	N618	C39	metabolite	1	0.1212	-37.468	-137.810	-169.739
619	N619	C32	bridge	4	0.2547	253.429	36.770	-35.973
620	N620	C39	protein	7	0.2093	-59.993	-141.151	-145.139
621	N621	C21	transcript	2	0.1960	-149.912	57.532	-99.791
622	N622	C29	metabolite	1	0.4168	-220.342	85.070	67.285
623	N623	C26	bridge	1	0.4162	-50.397	-12.720	52.422
624	N624	C6	protein	1	0.9176	24.691	-100.641	-28.579
625	N625	C33	transcript	2	0.3070	229.185	-173.917	100.375
626	N626	C16	metabolite	1	0.2690	131.573	-6.783	145.275
627	N627	C30	bridge	5	0.5883	-209.161	-41.975	55.388
628	N628	C8	protein	1	0.5252	-47.092	-45.975	48.384
629	N629	C36	transcript	1	0.0257	21.970	-46.906	241.814
630	N630	C22	metabolite	1	0.0272	10.743	87.356	141.524
631	N631	C39	bridge	1	0.7024	-95.108	-93.689	-85.877
632	N632	C31	protein	1	0.3842	-146.409	-301.970	102.706
633	N633	C0	transcript	1	0.6772	-132.449	-132.328	-49.376
634	N634	C18	metabolite	2	0.6068	6.399	6.655	126.440
635	N635	C19	bridge	1	0.6860	46.441	94.057	-60.700
636	N636	C19	protein	1	0.0363	-9.734	99.621	-218.425
637	N637	C33	transcript	2	0.2403	192.046	-160.406	152.848
638	N638	C21	metabolite	2	0.3295	-144.869	125.882	-56.934
639	N639	C30	bridge	1	0.3302	-246.504	-83.329	27.973
640	N640	C9	protein	1	0.8480	277.045	-228.773	179.051
641	N641	C1	transcript	1	0.5143	-113.411	-228.484	82.870
642	N642	C22	metabolite	18	0.8225	2.200	137.642	131.982
643	N643	C27	bridge	1	0.0789	-56.040	92.267	100.526
644	N644	C1	protein	3	0.7242	-131.689	-252.139	140.791
645	N645	C23	transcript	1	0.7555	255.719	28.293	-107.209
646	N646	C11	metabolite	1	0.4577	-41.234	42.693	81.738
647	N647	C12	bridge	2	0.5482	56.970	58.370	133.027
648	N648	C27	protein	1	0.3025	-54.471	34.104	91.868
649	N649	C37	transcript	1	0.1329	-142.313	27.549	97.739
650	N650	C25	metabolite	1	0.4769	-108.175	-102.878	-59.430
651	N651	C19	bridge	2	0.9050	94.127	166.430	-176.219
652	N652	C16	protein	39	0.0855	247.999	-56.169	190.572
653	N653	C14	transcript	1	0.0858	-138.057	-55.064	287.642
654	N654	C14	metabolite	1	0.5207	-11.967	-118.921	314.009
655	N655	C38	bridge	1	0.2663	-143.218	-63.969	83.827
656	N656	C7	protein	1	0.9874	-51.726	131.263	23.224
657	N657	C30	transcript	4	0.0598	-259.900	-95.376	76.365
658	N658	C29	metabolite	1	0.4403	-265.507	-14.775	-18.907
659	N659	C4	bridge	1	0.9232	70.921	-10.700	132.905
660	N660	C1	protein	1	0.3254	-87.333	-211.788	65.180
661	N661	C6	transcript	11	0.0986	1.297	-130.576	-43.020
662	N662	C29	metabolite	1	0.0752	-219.450	-63.938	24.860
663	N663	C7	bridge	1	0.0720	-70.445	102.033	57.899
664	N664	C29	protein	1	0.4813	-221.649	95.345	228.326
665	N665	C31	transcript	1	0.2465	-168.133	-345.145	159.966
666	N666	C7	metabolite	1	0.9682	-23.046	110.387	23.026
667	N667	C4	bridge	1	0.1471	-34.677	-32.825	159.872
668	N668	C6	protein	1	0.9029	53.882	-147.684	-39.729
669	N669	C39	transcript	1	0.0115	-27.458	-140.510	-140.880
670	N670	C34	metabolite	1	0.2132	-119.558	42.797	-17.679
671	N671	C24	bridge	6	0.3387	-133.861	-35.760	-81.154
672	N672	C0	protein	1	0.4772	-165.136	-113.420	-57.239
673	N673	C32	transcript	1	0.5345	110.621	31.467	-71.277
674	N674	C5	metabolite	1	0.5731	80.143	47.593	-127.122
675	N675	C30	bridge	2	0.5493	-211.271	-23.658	20.919
676	N676	C38	protein	4	0.9412	6.251	20.889	57.156
677	N677	C19	transcript	2	0.4920	8.310	121.391	-239.780
678	N678	C31	metabolite	1	0.7349	-82.848	-355.145	156.116
679	N679	C2	bridge	2	0.1317	-125.022	-43.614	-214.242
680	N680	C35	protein	51	0.2220	-250.795	7.474	84.586
681	N681	C37	transcript	1	0.3597	-83.668	12.268	20.036
682	N682	C7	metabolite	1	0.8910	-10.943	123.605	-26.903
683	N683	C12	bridge	1	0.7070	139.347	29.645	125.220
684	N684	C21	protein	1	0.4636	-153.272	88.485	-33.251
685	N685	C17	transcript	1	0.8792	170.844	-25.878	-66.051
686	N686	C9	metabolite	1	0.0335	221.092	-290.567	195.173
687	N687	C33	bridge	1	0.9916	183.227	-96.374	147.624
688	N688	C7	protein	2	0.1931	2.472	90.071	67.540
689	N689	C6	transcript	1	0.1484	27.925	-142.570	-54.867
690	N690	C37	metabolite	1	0.2892	74.022	-62.346	33.008
691	N691	C37	bridge	8	0.6649	-94.100	-43.965	156.343
692	N692	C10	protein	1	0.3109	17.257	-105.953	83.239
693	N693	C9	transcript	1	0.3753	255.127	-293.104	153.726
694	N694	C10	metabolite	2	0.6208	3.645	-118.708	45.727
695	N695	C22	bridge	1	0.4097	-25.581	74.650	73.510
696	N696	C8	protein	1	0.6427	-4.799	-91.252	-130.087
697	N697	C0	transcript	4	0.1349	-173.589	-90.991	-104.120
698	N698	C2	metabolite	2	0.2125	-71.404	-86.032	-158.385
699	N699	C15	bridge	10	0.4453	-116.767	55.425	-71.670
700	N700	C25	protein	1	0.0358	-136.385	-109.318	-103.958
701	N701	C20	transcript	1	0.2912	41.396	123.187	106.864
702	N702	C15	metabolite	1	0.2554	-104.902	78.545	-70.830
703	N703	C36	bridge	1	0.4901	26.054	-14.931	224.160
704	N704	C37	protein	1	0.6479	-51.440	-24.203	32.890
705	N705	C21	transcript	1	0.2995	-128.430	39.058	-25.904
706	N706	C4	metabolite	1	0.4440	141.311	64.201	165.312
707	N707	C39	bridge	3	0.0858	-13.612	-129.017	-87.377
708	N708	C37	protein	1	0.4711	-70.595	-55.158	3.159
709	N709	C17	transcript	1	0.7202	214.122	-38.472	-118.389
710	N710	C13	metabolite	1	0.0858	-75.630	-98.606	52.051
711	N711	C14	bridge	1	0.2578	-125.248	-116.294	237.680
712	N712	C25	protein	4	0.0073	-139.103	-137.855	-164.140
713	N713	C27	transcript	2	0.2573	-38.365	74.811	86.084
714	N714	C3	metabolite	53	0.7164	-3.809	234.302	122.129
715	N715	C19	bridge	1	0.1212	45.738	81.250	-157.269
716	N716	C0	protein	1	0.3170	-152.665	-150.701	-47.930
717	N717	C19	transcript	1	0.3862	-20.561	75.734	-132.490
718	N718	C18	metabolite	1	0.3943	-36.714	55.032	130.217
719	N719	C25	bridge	1	0.3124	-128.024	-151.360	-154.102
720	N720	C6	protein	2	0.3887	41.473	-158.725	-57.173
721	N721	C2	transcript	1	0.4172	-106.394	-8.609	-102.686
722	N722	C37	metabolite	1	0.8182	-47.559	-7.539	104.950
723	N723	C1	bridge	1	0.4947	-12.608	-267.212	23.645
724	N724	C10	protein	1	0.6761	98.887	-226.552	151.020
725	N725	C33	transcript	2	0.6078	188.729	-101.183	163.794
726	N726	C6	metabolite	1	0.0951	-0.172	-94.765	-57.291
727	N727	C17	bridge	2	0.0937	104.921	-118.432	-8.701
728	N728	C9	protein	1	0.3555	224.975	-244.861	220.496
729	N729	C28	transcript	1	0.2809	26.858	-171.840	103.571
730	N730	C1	metabolite	1	0.0593	-49.852	-264.874	70.844
731	N731	C21	bridge	2	0.5277	-162.390	108.856	-64.355
732	N732	C27	protein	1	0.3040	-22.788	50.068	72.211
733	N733	C13	transcript	1	0.7350	-74.293	-61.641	-19.777
734	N734	C21	metabolite	1	0.6161	-193.534	30.660	-50.108
735	N735	C6	bridge	2	0.8575	68.281	-111.611	-67.327
736	N736	C22	protein	1	0.3590	-10.019	66.567	85.905
737	N737	C13	transcript	1	0.2721	-130.777	-159.212	41.065
738	N738	C25	metabolite	5	0.0896	-73.953	-96.693	-179.951
739	N739	C19	bridge	1	0.4777	-0.448	91.321	-158.663
740	N740	C20	protein	2	0.3210	-6.101	164.791	121.642
741	N741	C23	transcript	1	0.5560	76.165	72.977	-130.443
742	N742	C30	metabolite	1	0.8046	-217.270	-46.681	71.062
743	N743	C35	bridge	1	0.2279	-228.122	71.088	-83.510
744	N744	C22	protein	1	0.6126	-6.830	91.091	121.071
745	N745	C6	transcript	1	0.6568	6.381	-141.774	-78.090
746	N746	C26	metabolite	3	0.0072	-60.699	-35.120	44.579
747	N747	C22	bridge	1	0.5327	26.089	48.181	112.693
748	N748	C34	protein	1	0.5058	-96.434	82.187	-190.418
749	N749	C31	transcript	1	0.0847	-65.878	-327.887	127.721
750	N750	C13	metabolite	3	0.8862	-162.524	-88.412	24.309
751	N751	C0	bridge	12	0.3943	-177.450	-92.349	-110.741
752	N752	C12	protein	1	0.8934	64.171	68.037	184.376
753	N753	C38	transcript	1	0.8544	-61.372	38.365	94.956
754	N754	C22	metabolite	8	0.3430	-56.966	157.056	108.745
755	N755	C17	bridge	2	0.1699	142.080	-15.485	-26.482
756	N756	C10	protein	1	0.1761	25.084	-114.479	84.720
757	N757	C25	transcript	1	0.7277	-112.900	-116.310	-157.523
758	N758	C35	metabolite	1	0.5215	-274.813	108.181	-70.909
759	N759	C11	bridge	2	0.1431	42.422	-107.227	124.368
760	N760	C0	protein	2	0.7669	-159.823	-135.896	-88.814
761	N761	C34	transcript	2	0.8841	-138.292	50.786	-69.038
762	N762	C5	metabolite	1	0.1958	59.709	60.743	-76.088
763	N763	C0	bridge	1	0.1751	-153.279	-123.114	-119.713
764	N764	C13	protein	1	0.0345	-141.558	-123.820	-49.902
765	N765	C13	transcript	1	0.6361	-205.345	-25.276	-52.950
766	N766	C35	metabolite	1	0.9668	-121.710	-15.683	59.555
767	N767	C22	bridge	1	0.4466	-56.698	74.596	-2.765
768	N768	C30	protein	1	0.4868	-235.848	-79.507	74.856
769	N769	C3	transcript	1	0.9905	36.881	226.034	150.370
770	N770	C7	metabolite	1	0.9377	45.214	56.420	55.525
771	N771	C13	bridge	1	0.6544	-119.859	-65.022	5.298
772	N772	C35	protein	11	0.2407	-149.596	145.573	-80.671
773	N773	C19	transcript	4	0.2297	75.853	108.420	-165.698
774	N774	C36	metabolite	4	0.1626	38.070	-51.558	227.844
775	N775	C1	bridge	2	0.5255	-133.689	-169.775	95.354
776	N776	C38	protein	1	0.6697	-162.358	23.079	-28.544
777	N777	C1	transcript	6	0.0490	-34.774	-209.855	98.548
778	N778	C15	metabolite	1	0.0386	-111.075	82.207	-81.045
779	N779	C29	bridge	1	0.2153	-150.600	43.857	-37.529
780	N780	C34	protein	1	0.0246	-101.351	99.426	-45.360
781	N781	C33	transcript	1	0.9746	163.381	-119.995	102.337
782	N782	C9	metabolite	2	0.4247	246.498	-262.836	162.919
783	N783	C4	bridge	1	0.8922	144.719	60.303	132.235
784	N784	C24	protein	1	0.1410	-131.277	-29.666	-84.238
785	N785	C6	transcript	3	0.2705	-6.621	-129.748	-25.846
786	N786	C23	metabolite	1	0.4225	117.436	-37.756	14.303
787	N787	C1	bridge	1	0.7835	-106.428	-200.465	141.208
788	N788	C20	protein	1	0.5171	80.376	88.672	-10.273
789	N789	C27	transcript	1	0.2418	-38.065	73.573	167.728
790	N790	C9	metabolite	2	0.9850	236.780	-239.982	226.100
791	N791	C9	bridge	1	0.7940	248.069	-256.608	169.993
792	N792	C26	protein	1	0.7626	-74.801	-103.447	49.220
793	N793	C8	transcript	1	0.0277	-5.211	24.939	-54.475
794	N794	C14	metabolite	1	0.5902	-143.646	9.959	324.985
795	N795	C25	bridge	1	0.1909	-115.737	-62.797	-145.275
796	N796	C20	protein	1	0.4645	-12.296	113.268	133.429
797	N797	C29	transcript	1	0.2340	-218.341	70.983	191.305
798	N798	C23	metabolite	3	0.8786	118.347	-48.764	28.513
799	N799	C13	bridge	1	0.3856	-104.186	-174.133	29.973
800	N800	C39	protein	2	0.7737	-14.683	-143.341	-115.800
801	N801	C16	transcript	1	0.7226	113.551	-53.629	143.265
802	N802	C25	metabolite	1	0.0572	-97.265	-110.304	-146.079
803	N803	C10	bridge	1	0.6321	24.350	-179.090	194.106
804	N804	C29	protein	6	0.6915	-153.226	-26.652	-35.875
805	N805	C10	transcript	3	0.2658	71.047	-107.589	102.763
806	N806	C11	metabolite	2	0.4641	113.311	-72.358	121.158
807	N807	C3	bridge	1	0.8109	0.162	241.163	148.165
808	N808	C31	protein	1	0.4980	-133.010	-358.108	131.107
809	N809	C16	transcript	1	0.4570	161.412	-42.406	126.258
810	N810	C19	metabolite	1	0.2288	1.670	128.981	-179.931
811	N811	C25	bridge	1	0.1918	-157.304	-134.526	-117.282
812	N812	C26	protein	1	0.5468	-94.088	-21.669	-4.788
813	N813	C4	transcript	1	0.5418	113.378	17.584	167.399
814	N814	C14	metabolite	1	0.1583	-16.791	-99.562	304.125
815	N815	C32	bridge	21	0.4705	265.401	26.248	-84.172
816	N816	C2	protein	1	0.6052	-76.100	-61.543	-150.737
817	N817	C38	transcript	2	0.1259	-86.529	-57.239	32.580
818	N818	C11	metabolite	1	0.8767	-19.928	-101.760	-2.960
819	N819	C8	bridge	2	0.9763	69.347	-35.294	-58.460
820	N820	C35	protein	5	0.9454	-265.268	58.556	22.424
821	N821	C8	transcript	1	0.5441	10.991	-81.246	7.440
822	N822	C24	metabolite	7	0.6259	-126.595	-72.295	-76.773
823	N823	C13	bridge	1	0.5518	-117.965	-70.913	36.275
824	N824	C18	protein	17	0.1631	-82.017	35.252	96.965
825	N825	C15	transcript	1	0.9737	-141.638	73.282	-44.778
826	N826	C34	metabolite	1	0.0416	-45.065	71.094	-96.272
827	N827	C3	bridge	2	0.5481	-66.455	205.042	151.566
828	N828	C31	protein	3	0.1711	-38.580	-333.607	57.770
829	N829	C12	transcript	1	0.6460	88.691	41.802	152.316
830	N830	C4	metabolite	4	0.0717	143.458	-12.320	197.471
831	N831	C20	bridge	1	0.5335	-64.966	80.107	2.034
832	N832	C29	protein	1	0.5390	-217.675	51.852	2.591
833	N833	C36	transcript	6	0.3484	33.700	-35.465	233.657
834	N834	C15	metabolite	1	0.2279	-153.173	82.797	-45.550
835	N835	C17	bridge	1	0.9315	136.117	-160.227	-62.435
836	N836	C16	protein	1	0.0067	191.182	-55.478	109.652
837	N837	C2	transcript	1	0.0637	-112.550	-59.127	-158.725
838	N838	C1	metabolite	2	0.5498	-51.342	-248.757	12.976
839	N839	C30	bridge	6	0.6971	-245.959	-70.315	52.518
840	N840	C11	protein	1	0.4053	3.472	-37.270	164.273
841	N841	C9	transcript	3	0.4008	257.804	-231.097	226.130
842	N842	C32	metabolite	1	0.3677	252.601	96.034	120.501
843	N843	C20	bridge	1	0.1363	-61.598	182.435	44.808
844	N844	C16	protein	2	0.2804	166.249	-66.860	209.239
845	N845	C11	transcript	1	0.2356	25.416	-19.619	60.054
846	N846	C36	metabolite	1	0.1658	46.800	21.584	201.207
847	N847	C32	bridge	1	0.8170	113.770	-72.640	-1.957
848	N848	C9	protein	3	0.4618	203.029	-297.237	184.576
849	N849	C35	transcript	1	0.6336	-276.536	28.788	-93.369
850	N850	C18	metabolite	1	0.1334	-19.675	12.118	126.355
851	N851	C4	bridge	3	0.0002	109.280	-14.857	147.629
852	N852	C37	protein	2	0.3022	-55.560	-13.746	-38.035
853	N853	C15	transcript	1	0.3691	-134.704	95.096	-66.307
854	N854	C26	metabolite	2	0.8131	-76.888	-10.752	24.054
855	N855	C9	bridge	1	0.5830	197.445	-247.546	197.657
856	N856	C23	protein	19	0.6679	170.208	18.869	-1.636
857	N857	C39	transcript	1	0.7268	-26.088	-63.220	-108.688
858	N858	C7	metabolite	1	0.4657	-36.604	49.967	83.310
859	N859	C32	bridge	62	0.0978	220.462	-6.912	-80.476
860	N860	C34	protein	2	0.7217	-108.971	133.542	-43.321
861	N861	C11	transcript	1	0.7411	119.133	-31.087	47.912
862	N862	C11	metabolite	2	0.5351	25.030	-5.749	121.341
863	N863	C13	bridge	2	0.7133	-75.683	-175.159	-17.380
864	N864	C30	protein	1	0.3576	-195.238	-72.423	68.213
865	N865	C30	transcript	2	0.2804	-250.680	-7.845	84.654
866	N866	C35	metabolite	7	0.4281	-217.482	77.282	31.379
867	N867	C0	bridge	2	0.4840	-121.351	-87.487	-88.687
868	N868	C9	protein	1	0.7898	254.951	-268.606	202.514
869	N869	C17	transcript	1	0.0956	179.999	-28.265	-82.012
870	N870	C39	metabolite	3	0.6454	-18.487	-186.318	-99.617
871	N871	C11	bridge	1	0.8804	-131.280	-111.999	15.072
872	N872	C15	protein	1	0.1696	-96.175	104.936	-115.845
873	N873	C8	transcript	1	0.2525	-26.584	-39.798	-90.607
874	N874	C17	metabolite	1	0.1303	168.825	-29.387	-18.623
875	N875	C19	bridge	1	0.0331	55.445	60.187	-176.498
876	N876	C20	protein	2	0.4544	-17.544	42.721	156.515
877	N877	C7	transcript	1	0.3202	16.269	157.569	78.103
878	N878	C2	metabolite	1	0.5943	-55.379	-77.264	-130.487
879	N879	C1	bridge	3	0.6405	-47.064	-253.593	37.046
880	N880	C5	protein	1	0.4676	-33.011	75.966	-99.664
881	N881	C34	transcript	2	0.8770	-102.973	48.767	-70.227
882	N882	C18	metabolite	4	0.3860	-39.406	52.467	128.162
883	N883	C6	bridge	1	0.0328	47.782	-92.012	-13.009
884	N884	C5	protein	1	0.9882	25.177	34.959	-26.938
885	N885	C24	transcript	3	0.3095	-115.504	-57.448	-116.551
886	N886	C38	metabolite	1	0.7837	-146.969	-31.629	81.552
887	N887	C2	bridge	2	0.6975	-17.536	-128.243	-137.932
888	N888	C5	protein	2	0.4467	170.584	144.572	-133.900
889	N889	C20	transcript	1	0.0810	32.303	121.367	66.914
890	N890	C14	metabolite	1	0.8908	-40.672	-99.581	286.094
891	N891	C6	bridge	1	0.8408	19.688	-146.023	-63.463
892	N892	C38	protein	3	0.6750	-64.749	-70.526	152.099
893	N893	C38	transcript	1	0.2935	-54.926	-78.029	67.229
894	N894	C34	metabolite	1	0.0549	-127.712	133.629	-166.104
895	N895	C27	bridge	1	0.8459	2.833	42.120	77.908
896	N896	C6	protein	1	0.4374	24.314	-153.098	-74.341
897	N897	C34	transcript	3	0.3978	-101.672	113.972	-89.603
898	N898	C15	metabolite	1	0.7860	-113.664	83.098	-103.062
899	N899	C4	bridge	1	0.5368	64.358	-18.831	107.699
900	N900	C19	protein	1	0.4067	-29.648	40.732	-141.782
901	N901	C26	transcript	2	0.7673	-3.922	57.443	18.238
902	N902	C39	metabolite	2	0.9828	-43.789	-158.056	-137.819
903	N903	C19	bridge	2	0.6127	62.990	130.332	-145.371
904	N904	C7	protein	1	0.0853	-63.503	138.905	25.391
905	N905	C27	transcript	1	0.4617	13.721	97.420	130.509
906	N906	C25	metabolite	1	0.4781	-110.130	-94.930	-106.047
907	N907	C33	bridge	1	0.2152	183.036	-137.480	123.558
908	N908	C30	protein	1	0.7097	-237.066	-29.924	75.297
909	N909	C17	transcript	1	0.9785	39.556	-14.550	-78.338
910	N910	C38	metabolite	1	0.8068	-29.878	-23.240	82.506
911	N911	C18	bridge	1	0.3330	-4.364	42.047	126.015
912	N912	C33	protein	4	0.6405	241.853	-164.841	166.279
913	N913	C30	transcript	1	0.6465	-201.181	-22.793	37.057
914	N914	C19	metabolite	1	0.0338	15.739	157.294	-213.658
915	N915	C31	bridge	1	0.3650	-92.298	-367.624	73.770
916	N916	C22	protein	1	0.8654	10.085	99.641	108.831
917	N917	C2	transcript	1	0.2499	-206.534	-17.163	-279.865
918	N918	C27	metabolite	1	0.0756	-17.687	137.347	127.101
919	N919	C36	bridge	1	0.9387	23.601	-84.771	260.466
920	N920	C10	protein	3	0.6510	-8.505	-69.116	191.624
921	N921	C30	transcript	1	0.9054	-235.473	-44.697	59.385
922	N922	C32	metabolite	1	0.1376	235.975	24.649	-175.961
923	N923	C34	bridge	1	0.1603	-85.835	70.634	-111.302
924	N924	C19	protein	1	0.5675	4.964	59.076	-202.271
925	N925	C14	transcript	2	0.0352	-89.294	-56.117	262.901
926	N926	C28	metabolite	1	0.4623	33.967	-116.572	146.847
927	N927	C6	bridge	1	0.1524	63.668	-147.269	-20.535
928	N928	C18	protein	1	0.7607	-46.880	19.627	124.151
929	N929	C15	transcript	1	0.8426	-117.042	41.748	-105.010
930	N930	C18	metabolite	1	0.9097	-57.429	20.980	102.827
931	N931	C25	bridge	1	0.0450	-94.469	-127.898	-97.308
932	N932	C18	protein	3	0.9178	-50.069	36.464	144.904
933	N933	C38	transcript	2	0.3153	-21.964	-56.076	31.649
934	N934	C16	metabolite	1	0.7628	153.890	1.458	127.759
935	N935	C0	bridge	1	0.1934	-142.058	-151.589	-86.540
936	N936	C39	protein	1	0.5031	-59.255	-170.305	-137.176
937	N937	C7	transcript	2	0.6667	-49.639	113.010	6.057
938	N938	C19	metabolite	7	0.7797	0.393	66.719	-192.083
939	N939	C10	bridge	1	0.2714	-21.410	-234.630	155.319
940	N940	C21	protein	2	0.2059	-165.426	79.946	-24.422
941	N941	C20	transcript	1	0.5479	-60.241	197.881	184.970
942	N942	C11	metabolite	1	0.2482	35.447	-18.606	61.387
943	N943	C23	bridge	1	0.5298	162.629	29.929	12.153
944	N944	C39	protein	2	0.4823	-24.080	-140.681	-109.475
945	N945	C36	transcript	1	0.5647	49.941	-55.920	245.135
946	N946	C4	metabolite	3	0.8109	115.949	48.904	136.801
947	N947	C12	bridge	2	0.3653	45.949	58.616	141.713
948	N948	C39	protein	2	0.8948	-21.926	-131.432	-117.236
949	N949	C14	transcript	1	0.4024	-77.826	-67.718	318.930
950	N950	C14	metabolite	1	0.7795	-114.959	-68.971	337.246
951	N951	C28	bridge	1	0.0922	91.059	-134.044	180.189
952	N952	C30	protein	1	0.9009	-229.037	-51.729	65.958
953	N953	C4	transcript	1	0.3708	47.136	49.142	128.629
954	N954	C14	metabolite	5	0.1103	-178.075	-139.812	369.244
955	N955	C34	bridge	1	0.9657	-70.246	165.067	-90.345
956	N956	C18	protein	1	0.6242	-72.103	30.810	130.715
957	N957	C35	transcript	1	0.6216	-91.528	65.485	1.278
958	N958	C11	metabolite	1	0.7671	48.189	-69.164	123.339
959	N959	C22	bridge	1	0.2643	-98.127	86.707	17.182
960	N960	C27	protein	1	0.8679	-48.542	61.521	99.309
961	N961	C29	transcript	4	0.4057	-229.011	64.845	25.204
962	N962	C14	metabolite	1	0.5892	-63.041	-165.327	340.240
963	N963	C20	bridge	1	0.9114	9.567	3.057	82.258
964	N964	C5	protein	1	0.9470	-58.488	73.898	-90.181
965	N965	C3	transcript	1	0.2312	-2.177	277.393	154.045
966	N966	C23	metabolite	5	0.1948	47.305	36.209	-90.422
967	N967	C35	bridge	1	0.9856	-135.559	56.046	-22.675
968	N968	C6	protein	1	0.2108	40.744	-160.835	-66.670
969	N969	C10	transcript	1	0.7081	131.528	-103.635	176.483
970	N970	C30	metabolite	1	0.9116	-276.459	8.382	80.551
971	N971	C33	bridge	1	0.9885	164.414	-89.017	157.607
972	N972	C29	protein	1	0.1427	-237.601	69.033	115.755
973	N973	C21	transcript	3	0.9486	-192.861	32.473	-49.668
974	N974	C0	metabolite	7	0.2964	-146.101	-131.631	-87.365
975	N975	C19	bridge	1	0.0070	-27.106	67.341	-87.070
976	N976	C0	protein	2	0.8219	-164.498	-106.877	-45.845
977	N977	C23	transcript	1	0.2850	82.888	3.163	41.947
978	N978	C25	metabolite	1	0.8768	-159.162	-76.552	-121.842
979	N979	C29	bridge	1	0.8008	-269.192	-73.702	67.902
980	N980	C29	protein	1	0.3192	-186.093	91.875	76.321
981	N981	C21	transcript	1	0.8358	-165.010	99.404	-46.680
982	N982	C2	metabolite	9	0.1652	-141.647	-91.182	-113.604
983	N983	C24	bridge	1	0.7660	-100.742	-43.463	-63.695
984	N984	C34	protein	2	0.5500	-114.124	85.249	-65.029
985	N985	C30	transcript	3	0.2456	-254.256	-62.956	32.236
986	N986	C33	metabolite	1	0.2777	217.128	-140.602	126.865
987	N987	C25	bridge	1	0.6440	-101.013	-154.085	-151.833
988	N988	C5	protein	2	0.8228	20.015	140.243	-102.478
989	N989	C38	transcript	1	0.4633	-174.842	-57.021	-18.978
990	N990	C39	metabolite	1	0.9972	-48.420	-150.134	-158.350
991	N991	C7	bridge	1	0.8520	-60.349	161.997	52.993
992	N992	C35	protein	1	0.2658	-161.100	-21.420	-64.948
993	N993	C29	transcript	1	0.3646	-270.120	154.386	66.302
994	N994	C29	metabolite	1	0.9389	-296.329	65.002	57.622
995	N995	C39	bridge	5	0.9084	-67.237	-87.459	-152.365
996	N996	C39	protein	1	0.8638	-62.164	-97.823	-84.412
997	N997	C26	transcript	2	0.1547	-68.907	8.149	86.565
998	N998	C6	metabolite	1	0.2036	44.566	-145.977	-97.146
999	N999	C11	bridge	4	0.9561	-55.486	-127.933	35.116
1000	N1000	C15	protein	1	0.0858	-73.751	101.336	-80.451
1001	N1001	C32	transcript	1	0.2192	121.226	76.280	-27.521
1002	N1002	C13	metabolite	1	0.3710	-180.388	-76.498	-96.445
1003	N1003	C22	bridge	1	0.3988	5.541	53.379	41.925
1004	N1004	C12	protein	1	0.4299	51.032	50.310	119.525
1005	N1005	C29	transcript	2	0.7502	-177.825	124.534	54.539
1006	N1006	C33	metabolite	1	0.5797	156.700	-138.167	76.523
1007	N1007	C33	bridge	2	0.0277	238.424	-132.566	153.212
1008	N1008	C27	protein	2	0.9121	-27.212	70.380	37.732
1009	N1009	C23	transcript	3	0.3559	277.886	-31.690	-20.816
1010	N1010	C16	metabolite	1	0.7969	200.971	-38.575	188.978
1011	N1011	C12	bridge	1	0.6874	42.083	43.762	124.878
1012	N1012	C34	protein	1	0.7580	-180.580	72.687	-163.097
1013	N1013	C17	transcript	1	0.3897	161.392	-50.938	-32.122
1014	N1014	C25	metabolite	6	0.1272	-123.881	-74.760	-49.844
1015	N1015	C8	bridge	1	0.4338	-42.474	-48.991	-36.596
1016	N1016	C10	protein	2	0.3137	58.309	-76.789	169.245
1017	N1017	C19	transcript	1	0.1344	6.489	56.595	-192.929
1018	N1018	C4	metabolite	1	0.4750	143.315	23.030	204.904
1019	N1019	C22	bridge	1	0.3113	-6.687	93.881	82.529
1020	N1020	C23	protein	3	0.4004	102.463	43.504	-162.696
1021	N1021	C12	transcript	1	0.2060	20.914	11.981	144.557
1022	N1022	C10	metabolite	1	0.0956	62.245	-95.287	105.106
1023	N1023	C22	bridge	1	0.6861	-7.489	89.561	109.562
1024	N1024	C37	protein	1	0.7989	-100.037	3.228	-3.285
1025	N1025	C30	transcript	1	0.0801	-232.147	-64.315	13.019
1026	N1026	C7	metabolite	1	0.4514	-93.541	142.458	9.949
1027	N1027	C22	bridge	1	0.8684	-26.312	130.592	112.456
1028	N1028	C32	protein	2	0.8249	185.601	47.609	-99.649
1029	N1029	C4	transcript	1	0.8466	89.344	27.316	152.422
1030	N1030	C24	metabolite	1	0.8528	-87.605	-65.005	-52.470
1031	N1031	C11	bridge	1	0.5952	55.181	-17.691	89.820
1032	N1032	C33	protein	1	0.5863	157.221	-126.162	178.956
1033	N1033	C5	transcript	3	0.1843	24.543	10.570	-99.814
1034	N1034	C20	metabolite	9	0.2637	37.541	87.315	-7.011
1035	N1035	C5	bridge	4	0.8055	-8.277	84.696	-132.503
1036	N1036	C21	protein	1	0.4332	-174.573	84.769	-99.067
1037	N1037	C1	transcript	1	0.9006	-80.637	-203.036	38.207
1038	N1038	C17	metabolite	1	0.6786	101.933	-69.964	-69.902
1039	N1039	C38	bridge	1	0.5553	-161.274	-124.027	4.679
1040	N1040	C27	protein	2	0.5293	-21.455	64.125	159.987
1041	N1041	C9	transcript	1	0.1393	255.174	-231.260	199.105
1042	N1042	C30	metabolite	1	0.6494	-210.908	-44.025	91.799
1043	N1043	C16	bridge	1	0.4544	119.765	-21.092	202.983
1044	N1044	C30	protein	1	0.3251	-223.566	-59.607	9.700
1045	N1045	C7	transcript	1	0.9841	-64.272	133.363	29.987
1046	N1046	C0	metabolite	8	0.2134	-180.147	-120.870	-66.470
1047	N1047	C28	bridge	1	0.9156	55.517	-73.312	173.522
1048	N1048	C34	protein	1	0.8584	-106.900	139.252	-72.971
1049	N1049	C5	transcript	1	0.6924	97.077	84.658	-65.671
1050	N1050	C25	metabolite	1	0.8571	-119.708	-128.182	-123.752
1051	N1051	C15	bridge	1	0.4979	-150.371	108.114	-98.765
1052	N1052	C24	protein	1	0.7908	-92.179	-62.774	-58.507
1053	N1053	C2	transcript	1	0.5070	-58.560	-184.207	-133.975
1054	N1054	C8	metabolite	1	0.5224	-40.699	-65.910	-144.275
1055	N1055	C35	bridge	5	0.6484	-204.337	83.047	-126.514
1056	N1056	C3	protein	2	0.5771	9.871	206.306	128.956
1057	N1057	C26	transcript	5	0.4714	-47.510	-68.990	62.779
1058	N1058	C21	metabolite	25	0.8354	-145.392	80.287	-61.345
1059	N1059	C27	bridge	6	0.7268	-37.627	107.778	172.697
1060	N1060	C38	protein	3	0.3722	-32.362	-28.968	81.569
1061	N1061	C27	transcript	1	0.9161	-15.079	96.502	93.665
1062	N1062	C14	metabolite	1	0.5686	-26.181	-229.073	289.353
1063	N1063	C14	bridge	2	0.6298	4.445	-76.434	222.187
1064	N1064	C23	protein	2	0.7130	116.744	66.623	-59.601
1065	N1065	C18	transcript	1	0.4315	8.632	3.884	112.272
1066	N1066	C28	metabolite	1	0.2528	-14.198	-32.747	234.463
1067	N1067	C12	bridge	1	0.9636	76.874	81.893	144.903
1068	N1068	C31	protein	1	0.2832	-129.416	-350.833	64.179
1069	N1069	C15	transcript	5	0.1922	-132.536	81.070	-39.267
1070	N1070	C2	metabolite	1	0.4052	-70.866	-60.940	-225.737
1071	N1071	C0	bridge	1	0.3561	-176.491	-126.074	-128.772
1072	N1072	C8	protein	1	0.6346	-10.380	19.685	-116.510
1073	N1073	C36	transcript	1	0.6703	4.054	-65.529	233.594
1074	N1074	C30	metabolite	1	0.5876	-246.377	-66.102	80.538
1075	N1075	C35	bridge	4	0.8411	-179.987	163.902	-7.009
1076	N1076	C19	protein	127	0.6342	83.486	62.039	-145.828
1077	N1077	C13	transcript	5	0.0597	-46.594	-50.923	-84.545
1078	N1078	C24	metabolite	2	0.5399	-115.243	-50.205	-55.625
1079	N1079	C8	bridge	1	0.4097	-58.666	-85.969	-120.246
1080	N1080	C38	protein	1	0.1698	-7.055	-43.219	65.907
1081	N1081	C30	transcript	1	0.8035	-247.762	-33.497	71.825
1082	N1082	C2	metabolite	1	0.3080	-63.807	-147.714	-97.528
1083	N1083	C21	bridge	1	0.6488	-200.635	55.702	-68.954
1084	N1084	C13	protein	1	0.2509	-123.748	-52.045	51.357
1085	N1085	C22	transcript	1	0.0596	-50.434	145.652	105.301
1086	N1086	C25	metabolite	1	0.6313	-161.964	-41.905	-148.846
1087	N1087	C3	bridge	1	0.1143	-62.695	223.052	97.593
1088	N1088	C13	protein	1	0.8381	-137.391	-47.294	-7.697
1089	N1089	C36	transcript	1	0.9120	27.629	-64.849	247.473
1090	N1090	C22	metabolite	2	0.7921	-37.079	63.677	96.170
1091	N1091	C13	bridge	1	0.9354	-119.099	-109.918	-51.253
1092	N1092	C33	protein	14	0.6186	195.229	-146.155	163.775
1093	N1093	C14	transcript	2	0.6518	-157.041	-125.113	319.228
1094	N1094	C18	metabolite	1	0.6745	-35.722	74.435	90.248
1095	N1095	C12	bridge	1	0.2879	65.926	102.670	108.099
1096	N1096	C0	protein	5	0.6412	-152.918	-129.770	-46.222
1097	N1097	C21	transcript	1	0.9651	-164.779	97.567	-37.647
1098	N1098	C19	metabolite	1	0.6390	40.430	105.858	-205.532
1099	N1099	C30	bridge	3	0.8658	-263.136	-80.819	69.947
1100	N1100	C7	protein	1	0.0802	15.408	182.097	-45.707
1101	N1101	C5	transcript	3	0.1079	-3.716	72.674	-146.754
1102	N1102	C10	metabolite	3	0.5416	20.181	-186.497	98.829
1103	N1103	C37	bridge	11	0.2540	2.556	54.762	100.060
1104	N1104	C20	protein	1	0.9681	0.477	84.809	98.182
1105	N1105	C5	transcript	4	0.8495	84.574	-16.267	-97.237
1106	N1106	C39	metabolite	1	0.9436	-64.467	-131.117	-144.827
1107	N1107	C0	bridge	2	0.3371	-155.309	-163.601	-76.114
1108	N1108	C16	protein	1	0.4476	142.029	-64.135	200.002
1109	N1109	C32	transcript	1	0.6206	243.955	158.977	-67.134
1110	N1110	C16	metabolite	1	0.5084	188.326	-22.723	175.844
1111	N1111	C27	bridge	6	0.5917	-45.720	79.807	108.356
1112	N1112	C5	protein	1	0.9753	16.769	127.375	-101.612
1113	N1113	C28	transcript	1	0.9616	22.203	-52.163	215.873
1114	N1114	C11	metabolite	2	0.3313	-10.645	-24.225	52.157
1115	N1115	C10	bridge	2	0.1577	180.190	-83.739	86.042
1116	N1116	C21	protein	2	0.9814	-197.406	114.207	-89.812
1117	N1117	C19	transcript	1	0.3300	90.990	-0.064	-143.269
1118	N1118	C25	metabolite	3	0.3444	-154.331	-168.371	-92.690
1119	N1119	C19	bridge	1	0.3208	17.178	92.134	-185.793
1120	N1120	C2	protein	1	0.5884	-125.218	-127.298	-95.984
1121	N1121	C24	transcript	2	0.1148	-145.944	-70.708	-60.402
1122	N1122	C2	metabolite	4	0.6224	-82.275	-105.797	-237.930
1123	N1123	C33	bridge	1	0.9043	188.129	-145.485	95.513
1124	N1124	C4	protein	4	0.5876	30.334	50.874	162.335
1125	N1125	C27	transcript	2	0.6809	-54.389	96.829	105.870
1126	N1126	C33	metabolite	1	0.1870	172.135	-152.319	153.148
1127	N1127	C28	bridge	2	0.5034	21.298	-141.907	176.050
1128	N1128	C6	protein	1	0.8557	5.172	-164.337	-48.341
1129	N1129	C32	transcript	1	0.7844	255.923	-6.193	-94.513
1130	N1130	C23	metabolite	1	0.0773	84.748	77.647	-54.411
1131	N1131	C10	bridge	6	0.8914	78.177	-90.369	131.937
1132	N1132	C12	protein	2	0.6436	19.859	36.928	140.862
1133	N1133	C17	transcript	1	0.5165	131.675	-24.838	-67.805
1134	N1134	C22	metabolite	2	0.0773	-4.303	34.641	76.925
1135	N1135	C9	bridge	16	0.6192	222.494	-267.294	223.070
1136	N1136	C18	protein	1	0.6716	-28.799	65.916	131.538
1137	N1137	C28	transcript	1	0.6098	70.869	-142.567	101.469
1138	N1138	C33	metabolite	1	0.7880	206.709	-186.168	162.077
1139	N1139	C4	bridge	2	0.9349	81.921	22.101	105.999
1140	N1140	C13	protein	1	0.1427	-230.019	-152.550	-66.600
1141	N1141	C17	transcript	2	0.9370	193.564	-8.148	1.576
1142	N1142	C5	metabolite	1	0.8172	33.635	97.458	-139.816
1143	N1143	C3	bridge	1	0.7591	-20.298	141.966	149.398
1144	N1144	C13	protein	2	0.5672	-99.365	-104.737	-45.450
1145	N1145	C20	transcript	3	0.4644	83.786	101.963	89.310
1146	N1146	C19	metabolite	4	0.0598	6.392	22.869	-50.240
1147	N1147	C27	bridge	1	0.6413	-36.777	18.623	115.891
1148	N1148	C8	protein	1	0.3387	-1.302	-76.292	-101.173
1149	N1149	C0	transcript	4	0.6570	-148.970	-95.629	-53.277
1150	N1150	C0	metabolite	1	0.0040	-219.630	-151.681	-98.057
1151	N1151	C14	bridge	1	0.4101	-43.365	-108.146	303.484
1152	N1152	C15	protein	7	0.8376	-101.570	56.913	-29.039
1153	N1153	C6	transcript	1	0.6162	2.104	-131.779	-63.526
1154	N1154	C34	metabolite	2	0.4906	-167.552	137.183	-172.308
1155	N1155	C36	bridge	2	0.3958	12.804	-35.060	232.254
1156	N1156	C9	protein	2	0.1610	271.339	-271.035	189.391
1157	N1157	C39	transcript	1	0.4162	-54.588	-144.591	-106.624
1158	N1158	C37	metabolite	2	0.7896	7.796	-12.709	42.710
1159	N1159	C0	bridge	1	0.9888	-174.628	-109.506	-111.132
1160	N1160	C35	protein	2	0.2493	29.896	126.586	54.660
1161	N1161	C11	transcript	2	0.7942	23.362	-59.911	-62.815
1162	N1162	C25	metabolite	1	0.6242	-75.843	-162.267	-112.156
1163	N1163	C39	bridge	1	0.9871	-9.925	-148.506	-141.254
1164	N1164	C36	protein	7	0.7030	23.439	-37.005	203.138
1165	N1165	C18	transcript	1	0.1403	-53.127	28.443	117.563
1166	N1166	C3	metabolite	1	0.1814	-14.405	198.085	144.477
1167	N1167	C17	bridge	1	0.9784	130.308	-36.693	-101.820
1168	N1168	C36	protein	1	0.9634	-20.766	29.941	196.933
1169	N1169	C21	transcript	1	0.7312	-167.057	61.579	-64.025
1170	N1170	C9	metabolite	1	0.3993	204.195	-283.864	188.991
1171	N1171	C30	bridge	2	0.2820	-261.993	-100.934	76.795
1172	N1172	C13	protein	1	0.2238	-65.947	-77.029	17.914
1173	N1173	C7	transcript	1	0.6940	-0.106	176.414	-3.720
1174	N1174	C8	metabolite	1	0.3259	7.637	21.227	-121.987
1175	N1175	C10	bridge	2	0.8698	69.089	-133.757	124.383
1176	N1176	C28	protein	1	0.7331	81.052	-65.640	155.741
1177	N1177	C16	transcript	3	0.7714	184.702	-87.699	164.327
1178	N1178	C31	metabolite	1	0.6727	-114.142	-371.099	201.713
1179	N1179	C33	bridge	1	0.4410	161.901	-196.007	153.608
1180	N1180	C11	protein	2	0.2959	-24.035	58.511	50.089
1181	N1181	C15	transcript	1	0.2021	-165.664	88.163	-90.176
1182	N1182	C7	metabolite	1	0.5635	11.802	149.282	14.960
1183	N1183	C37	bridge	1	0.4946	29.947	-48.552	90.751
1184	N1184	C32	protein	3	0.2031	246.152	-29.166	-66.195
1185	N1185	C0	transcript	1	0.7726	-171.336	-151.223	-46.587
1186	N1186	C39	metabolite	1	0.4190	-40.317	-192.911	-115.365
1187	N1187	C19	bridge	1	0.9242	57.344	45.263	-150.701
1188	N1188	C33	protein	4	0.3332	176.019	-125.518	133.419
1189	N1189	C9	transcript	1	0.1282	211.206	-286.573	171.328
1190	N1190	C37	metabolite	1	0.1833	26.934	-58.195	-19.312
1191	N1191	C36	bridge	1	0.6243	49.335	-17.231	221.502
1192	N1192	C22	protein	1	0.7633	18.583	118.367	67.557
1193	N1193	C7	transcript	2	0.1463	-32.277	88.449	-30.108
1194	N1194	C1	metabolite	1	0.1333	-51.442	-274.128	101.970
1195	N1195	C38	bridge	4	0.8991	-181.532	39.538	-35.295
1196	N1196	C2	protein	1	0.9964	-43.783	-34.842	-174.357
1197	N1197	C36	transcript	3	0.3523	4.569	-49.791	211.206
1198	N1198	C31	metabolite	2	0.2329	-144.839	-346.477	207.347
1199	N1199	C29	bridge	1	0.5583	-179.768	5.120	35.808
1200	N1200	C11	protein	2	0.7173	33.675	11.741	43.676
1201	N1201	C9	transcript	2	0.5082	199.087	-257.176	149.018
1202	N1202	C14	metabolite	4	0.2594	-36.266	-108.800	337.234
1203	N1203	C38	bridge	1	0.1202	-64.011	-53.952	94.987
1204	N1204	C20	protein	1	0.1461	3.850	155.322	130.761
1205	N1205	C35	transcript	1	0.4181	-257.414	15.003	15.785
1206	N1206	C10	metabolite	1	0.5355	60.203	-80.864	175.345
1207	N1207	C31	bridge	1	0.0581	-142.079	-359.880	113.055
1208	N1208	C7	protein	1	0.3809	-39.881	171.237	47.884
1209	N1209	C9	transcript	5	0.3149	260.507	-256.672	181.049
1210	N1210	C28	metabolite	1	0.2073	-20.804	-91.116	132.943
1211	N1211	C17	bridge	4	0.8941	114.345	33.531	-108.345
1212	N1212	C39	protein	1	0.5395	-65.521	-149.332	-125.971
1213	N1213	C2	transcript	1	0.8044	49.827	-42.496	-137.018
1214	N1214	C35	metabolite	2	0.2661	-226.799	-8.696	8.566
1215	N1215	C1	bridge	1	0.2561	-55.013	-261.469	96.118
1216	N1216	C38	protein	1	0.5894	-29.434	10.589	-35.372
1217	N1217	C24	transcript	4	0.8283	-135.163	-18.549	-67.536
1218	N1218	C0	metabolite	1	0.5558	-140.242	-103.074	-42.246
1219	N1219	C33	bridge	1	0.9281	209.077	-179.893	116.703
1220	N1220	C11	protein	1	0.7506	8.514	-92.038	164.899
1221	N1221	C23	transcript	1	0.1778	109.410	12.829	-13.863
1222	N1222	C18	metabolite	1	0.1646	-52.773	7.957	133.645
1223	N1223	C16	bridge	1	0.5310	190.352	-166.880	147.464
1224	N1224	C28	protein	3	0.6537	46.523	-116.805	138.809
1225	N1225	C30	transcript	6	0.3517	-270.780	-6.055	-2.714
1226	N1226	C19	metabolite	1	0.4847	65.905	63.311	-190.522
1227	N1227	C8	bridge	2	0.8634	-43.037	3.091	-120.922
1228	N1228	C3	protein	1	0.4724	30.012	219.059	147.223
1229	N1229	C14	transcript	1	0.0908	-109.876	-100.906	138.638
1230	N1230	C20	metabolite	1	0.3339	75.444	69.487	129.023
1231	N1231	C9	bridge	1	0.2059	235.125	-264.138	201.961
1232	N1232	C29	protein	1	0.0832	-204.238	126.406	174.272
1233	N1233	C37	transcript	1	0.9425	-106.169	46.078	78.956
1234	N1234	C39	metabolite	1	0.7867	-39.116	-112.478	-149.683
1235	N1235	C13	bridge	2	0.8816	-63.412	-112.276	3.708
1236	N1236	C36	protein	1	0.9801	45.662	-35.789	240.275
1237	N1237	C26	transcript	1	0.8069	-44.827	-84.638	87.204
1238	N1238	C3	metabolite	1	0.6260	-23.323	208.082	186.166
1239	N1239	C19	bridge	1	0.7413	38.525	97.227	-176.791
1240	N1240	C28	protein	1	0.1615	100.483	-70.312	206.328
1241	N1241	C28	transcript	2	0.4594	64.755	-99.109	161.939
1242	N1242	C13	metabolite	4	0.9273	-108.112	-141.176	16.819
1243	N1243	C22	bridge	3	0.9962	-59.217	38.579	136.652
1244	N1244	C37	protein	1	0.6755	-27.171	1.963	68.468
1245	N1245	C36	transcript	1	0.0744	-3.064	-7.153	219.646
1246	N1246	C1	metabolite	1	0.3302	-53.046	-170.829	76.267
1247	N1247	C37	bridge	7	0.2003	-71.277	-17.577	71.034
1248	N1248	C6	protein	1	0.7208	18.153	-132.101	-42.421
1249	N1249	C4	transcript	2	0.7862	127.553	59.126	97.313
1250	N1250	C5	metabolite	2	0.4369	69.925	62.141	-21.942
1251	N1251	C0	bridge	1	0.7427	-189.749	-90.822	-44.876
1252	N1252	C34	protein	9	0.3247	-112.137	29.356	-127.262
1253	N1253	C34	transcript	1	0.1240	-139.594	112.521	-58.198
1254	N1254	C29	metabolite	4	0.2652	-277.146	96.392	140.505
1255	N1255	C14	bridge	2	0.3393	-112.409	-113.822	247.065
1256	N1256	C38	protein	1	0.7289	-112.617	103.342	112.387
1257	N1257	C38	transcript	1	0.5948	-125.544	-17.593	60.203
1258	N1258	C20	metabolite	1	0.8941	80.583	158.290	184.832
1259	N1259	C8	bridge	1	0.1421	-17.795	-42.565	-52.238
1260	N1260	C32	protein	1	0.4933	196.652	72.334	30.805
1261	N1261	C10	transcript	1	0.5079	21.981	-115.404	180.991
1262	N1262	C11	metabolite	1	0.6190	-17.378	-40.292	36.597
1263	N1263	C27	bridge	1	0.0887	-32.992	93.498	72.340
1264	N1264	C25	protein	10	0.4151	-113.286	-147.456	-187.832
1265	N1265	C23	transcript	1	0.1203	218.604	108.032	-69.434
1266	N1266	C26	metabolite	1	0.2937	16.935	-54.736	80.439
1267	N1267	C1	bridge	1	0.7719	-28.256	-278.012	90.637
1268	N1268	C28	protein	1	0.2834	17.487	-116.180	29.317
1269	N1269	C8	transcript	1	0.1200	13.002	-36.886	-65.935
1270	N1270	C17	metabolite	4	0.2094	134.236	-141.711	25.896
1271	N1271	C13	bridge	1	0.3859	-176.099	-123.230	-5.036
1272	N1272	C30	protein	1	0.9369	-252.230	-17.040	19.681
1273	N1273	C18	transcript	34	0.8268	-50.218	26.078	134.714
1274	N1274	C16	metabolite	2	0.0456	203.255	45.338	111.974
1275	N1275	C2	bridge	1	0.9692	-45.210	-3.348	-130.894
1276	N1276	C26	protein	1	0.1766	-18.135	-18.765	54.052
1277	N1277	C15	transcript	1	0.1274	-107.155	62.429	-103.178
1278	N1278	C39	metabolite	1	0.0167	-47.332	-139.570	-115.856
1279	N1279	C36	bridge	6	0.7384	6.282	-26.949	223.178
1280	N1280	C33	protein	1	0.0439	244.154	-152.132	114.456
1281	N1281	C38	transcript	1	0.0227	-50.941	-57.288	94.062
1282	N1282	C8	metabolite	3	0.4090	-25.169	-95.428	-112.992
1283	N1283	C24	bridge	1	0.2190	-116.235	-65.810	-102.517
1284	N1284	C8	protein	1	0.3531	-6.589	13.819	-103.810
1285	N1285	C6	transcript	1	0.8151	48.261	-90.709	-47.494
1286	N1286	C2	metabolite	2	0.1704	-88.401	-50.688	-205.742
1287	N1287	C22	bridge	1	0.4929	26.522	143.956	61.910
1288	N1288	C0	protein	1	0.1532	-187.164	-77.225	-70.466
1289	N1289	C37	transcript	2	0.9244	-65.858	54.580	65.635
1290	N1290	C23	metabolite	1	0.5494	263.089	74.821	24.725
1291	N1291	C11	bridge	1	0.1779	-37.050	43.842	82.645
1292	N1292	C26	protein	1	0.1001	-72.268	-18.434	80.388
1293	N1293	C30	transcript	1	0.7054	-255.927	-40.307	102.002
1294	N1294	C22	metabolite	2	0.9234	-24.711	114.918	109.090
1295	N1295	C33	bridge	1	0.4425	241.547	-199.140	125.954
1296	N1296	C28	protein	1	0.0975	56.232	-55.231	168.444
1297	N1297	C20	transcript	1	0.4452	87.834	186.816	-18.476
1298	N1298	C25	metabolite	1	0.4592	-145.935	-161.102	-158.378
1299	N1299	C3	bridge	1	0.4218	-6.106	223.242	190.597
1300	N1300	C26	protein	1	0.5360	-132.406	-75.469	82.772
1301	N1301	C38	transcript	1	0.5204	-24.756	-60.427	91.044
1302	N1302	C4	metabolite	1	0.7490	82.612	49.721	188.641
1303	N1303	C20	bridge	1	0.7405	32.909	133.212	8.915
1304	N1304	C9	protein	1	0.9394	201.647	-258.708	220.571
1305	N1305	C13	transcript	3	0.2656	-175.281	-226.344	-58.873
1306	N1306	C1	metabolite	2	0.6130	-39.318	-208.671	67.014
1307	N1307	C29	bridge	1	0.0385	-148.416	35.709	-92.692
1308	N1308	C4	protein	1	0.8039	116.863	-17.835	125.545
1309	N1309	C0	transcript	1	0.7262	-139.158	-110.745	-84.418
1310	N1310	C4	metabolite	1	0.6276	22.135	-3.021	207.721
1311	N1311	C22	bridge	29	0.8630	1.099	136.162	156.640
1312	N1312	C35	protein	2	0.4398	-206.928	93.385	35.407
1313	N1313	C1	transcript	2	0.2946	-141.759	-186.150	-19.229
1314	N1314	C13	metabolite	2	0.9786	-221.928	-113.461	-52.918
1315	N1315	C12	bridge	2	0.1164	80.512	32.892	157.038
1316	N1316	C32	protein	1	0.3525	218.606	21.978	-138.136
1317	N1317	C7	transcript	1	0.5447	2.263	86.652	85.369
1318	N1318	C13	metabolite	1	0.0829	-97.732	-74.996	-3.715
1319	N1319	C30	bridge	1	0.6576	-263.227	-64.251	10.627
1320	N1320	C33	protein	1	0.2645	197.940	-191.069	155.764
1321	N1321	C1	transcript	6	0.6657	-58.237	-246.085	88.294
1322	N1322	C14	metabolite	2	0.4171	-144.509	-115.164	304.044
1323	N1323	C37	bridge	1	0.7986	-14.461	-31.097	32.469
1324	N1324	C7	protein	1	0.7249	-28.755	145.872	39.119
1325	N1325	C32	transcript	2	0.2390	92.293	-15.086	-155.101
1326	N1326	C19	metabolite	1	0.8044	40.589	171.004	-215.531
1327	N1327	C30	bridge	1	0.3297	-228.855	-25.903	45.124
1328	N1328	C26	protein	1	0.6568	-84.054	-96.900	44.402
1329	N1329	C37	transcript	5	0.4705	20.990	-60.838	28.791
1330	N1330	C26	metabolite	1	0.1262	-129.047	-92.112	-59.818
1331	N1331	C19	bridge	1	0.6385	-4.427	131.696	-124.400
1332	N1332	C27	protein	15	0.3491	-1.558	45.830	87.959
1333	N1333	C6	transcript	1	0.0562	44.399	-138.362	-64.377
1334	N1334	C33	metabolite	3	0.4682	180.437	-151.061	113.017
1335	N1335	C21	bridge	1	0.0759	-97.129	73.886	-79.004
1336	N1336	C19	protein	1	0.0205	37.799	66.570	-181.123
1337	N1337	C39	transcript	6	0.0169	-67.425	-117.534	-120.748
1338	N1338	C27	metabolite	1	0.6107	16.805	65.175	122.549
1339	N1339	C22	bridge	2	0.2021	-28.128	120.615	23.218
1340	N1340	C20	protein	1	0.4236	14.052	222.215	10.375
1341	N1341	C31	transcript	3	0.8260	-90.773	-371.003	164.587
1342	N1342	C31	metabolite	1	0.1915	-119.363	-302.242	183.357
1343	N1343	C22	bridge	6	0.1515	-44.473	109.525	90.361
1344	N1344	C35	protein	1	0.5040	-127.559	114.029	17.955
1345	N1345	C24	transcript	1	0.6953	-123.293	-32.133	-28.855
1346	N1346	C6	metabolite	1	0.9264	25.445	-138.539	-96.793
1347	N1347	C16	bridge	1	0.0759	175.907	-75.518	156.421
1348	N1348	C10	protein	1	0.0720	81.059	-155.463	156.646
1349	N1349	C5	transcript	1	0.4315	-43.775	43.071	-86.641
1350	N1350	C30	metabolite	1	0.1191	-211.019	-49.938	34.464
1351	N1351	C19	bridge	1	0.9033	-25.863	123.084	-162.175
1352	N1352	C13	protein	6	0.4629	-90.945	-74.590	-34.527
1353	N1353	C16	transcript	3	0.3320	280.569	-27.286	150.160
1354	N1354	C15	metabolite	1	0.2662	-98.043	103.445	-69.162
1355	N1355	C38	bridge	1	0.3712	-131.132	-78.913	42.938
1356	N1356	C9	protein	1	0.1975	248.879	-262.422	186.021
1357	N1357	C37	transcript	1	0.1213	-29.414	9.577	27.007
1358	N1358	C37	metabolite	2	0.4341	-64.973	51.482	21.145
1359	N1359	C12	bridge	1	0.0040	54.914	28.748	126.555
1360	N1360	C20	protein	1	0.8393	6.070	150.991	-76.439
1361	N1361	C8	transcript	1	0.8696	11.003	-97.736	-6.011
1362	N1362	C30	metabolite	3	0.6108	-228.023	-61.935	55.943
1363	N1363	C37	bridge	3	0.5251	-40.817	-13.754	-49.406
1364	N1364	C4	protein	3	0.6900	34.747	41.670	137.424
1365	N1365	C13	transcript	1	0.8580	-124.190	-127.170	-29.101
1366	N1366	C26	metabolite	3	0.6580	22.842	-33.843	35.694
1367	N1367	C27	bridge	1	0.7305	-46.354	99.060	140.023
1368	N1368	C6	protein	1	0.9259	44.724	-150.880	-61.421
1369	N1369	C6	transcript	1	0.2321	8.417	-89.369	-90.336
1370	N1370	C10	metabolite	3	0.8180	24.686	-93.208	134.500
1371	N1371	C39	bridge	1	0.7522	-48.679	-139.258	-77.012
1372	N1372	C6	protein	1	0.3181	9.047	-91.584	-16.050
1373	N1373	C37	transcript	1	0.2353	13.147	32.484	56.889
1374	N1374	C14	metabolite	2	0.1811	0.383	-86.861	330.822
1375	N1375	C14	bridge	5	0.1329	-38.564	-129.400	310.838
1376	N1376	C32	protein	2	0.2706	112.123	-41.649	-24.818
1377	N1377	C28	transcript	4	0.0213	11.113	-136.552	188.066
1378	N1378	C32	metabolite	1	0.1564	254.346	20.544	-20.236
1379	N1379	C39	bridge	1	0.2134	-56.895	-133.620	-133.545
1380	N1380	C18	protein	1	0.5372	-86.363	42.857	105.214
1381	N1381	C13	transcript	8	0.6291	-121.595	-75.180	33.005
1382	N1382	C36	metabolite	1	0.7434	22.883	-51.958	237.017
1383	N1383	C36	bridge	7	0.1217	85.037	-46.170	229.025
1384	N1384	C34	protein	3	0.0310	-107.757	185.660	-175.030
1385	N1385	C25	transcript	1	0.4567	-190.390	-126.065	-116.465
1386	N1386	C12	metabolite	1	0.5456	77.656	15.961	112.372
1387	N1387	C15	bridge	1	0.7873	-122.841	108.270	-43.117
1388	N1388	C15	protein	1	0.9347	-182.115	105.799	-76.652
1389	N1389	C27	transcript	2	0.4265	45.427	93.345	107.006
1390	N1390	C15	metabolite	1	0.7728	-136.898	74.866	-95.954
1391	N1391	C17	bridge	1	0.8342	166.163	24.885	-7.860
1392	N1392	C39	protein	1	0.9331	-35.264	-182.856	-101.878
1393	N1393	C20	transcript	1	0.4516	-49.095	169.646	93.010
1394	N1394	C36	metabolite	1	0.1468	-25.399	-33.474	188.491
1395	N1395	C3	bridge	1	0.2484	-37.321	189.895	124.038
1396	N1396	C5	protein	1	0.0369	43.802	151.759	51.380
1397	N1397	C30	transcript	2	0.0880	-294.425	-92.576	63.187
1398	N1398	C11	metabolite	3	0.6395	-78.243	-62.747	131.996
1399	N1399	C33	bridge	1	0.6011	226.124	-153.154	131.851
1400	N1400	C17	protein	1	0.3015	106.112	-28.038	-0.159
1401	N1401	C18	transcript	1	0.7487	3.639	31.399	130.772
1402	N1402	C34	metabolite	2	0.6893	8.136	97.960	-129.855
1403	N1403	C5	bridge	1	0.2301	103.410	-7.428	-122.684
1404	N1404	C26	protein	1	0.7663	29.851	-12.699	-54.072
1405	N1405	C17	transcript	3	0.7830	108.907	8.354	25.584
1406	N1406	C29	metabolite	1	0.4159	-219.791	55.284	60.880
1407	N1407	C16	bridge	1	0.8162	82.574	-70.672	134.970
1408	N1408	C10	protein	1	0.5580	48.148	-150.371	166.439
1409	N1409	C12	transcript	2	0.4926	71.172	67.882	92.425
1410	N1410	C23	metabolite	4	0.9403	92.161	96.985	-55.599
1411	N1411	C29	bridge	1	0.1829	-210.866	-3.433	34.705
1412	N1412	C33	protein	1	0.5906	209.853	-143.415	136.535
1413	N1413	C26	transcript	1	0.6779	-10.628	-32.470	56.242
1414	N1414	C15	metabolite	1	0.8258	-129.917	45.899	-106.982
1415	N1415	C32	bridge	2	0.9415	214.052	40.410	-88.831
1416	N1416	C29	protein	3	0.3122	-143.315	70.215	111.546
1417	N1417	C19	transcript	1	0.6709	43.290	55.608	-248.593
1418	N1418	C36	metabolite	1	0.7807	35.030	-37.478	227.650
1419	N1419	C31	bridge	1	0.2174	-92.749	-371.349	189.762
1420	N1420	C34	protein	1	0.9111	-94.794	75.739	-89.519
1421	N1421	C11	transcript	1	0.7057	28.512	32.618	49.375
1422	N1422	C14	metabolite	1	0.2325	-42.042	-67.368	311.987
1423	N1423	C35	bridge	1	0.0771	-121.819	88.206	13.446
1424	N1424	C33	protein	1	0.1125	193.760	-132.785	136.575
1425	N1425	C24	transcript	1	0.6312	-100.329	-44.045	-52.587
1426	N1426	C5	metabolite	1	0.2086	20.319	15.758	-87.536
1427	N1427	C32	bridge	1	0.6468	269.832	66.646	-92.457
1428	N1428	C11	protein	1	0.4521	18.594	-59.855	54.083
1429	N1429	C13	transcript	1	0.7272	-143.789	-70.481	-3.109
1430	N1430	C29	metabolite	1	0.6600	-263.620	44.249	-12.148
1431	N1431	C38	bridge	1	0.0993	-81.554	-82.456	103.120
1432	N1432	C23	protein	3	0.8203	182.340	93.694	-109.864
1433	N1433	C31	transcript	1	0.4414	-155.257	-396.349	151.323
1434	N1434	C26	metabolite	1	0.0311	-65.657	-58.235	21.999
1435	N1435	C18	bridge	1	0.0128	-38.271	63.608	105.547
1436	N1436	C29	protein	1	0.1711	-214.782	155.559	-11.601
1437	N1437	C8	transcript	1	0.5685	-7.310	-22.759	-64.445
1438	N1438	C15	metabolite	1	0.2297	-90.211	79.497	-106.054
1439	N1439	C35	bridge	2	0.8950	-288.819	62.463	-38.780
1440	N1440	C29	protein	1	0.5030	-87.471	145.404	85.387
1441	N1441	C5	transcript	3	0.2275	27.499	23.418	-133.861
1442	N1442	C24	metabolite	1	0.4840	-154.637	-47.114	-87.580
1443	N1443	C3	bridge	1	0.1140	6.531	215.639	140.623
1444	N1444	C21	protein	1	0.8860	-188.293	106.073	-42.750
1445	N1445	C19	transcript	1	0.1228	11.191	49.680	-175.194
1446	N1446	C8	metabolite	1	0.0028	-137.656	-28.419	28.960
1447	N1447	C7	bridge	1	0.4726	-51.565	107.688	72.787
1448	N1448	C9	protein	2	0.1514	222.666	-269.704	200.678
1449	N1449	C22	transcript	1	0.0350	3.573	69.274	58.335
1450	N1450	C34	metabolite	2	0.9245	-12.254	60.785	-147.888
1451	N1451	C33	bridge	3	0.7790	209.099	-196.853	136.945
1452	N1452	C39	protein	1	0.1747	-44.332	-117.123	-100.290
1453	N1453	C25	transcript	1	0.0758	-85.364	-38.914	-122.446
1454	N1454	C19	metabolite	2	0.6477	89.246	51.455	-59.355
1455	N1455	C1	bridge	1	0.3339	-130.141	-254.372	42.389
1456	N1456	C0	protein	1	0.0400	-148.153	-154.361	-122.645
1457	N1457	C3	transcript	1	0.4867	1.202	218.162	145.587
1458	N1458	C12	metabolite	1	0.1481	26.444	27.853	165.228
1459	N1459	C0	bridge	17	0.6282	-116.803	-100.195	-45.019
1460	N1460	C24	protein	7	0.6431	-140.996	-51.117	-70.733
1461	N1461	C21	transcript	1	0.9922	-150.335	57.792	-42.434
1462	N1462	C16	metabolite	2	0.7195	153.885	37.499	148.842
1463	N1463	C19	bridge	1	0.6059	-30.214	29.029	-180.664
1464	N1464	C11	protein	1	0.1598	-32.704	-86.802	37.861
1465	N1465	C4	transcript	1	0.4987	48.366	-27.783	143.000
1466	N1466	C8	metabolite	1	0.2636	6.471	47.911	-82.447
1467	N1467	C19	bridge	1	0.1741	44.724	76.784	-153.618
1468	N1468	C19	protein	1	0.4698	36.243	95.683	-81.270
1469	N1469	C3	transcript	2	0.3724	-12.540	221.141	186.484
1470	N1470	C10	metabolite	2	0.3765	33.683	-159.991	187.897
1471	N1471	C5	bridge	1	0.4005	57.838	60.077	-90.309
1472	N1472	C28	protein	2	0.3994	29.573	-79.128	178.347
1473	N1473	C38	transcript	1	0.2584	-121.175	-7.972	-5.316
1474	N1474	C34	metabolite	2	0.1530	-81.364	107.563	-51.899
1475	N1475	C22	bridge	1	0.8088	27.290	120.139	45.833
1476	N1476	C24	protein	1	0.2616	-107.029	-29.398	-96.022
1477	N1477	C17	transcript	1	0.0199	184.506	-27.279	-67.675
1478	N1478	C1	metabolite	1	0.2909	-62.933	-231.506	92.908
1479	N1479	C9	bridge	1	0.2227	249.550	-273.624	159.432
1480	N1480	C1	protein	2	0.1710	-114.231	-211.313	93.647
1481	N1481	C35	transcript	1	0.5951	-206.863	261.785	-109.939
1482	N1482	C8	metabolite	2	0.8245	54.637	-29.561	20.904
1483	N1483	C11	bridge	2	0.8047	-60.893	-25.725	61.284
1484	N1484	C11	protein	1	0.7839	-32.657	-56.962	144.697
1485	N1485	C0	transcript	1	0.3248	-210.882	-112.435	-103.117
1486	N1486	C32	metabolite	1	0.9071	197.426	-13.732	1.714
1487	N1487	C1	bridge	2	0.7879	-80.116	-259.824	87.964
1488	N1488	C39	protein	2	0.0322	-21.742	-89.305	-145.303
1489	N1489	C7	transcript	1	0.2265	-50.846	136.369	23.417
1490	N1490	C10	metabolite	1	0.4094	6.431	-44.961	108.510
1491	N1491	C35	bridge	1	0.8584	-232.943	33.534	-41.834
1492	N1492	C14	protein	2	0.2512	-161.011	-68.300	229.975
1493	N1493	C32	transcript	1	0.0797	154.676	56.967	-31.568
1494	N1494	C26	metabolite	1	0.0936	37.859	-109.615	-22.504
1495	N1495	C20	bridge	3	0.2944	-48.036	119.458	163.706
1496	N1496	C3	protein	2	0.3839	-27.656	195.947	148.811
1497	N1497	C30	transcript	1	0.2971	-283.313	-41.852	77.901
1498	N1498	C3	metabolite	1	0.3789	-0.090	249.396	143.887
1499	N1499	C19	bridge	5	0.2359	7.553	121.123	-129.057
1500	N1500	C25	protein	2	0.1584	-150.992	-81.508	-67.361
1501	N1501	C20	transcript	4	0.3502	81.374	208.177	72.267
1502	N1502	C10	metabolite	1	0.7388	59.297	-151.094	158.871
1503	N1503	C16	bridge	4	0.6892	194.042	-18.689	129.337
1504	N1504	C1	protein	1	0.1406	-149.659	-280.582	14.138
1505	N1505	C29	transcript	1	0.4358	-171.027	148.455	49.553
1506	N1506	C24	metabolite	1	0.7527	-125.210	-56.152	-85.042
1507	N1507	C15	bridge	1	0.4176	-166.097	86.464	-81.585
1508	N1508	C32	protein	1	0.3715	147.361	84.949	15.712
1509	N1509	C35	transcript	1	0.7760	-239.216	-17.935	34.565
1510	N1510	C16	metabolite	1	0.0474	184.936	-66.673	169.953
1511	N1511	C22	bridge	2	0.2262	-3.882	74.614	101.328
1512	N1512	C18	protein	1	0.4979	-17.989	13.972	121.721
1513	N1513	C25	transcript	6	0.8531	-48.081	-142.036	-122.585
1514	N1514	C29	metabolite	2	0.3727	-261.312	67.935	91.047
1515	N1515	C10	bridge	2	0.5276	-6.049	-169.854	76.974
1516	N1516	C12	protein	1	0.1017	21.173	54.964	159.606
1517	N1517	C4	transcript	1	0.9288	100.926	29.018	121.717
1518	N1518	C20	metabolite	2	0.4644	31.952	176.678	38.008
1519	N1519	C37	bridge	1	0.9828	-9.544	13.924	79.157
1520	N1520	C39	protein	6	0.6038	-25.383	-122.585	-81.281
1521	N1521	C13	transcript	1	0.9484	-118.325	-9.982	-68.615
1522	N1522	C12	metabolite	1	0.8744	80.163	84.236	155.528
1523	N1523	C1	bridge	1	0.3641	-127.041	-249.711	103.269
1524	N1524	C34	protein	3	0.7199	-65.084	127.848	-39.112
1525	N1525	C4	transcript	2	0.8024	74.006	35.968	92.786
1526	N1526	C19	metabolite	1	0.6602	-42.809	21.412	-122.127
1527	N1527	C13	bridge	1	0.7527	-146.610	-32.112	-86.756
1528	N1528	C23	protein	1	0.9381	137.925	72.304	-84.300
1529	N1529	C12	transcript	2	0.6719	59.947	49.680	180.621
1530	N1530	C1	metabolite	1	0.1012	-45.111	-249.403	53.009
1531	N1531	C24	bridge	1	0.6083	-92.519	-34.108	-87.907
1532	N1532	C39	protein	1	0.2033	-57.160	-150.076	-124.311
1533	N1533	C24	transcript	1	0.2806	-81.156	-5.320	-83.591
1534	N1534	C32	metabolite	1	0.1172	202.241	13.844	-17.351
1535	N1535	C16	bridge	1	0.9910	203.403	-27.054	131.318
1536	N1536	C27	protein	1	0.0792	-9.344	74.168	67.697
1537	N1537	C31	transcript	230	0.8541	-123.790	-334.806	85.202
1538	N1538	C18	metabolite	1	0.0778	-26.782	17.025	112.579
1539	N1539	C16	bridge	1	0.6576	207.777	-26.491	175.911
1540	N1540	C5	protein	1	0.7379	-42.018	53.113	-126.517
1541	N1541	C39	transcript	1	0.8860	-72.564	-106.640	-141.150
1542	N1542	C11	metabolite	1	0.5030	-48.384	-64.217	-2.681
1543	N1543	C33	bridge	1	0.5417	206.620	-80.267	143.161
1544	N1544	C23	protein	2	0.3869	183.915	33.105	1.164
1545	N1545	C29	transcript	1	0.2287	-231.275	72.290	149.729
1546	N1546	C22	metabolite	1	0.7885	-49.133	103.718	129.509
1547	N1547	C0	bridge	2	0.7478	-199.467	-113.783	-63.715
1548	N1548	C21	protein	1	0.8607	-136.496	62.872	-62.872
1549	N1549	C29	transcript	1	0.0317	-240.374	19.999	109.865
1550	N1550	C26	metabolite	2	0.0227	-42.886	11.733	30.925
1551	N1551	C35	bridge	1	0.6068	-108.748	107.003	43.108
1552	N1552	C4	protein	4	0.0025	122.620	44.916	119.590
1553	N1553	C1	transcript	3	0.5075	-45.347	-196.413	147.781
1554	N1554	C31	metabolite	1	0.7239	-94.873	-377.281	146.298
1555	N1555	C21	bridge	1	0.2126	-139.052	75.484	-14.645
1556	N1556	C3	protein	1	0.6946	20.562	225.370	120.956
1557	N1557	C27	transcript	1	0.1618	-30.026	65.359	167.565
1558	N1558	C17	metabolite	2	0.0866	190.642	17.830	-119.930
1559	N1559	C26	bridge	1	0.5671	-28.325	-90.217	-68.871
1560	N1560	C14	protein	3	0.8040	-12.296	-97.660	236.748
1561	N1561	C4	transcript	1	0.7607	37.558	67.189	172.904
1562	N1562	C26	metabolite	1	0.7515	-52.608	-3.959	65.753
1563	N1563	C37	bridge	1	0.9120	15.976	50.460	85.253
1564	N1564	C4	protein	5	0.6356	105.621	-22.860	149.624
1565	N1565	C13	transcript	2	0.0758	-134.895	-67.551	-34.303
1566	N1566	C10	metabolite	1	0.8745	34.143	-133.967	92.966
1567	N1567	C17	bridge	1	0.5590	208.136	-0.289	-129.818
1568	N1568	C22	protein	1	0.0700	2.102	90.919	53.860
1569	N1569	C6	transcript	6	0.3032	1.468	-127.438	-54.340
1570	N1570	C3	metabolite	1	0.7958	16.767	207.518	222.736
1571	N1571	C15	bridge	1	0.4849	-77.713	93.091	-129.036
1572	N1572	C7	protein	1	0.4846	-48.837	119.061	17.207
1573	N1573	C29	transcript	1	0.7090	-152.271	49.254	2.292
1574	N1574	C27	metabolite	13	0.8765	-34.028	98.675	51.062
1575	N1575	C37	bridge	2	0.4843	-43.724	31.597	102.236
1576	N1576	C9	protein	1	0.2544	198.862	-273.552	212.282
1577	N1577	C36	transcript	1	0.2925	58.069	-2.810	208.410
1578	N1578	C32	metabolite	1	0.2345	192.634	-2.960	-54.446
1579	N1579	C22	bridge	1	0.5731	-45.390	95.203	31.254
1580	N1580	C18	protein	10	0.9535	13.174	43.427	134.544
1581	N1581	C19	transcript	2	0.3524	41.573	78.420	-251.860
1582	N1582	C29	metabolite	1	0.6139	-122.594	18.939	73.229
1583	N1583	C23	bridge	1	0.3773	138.532	3.896	-30.958
1584	N1584	C10	protein	1	0.2255	122.887	-87.874	44.137
1585	N1585	C16	transcript	1	0.3054	128.538	-6.820	118.480
1586	N1586	C0	metabolite	1	0.4195	-176.521	-117.252	-99.530
1587	N1587	C2	bridge	1	0.0104	-66.250	-139.251	-39.421
1588	N1588	C12	protein	3	0.8142	80.589	44.721	126.194
1589	N1589	C32	transcript	4	0.9962	109.349	74.871	3.776
1590	N1590	C0	metabolite	1	0.1558	-152.280	-82.658	-117.395
1591	N1591	C20	bridge	1	0.7305	-40.730	192.929	10.638
1592	N1592	C37	protein	1	0.7629	-61.306	-40.029	124.078
1593	N1593	C18	transcript	4	0.8965	23.132	80.259	137.302
1594	N1594	C34	metabolite	2	0.9598	-121.543	83.691	-122.384
1595	N1595	C36	bridge	1	0.9858	8.128	-50.737	183.300
1596	N1596	C15	protein	1	0.3460	-103.608	100.444	-79.475
1597	N1597	C10	transcript	3	0.0117	34.893	-16.330	118.767
1598	N1598	C29	metabolite	11	0.8100	-300.048	55.110	213.854
1599	N1599	C7	bridge	1	0.1044	-26.808	122.351	40.216
1600	N1600	C12	protein	7	0.6619	52.330	49.059	103.800
1601	N1601	C38	transcript	3	0.2175	-54.877	-28.110	69.479
1602	N1602	C27	metabolite	1	0.4056	-27.485	68.629	104.752
1603	N1603	C21	bridge	2	0.5358	-128.094	69.795	-73.118
1604	N1604	C39	protein	1	0.6985	-58.576	-92.467	-129.595
1605	N1605	C5	transcript	6	0.6300	76.761	146.467	-87.356
1606	N1606	C28	metabolite	1	0.6828	24.162	-101.582	132.036
1607	N1607	C35	bridge	1	0.4566	-160.161	-9.531	-116.914
1608	N1608	C39	protein	1	0.8440	7.157	-131.765	-133.511
1609	N1609	C22	transcript	1	0.6802	-11.270	65.978	13.265
1610	N1610	C2	metabolite	1	0.3319	-50.112	-90.694	-87.809
1611	N1611	C22	bridge	1	0.5855	-115.952	132.221	-11.011
1612	N1612	C21	protein	2	0.1918	-147.417	68.517	-34.476
1613	N1613	C19	transcript	1	0.3474	-63.966	66.199	-171.463
1614	N1614	C34	metabolite	4	0.6085	-51.002	103.276	-69.936
1615	N1615	C9	bridge	1	0.4904	233.735	-218.072	148.508
1616	N1616	C17	protein	1	0.0527	177.151	-119.636	-35.781
1617	N1617	C5	transcript	1	0.4207	-6.323	49.481	-201.389
1618	N1618	C33	metabolite	1	0.1170	210.157	-187.659	126.869
1619	N1619	C38	bridge	1	0.8945	-126.668	-60.743	35.286
1620	N1620	C24	protein	1	0.7539	-104.061	-18.849	-35.020
1621	N1621	C38	transcript	1	0.0027	42.500	-78.669	123.789
1622	N1622	C30	metabolite	1	0.5112	-214.859	-57.909	44.919
1623	N1623	C8	bridge	1	0.9989	14.443	73.292	-109.668
1624	N1624	C23	protein	2	0.6250	121.048	-89.457	-36.745
1625	N1625	C31	transcript	1	0.2661	-135.743	-327.128	96.638
1626	N1626	C33	metabolite	1	0.6237	181.507	-166.917	150.750
1627	N1627	C36	bridge	2	0.9086	27.084	-18.753	214.009
1628	N1628	C1	protein	1	0.5334	-52.114	-245.832	74.148
1629	N1629	C18	transcript	1	0.0019	-43.384	22.834	112.917
1630	N1630	C20	metabolite	1	0.0432	-67.926	162.828	111.354
1631	N1631	C3	bridge	1	0.6374	-38.373	237.263	152.561
1632	N1632	C28	protein	1	0.6354	31.564	-118.900	139.472
1633	N1633	C2	transcript	2	0.8869	-107.410	-65.972	-158.120
1634	N1634	C11	metabolite	1	0.7190	70.652	-28.157	61.732
1635	N1635	C33	bridge	7	0.0417	194.369	-177.056	133.682
1636	N1636	C36	protein	1	0.4666	-9.466	-33.681	223.552
1637	N1637	C9	transcript	1	0.5450	221.734	-256.562	182.437
1638	N1638	C16	metabolite	2	0.0024	229.435	-5.470	146.247
1639	N1639	C8	bridge	1	0.7279	-7.261	-6.040	-49.574
1640	N1640	C30	protein	4	0.1560	-222.813	-43.546	112.174
1641	N1641	C33	transcript	4	0.4182	231.261	-160.112	129.181
1642	N1642	C10	metabolite	1	0.0287	89.412	-122.460	148.408
1643	N1643	C0	bridge	1	0.5909	-135.795	-62.397	-141.902
1644	N1644	C37	protein	1	0.7983	-8.896	-55.779	-18.421
1645	N1645	C14	transcript	1	0.2078	-246.477	-123.977	386.856
1646	N1646	C14	metabolite	1	0.5053	-119.335	-77.981	325.190
1647	N1647	C25	bridge	9	0.4248	-115.108	-82.961	-131.772
1648	N1648	C11	protein	1	0.6757	96.809	62.979	33.877
1649	N1649	C20	transcript	1	0.3762	51.979	178.118	81.453
1650	N1650	C29	metabolite	4	0.0341	-243.320	83.878	128.069
1651	N1651	C6	bridge	2	0.3291	1.692	-135.032	-43.016
1652	N1652	C3	protein	1	0.0076	-7.543	213.160	162.939
1653	N1653	C5	transcript	7	0.1351	-35.250	107.755	-129.683
1654	N1654	C16	metabolite	1	0.3585	206.761	-95.270	163.217
1655	N1655	C13	bridge	1	0.8421	-106.921	-80.555	7.427
1656	N1656	C11	protein	1	0.9508	-10.015	-109.931	117.003
1657	N1657	C25	transcript	2	0.7240	-163.302	-97.923	-132.376
1658	N1658	C37	metabolite	1	0.0930	-60.052	47.613	23.893
1659	N1659	C9	bridge	2	0.5286	220.661	-275.774	180.325
1660	N1660	C27	protein	1	0.7665	-27.926	71.038	118.754
1661	N1661	C0	transcript	3	0.4517	-161.401	-103.597	-57.300
1662	N1662	C2	metabolite	2	0.0654	-75.736	-138.004	-80.684
1663	N1663	C4	bridge	1	0.7295	105.377	-24.744	102.024
1664	N1664	C3	protein	1	0.6348	-21.256	235.872	145.863
1665	N1665	C5	transcript	1	0.8766	116.127	69.395	-69.378
1666	N1666	C4	metabolite	1	0.5927	105.482	33.636	121.089
1667	N1667	C30	bridge	2	0.5714	-263.866	-22.313	47.744
1668	N1668	C9	protein	6	0.7544	230.406	-311.509	184.537
1669	N1669	C26	transcript	1	0.6623	16.353	6.771	74.109
1670	N1670	C22	metabolite	3	0.5556	-6.085	165.945	11.214
1671	N1671	C7	bridge	1	0.2029	-76.942	67.742	95.822
1672	N1672	C3	protein	1	0.1889	0.691	207.754	174.640
1673	N1673	C24	transcript	2	0.5369	-143.032	-35.481	-99.339
1674	N1674	C16	metabolite	1	0.7752	189.912	-59.594	178.365
1675	N1675	C0	bridge	1	0.7758	-136.065	-180.036	-80.060
1676	N1676	C25	protein	2	0.7334	-115.917	-115.158	-121.863
1677	N1677	C37	transcript	1	0.8810	-41.284	-29.072	-1.934
1678	N1678	C32	metabolite	1	0.5394	238.045	-19.451	-17.893
1679	N1679	C21	bridge	1	0.1062	-163.063	77.412	-73.555
1680	N1680	C20	protein	5	0.6606	87.156	189.219	35.300
1681	N1681	C5	transcript	3	0.0547	77.481	-6.112	-129.943
1682	N1682	C28	metabolite	1	0.5920	29.073	-131.000	153.832
1683	N1683	C38	bridge	1	0.1569	-80.278	100.181	85.500
1684	N1684	C32	protein	1	0.7540	98.814	100.092	-98.467
1685	N1685	C20	transcript	4	0.3648	6.229	121.372	78.003
1686	N1686	C39	metabolite	1	0.7735	-59.861	-168.487	-149.482
1687	N1687	C7	bridge	1	0.1767	-27.997	215.401	3.767
1688	N1688	C32	protein	1	0.6502	157.524	32.828	-171.374
1689	N1689	C9	transcript	1	0.0351	224.679	-244.352	198.314
1690	N1690	C29	metabolite	1	0.2561	-172.321	13.999	119.435
1691	N1691	C11	bridge	1	0.6231	-30.919	-83.898	123.958
1692	N1692	C16	protein	1	0.6494	121.300	-68.230	205.245
1693	N1693	C15	transcript	1	0.2962	-84.348	46.013	-75.112
1694	N1694	C14	metabolite	3	0.3563	6.330	-14.181	360.195
1695	N1695	C27	bridge	1	0.5553	-14.686	98.451	79.853
1696	N1696	C21	protein	2	0.3084	-152.564	103.062	-64.778
1697	N1697	C12	transcript	3	0.7806	40.864	46.196	130.470
1698	N1698	C26	metabolite	2	0.5260	-49.136	-158.504	120.309
1699	N1699	C28	bridge	1	0.2995	62.143	-80.879	242.213
1700	N1700	C8	protein	1	0.7133	55.005	-20.961	-10.093
1701	N1701	C29	transcript	1	0.4122	-224.076	22.939	154.511
1702	N1702	C11	metabolite	1	0.5260	22.420	-51.773	76.767
1703	N1703	C5	bridge	2	0.5112	-23.062	65.368	-148.743
1704	N1704	C24	protein	1	0.5480	-140.724	-72.215	-77.780
1705	N1705	C12	transcript	1	0.6398	63.496	12.536	119.528
1706	N1706	C20	metabolite	1	0.4014	27.495	161.114	35.760
1707	N1707	C10	bridge	1	0.1519	59.903	-142.099	95.808
1708	N1708	C37	protein	1	0.0880	-9.568	-70.134	95.367
1709	N1709	C9	transcript	17	0.9489	242.544	-302.670	200.239
1710	N1710	C28	metabolite	1	0.1632	46.222	-79.323	158.242
1711	N1711	C20	bridge	6	0.9638	-68.860	170.663	60.603
1712	N1712	C24	protein	1	0.1507	-145.463	-57.151	-24.461
1713	N1713	C21	transcript	1	0.9881	-194.896	60.483	20.639
1714	N1714	C31	metabolite	1	0.4412	-111.129	-295.944	197.153
1715	N1715	C12	bridge	2	0.3556	86.438	93.029	137.463
1716	N1716	C3	protein	1	0.4120	-31.594	247.017	181.744
1717	N1717	C4	transcript	3	0.9330	79.792	16.923	195.879
1718	N1718	C19	metabolite	1	0.5746	-55.736	7.781	-177.514
1719	N1719	C23	bridge	1	0.2103	180.518	-21.616	-24.061
1720	N1720	C17	protein	1	0.0155	58.956	-81.451	-69.197
1721	N1721	C31	transcript	1	0.2099	-158.507	-288.374	121.757
1722	N1722	C34	metabolite	1	0.9524	-83.856	113.698	13.226
1723	N1723	C12	bridge	1	0.1853	87.725	39.698	178.368
1724	N1724	C19	protein	12	0.6238	-114.675	85.546	-199.701
1725	N1725	C14	transcript	1	0.6908	-86.382	-80.290	292.378
1726	N1726	C38	metabolite	1	0.2447	35.510	-43.452	7.569
1727	N1727	C32	bridge	1	0.0760	192.362	55.436	-40.372
1728	N1728	C15	protein	1	0.1843	-108.561	109.064	-66.097
1729	N1729	C26	transcript	3	0.6859	-88.616	-65.913	116.881
1730	N1730	C2	metabolite	2	0.3519	-120.912	-150.393	-96.879
1731	N1731	C16	bridge	2	0.2070	192.337	-111.192	129.248
1732	N1732	C11	protein	1	0.1494	-26.545	-101.959	41.665
1733	N1733	C16	transcript	6	0.2656	199.258	-7.714	145.919
1734	N1734	C21	metabolite	3	0.8587	-175.111	81.140	-52.310
1735	N1735	C0	bridge	3	0.9085	-160.271	-80.957	-32.519
1736	N1736	C32	protein	3	0.0685	198.267	56.844	-153.090
1737	N1737	C11	transcript	4	0.3764	55.091	-59.546	114.289
1738	N1738	C21	metabolite	1	0.4737	-213.622	103.809	-63.976
1739	N1739	C21	bridge	1	0.7872	-118.664	21.569	-56.881
1740	N1740	C10	protein	2	0.5106	77.281	-124.533	121.331
1741	N1741	C27	transcript	1	0.9283	-28.204	49.476	99.415
1742	N1742	C2	metabolite	3	0.0819	-54.751	-81.401	-159.571
1743	N1743	C37	bridge	1	0.7967	7.315	-36.971	138.809
1744	N1744	C0	protein	2	0.8892	-158.742	-137.256	-83.524
1745	N1745	C20	transcript	1	0.4172	2.253	142.426	16.118
1746	N1746	C24	metabolite	1	0.8456	-148.368	-38.551	-13.829
1747	N1747	C6	bridge	2	0.6440	10.951	-139.825	-95.369
1748	N1748	C11	protein	4	0.4679	51.924	-25.946	46.689
1749	N1749	C39	transcript	1	0.8330	-20.101	-176.770	-136.655
1750	N1750	C37	metabolite	1	0.0573	-66.962	-50.011	114.644
1751	N1751	C11	bridge	3	0.2039	14.756	-1.626	104.416
1752	N1752	C39	protein	1	0.2187	-27.724	-109.813	-103.899
1753	N1753	C38	transcript	2	0.3919	-118.237	63.266	-16.976
1754	N1754	C12	metabolite	1	0.7232	62.592	50.101	119.104
1755	N1755	C38	bridge	3	0.1398	-58.407	-22.817	-25.520
1756	N1756	C27	protein	1	0.2100	-0.425	48.827	67.803
1757	N1757	C21	transcript	2	0.6125	-182.153	86.573	-44.289
1758	N1758	C23	metabolite	2	0.8676	137.177	-44.177	-64.346
1759	N1759	C5	bridge	1	0.3348	92.738	104.176	-54.294
1760	N1760	C2	protein	1	0.1347	-74.215	-135.576	-43.235
1761	N1761	C10	transcript	1	0.8200	3.044	-62.939	128.718
1762	N1762	C26	metabolite	1	0.3177	42.587	-107.624	17.481
1763	N1763	C14	bridge	12	0.1507	-166.983	-75.809	289.880
1764	N1764	C18	protein	1	0.0899	-4.077	1.369	142.997
1765	N1765	C34	transcript	1	0.6595	-107.326	51.951	-61.053
1766	N1766	C8	metabolite	1	0.3249	16.823	32.146	-43.688
1767	N1767	C29	bridge	1	0.1427	-140.892	50.673	34.830
1768	N1768	C17	protein	1	0.5527	184.186	-48.757	-161.749
1769	N1769	C35	transcript	1	0.1518	-231.860	68.935	-43.944
1770	N1770	C13	metabolite	2	0.0551	-128.207	-111.679	-28.167
1771	N1771	C37	bridge	1	0.7154	-69.047	-35.467	74.792
1772	N1772	C26	protein	1	0.5366	-135.014	-146.744	34.177
1773	N1773	C8	transcript	8	0.4484	9.017	-60.593	-35.226
1774	N1774	C2	metabolite	1	0.0966	-114.775	-79.512	-146.038
1775	N1775	C16	bridge	3	0.0583	210.635	-119.836	134.735
1776	N1776	C39	protein	3	0.7293	-55.493	-153.208	-132.993
1777	N1777	C5	transcript	1	0.7553	-50.198	-15.477	-162.978
1778	N1778	C7	metabolite	1	0.4784	5.649	183.705	10.618
1779	N1779	C20	bridge	1	0.2637	48.257	204.216	159.807
1780	N1780	C17	protein	50	0.3490	122.495	-97.206	-137.175
1781	N1781	C38	transcript	1	0.3698	-75.089	-16.008	42.786
1782	N1782	C25	metabolite	1	0.5964	-130.772	-129.700	-55.909
1783	N1783	C14	bridge	1	0.8095	-147.737	-119.170	338.196
1784	N1784	C17	protein	1	0.3841	169.426	-191.144	-161.915
1785	N1785	C21	transcript	4	0.1235	-153.632	95.037	-52.284
1786	N1786	C32	metabolite	1	0.5602	98.197	0.432	-59.779
1787	N1787	C30	bridge	5	0.5885	-282.677	-48.387	72.167
1788	N1788	C12	protein	1	0.9794	86.913	-8.369	133.800
1789	N1789	C24	transcript	4	0.1452	-94.746	-21.919	-110.114
1790	N1790	C34	metabolite	1	0.7971	-94.225	131.208	-103.831
1791	N1791	C15	bridge	1	0.2681	-172.015	76.222	-70.530
1792	N1792	C32	protein	4	0.4496	134.209	42.847	-88.795
1793	N1793	C36	transcript	1	0.7186	-0.344	19.011	184.815
1794	N1794	C28	metabolite	1	0.4940	85.689	-65.707	182.585
1795	N1795	C22	bridge	1	0.8386	49.997	66.564	118.677
1796	N1796	C33	protein	1	0.3600	205.012	-169.432	135.208
1797	N1797	C17	transcript	1	0.7318	209.215	-42.036	0.557
1798	N1798	C23	metabolite	1	0.1866	100.063	107.308	-59.983
1799	N1799	C17	bridge	1	0.1595	183.880	-88.047	-14.311
1800	N1800	C7	protein	1	0.4697	-46.256	123.022	-8.810
1801	N1801	C19	transcript	1	0.7297	-10.803	80.292	-191.850
1802	N1802	C21	metabolite	1	0.0276	-157.918	50.287	-97.806
1803	N1803	C0	bridge	1	0.7229	-136.779	-117.777	-58.535
1804	N1804	C15	protein	1	0.7514	-133.333	82.161	-88.186
1805	N1805	C36	transcript	2	0.6900	-10.546	-32.815	246.853
1806	N1806	C10	metabolite	1	0.7034	20.678	-132.779	65.558
1807	N1807	C9	bridge	2	0.2416	235.874	-217.924	165.969
1808	N1808	C27	protein	2	0.5396	23.664	51.752	113.314
1809	N1809	C22	transcript	1	0.1446	-40.247	58.690	114.423
1810	N1810	C17	metabolite	2	0.0290	137.241	-0.440	-5.251
1811	N1811	C17	bridge	2	0.8926	93.332	-40.561	-88.338
1812	N1812	C29	protein	1	0.8952	-214.007	22.727	137.263
1813	N1813	C2	transcript	2	0.3580	-128.503	-89.119	-179.874
1814	N1814	C30	metabolite	1	0.0702	-235.977	-43.600	58.687
1815	N1815	C27	bridge	2	0.3001	-32.278	90.431	118.226
1816	N1816	C11	protein	2	0.3572	-53.274	-79.188	52.634
1817	N1817	C32	transcript	1	0.5158	220.500	64.436	-44.482
1818	N1818	C0	metabolite	1	0.3117	-142.996	-131.266	-77.385
1819	N1819	C1	bridge	1	0.5701	-55.295	-243.617	67.393
1820	N1820	C36	protein	1	0.3583	44.633	-60.185	200.563
1821	N1821	C24	transcript	2	0.6110	-128.381	-15.305	-83.860
1822	N1822	C10	metabolite	3	0.3847	13.775	-36.525	179.615
1823	N1823	C27	bridge	1	0.2297	-65.024	94.206	111.484
1824	N1824	C32	protein	1	0.7736	167.840	79.202	-136.320
1825	N1825	C9	transcript	5	0.0890	221.633	-206.882	200.266
1826	N1826	C14	metabolite	4	0.1622	-65.323	-97.266	388.071
1827	N1827	C22	bridge	1	0.2842	-44.327	123.073	110.389
1828	N1828	C35	protein	1	0.1351	-261.255	1.448	-62.997
1829	N1829	C22	transcript	2	0.2225	-39.439	133.676	54.613
1830	N1830	C5	metabolite	1	0.5492	38.509	84.034	-154.638
1831	N1831	C22	bridge	1	0.6944	-25.919	131.296	70.280
1832	N1832	C15	protein	1	0.8143	-158.745	114.606	-73.290
1833	N1833	C22	transcript	2	0.8711	2.731	136.254	145.607
1834	N1834	C7	metabolite	1	0.5315	-89.365	198.522	78.876
1835	N1835	C39	bridge	2	0.0666	-69.765	-127.495	-130.541
1836	N1836	C39	protein	2	0.9700	-78.609	-140.746	-119.316
1837	N1837	C23	transcript	1	0.7800	197.202	71.949	-96.180
1838	N1838	C26	metabolite	1	0.2564	-63.962	-9.733	35.649
1839	N1839	C3	bridge	1	0.8008	26.264	186.364	136.021
1840	N1840	C7	protein	1	0.5319	29.253	129.772	25.125
1841	N1841	C33	transcript	9	0.1816	191.132	-154.890	121.369
1842	N1842	C26	metabolite	1	0.3443	-55.775	44.293	45.093
1843	N1843	C24	bridge	2	0.0841	-132.231	-42.501	-88.006
1844	N1844	C10	protein	1	0.1576	62.148	-96.089	117.282
1845	N1845	C8	transcript	3	0.0784	-10.943	-32.885	-87.949
1846	N1846	C19	metabolite	1	0.3556	45.039	89.390	-198.450
1847	N1847	C38	bridge	1	0.1007	-41.587	-9.916	-3.223
1848	N1848	C28	protein	1	0.1329	36.269	-84.312	135.853
1849	N1849	C38	transcript	1	0.1075	-96.625	79.246	162.862
1850	N1850	C24	metabolite	1	0.8235	-120.536	-40.801	-73.725
1851	N1851	C18	bridge	3	0.8582	-39.768	20.175	114.446
1852	N1852	C31	protein	2	0.2308	-46.355	-378.234	164.742
1853	N1853	C21	transcript	1	0.3050	-156.774	65.959	-18.550
1854	N1854	C38	metabolite	1	0.3316	-67.512	-298.043	-13.981
1855	N1855	C0	bridge	1	0.1713	-164.698	-153.603	-65.998
1856	N1856	C19	protein	1	0.4257	-34.458	35.810	-107.088
1857	N1857	C8	transcript	2	0.5822	27.134	-24.843	-180.960
1858	N1858	C19	metabolite	2	0.2469	55.526	119.304	-105.829
1859	N1859	C14	bridge	1	0.2050	-66.339	75.245	309.352
1860	N1860	C1	protein	5	0.1683	-74.068	-260.834	108.092
1861	N1861	C13	transcript	1	0.0507	-45.530	-55.867	-7.507
1862	N1862	C28	metabolite	3	0.8838	117.402	-57.274	218.780
1863	N1863	C13	bridge	1	0.9930	-99.729	-133.541	41.258
1864	N1864	C32	protein	1	0.9972	160.245	17.275	-108.219
1865	N1865	C22	transcript	1	0.3907	42.346	148.691	97.923
1866	N1866	C7	metabolite	1	0.5545	-58.421	119.673	33.842
1867	N1867	C15	bridge	15	0.9003	-134.229	90.556	-94.366
1868	N1868	C18	protein	1	0.5087	-10.494	35.057	171.077
1869	N1869	C38	transcript	7	0.8841	-43.281	-52.224	97.311
1870	N1870	C29	metabolite	2	0.3377	-207.611	-20.254	38.937
1871	N1871	C28	bridge	2	0.8679	53.807	-98.433	212.866
1872	N1872	C24	protein	4	0.2274	-149.069	-36.700	-93.228
1873	N1873	C6	transcript	2	0.5739	43.502	-173.181	-92.783
1874	N1874	C39	metabolite	2	0.6934	-2.118	-147.239	-113.446
1875	N1875	C31	bridge	1	0.4059	-93.013	-365.756	126.647
1876	N1876	C11	protein	1	0.8869	50.685	-75.186	60.873
1877	N1877	C37	transcript	5	0.7001	-1.641	3.342	54.783
1878	N1878	C6	metabolite	1	0.8963	6.849	-112.090	-14.143
1879	N1879	C20	bridge	1	0.5967	-6.286	73.240	58.522
1880	N1880	C10	protein	1	0.7913	-3.041	-92.371	198.650
1881	N1881	C32	transcript	1	0.7089	281.584	81.946	16.743
1882	N1882	C25	metabolite	1	0.8905	-109.882	-101.288	-151.584
1883	N1883	C23	bridge	3	0.2058	187.356	5.761	-68.123
1884	N1884	C14	protein	1	0.7937	-149.434	-31.941	315.811
1885	N1885	C32	transcript	4	0.4589	197.859	-44.952	-32.384
1886	N1886	C6	metabolite	1	0.3400	-25.212	-138.094	-53.127
1887	N1887	C19	bridge	1	0.2570	-55.739	63.824	-229.653
1888	N1888	C29	protein	1	0.2017	-212.078	-51.929	74.667
1889	N1889	C21	transcript	2	0.7630	-199.616	63.783	-39.861
1890	N1890	C14	metabolite	1	0.1515	-170.709	-83.709	238.223
1891	N1891	C22	bridge	3	0.4638	-90.769	101.706	126.402
1892	N1892	C14	protein	1	0.6205	-77.891	-51.129	264.380
1893	N1893	C24	transcript	1	0.9226	-94.152	-47.551	-99.022
1894	N1894	C23	metabolite	1	0.0285	125.219	136.979	-7.000
1895	N1895	C27	bridge	1	0.2569	-48.888	58.481	106.246
1896	N1896	C28	protein	3	0.9188	11.560	-134.222	132.240
1897	N1897	C14	transcript	1	0.8413	-134.017	-140.166	303.449
1898	N1898	C27	metabolite	1	0.3263	-36.751	31.974	129.553
1899	N1899	C38	bridge	3	0.6782	-112.172	-2.799	22.758
1900	N1900	C38	protein	2	0.3327	-118.536	-47.076	-9.480
1901	N1901	C33	transcript	17	0.3313	213.645	-145.872	124.948
1902	N1902	C10	metabolite	1	0.7275	99.769	-121.537	154.273
1903	N1903	C18	bridge	1	0.9343	19.939	6.281	103.979
1904	N1904	C34	protein	3	0.2921	-64.385	72.440	-30.757
1905	N1905	C37	transcript	6	0.6664	-36.641	-47.557	93.492
1906	N1906	C12	metabolite	1	0.6250	85.028	75.712	168.941
1907	N1907	C2	bridge	72	0.0679	-79.886	-74.461	-223.789
1908	N1908	C7	protein	3	0.7981	-0.170	97.603	12.779
1909	N1909	C6	transcript	1	0.5370	49.393	-161.182	-66.147
1910	N1910	C18	metabolite	3	0.0383	-18.719	44.457	117.907
1911	N1911	C37	bridge	1	0.3717	-7.525	-36.355	52.766
1912	N1912	C21	protein	1	0.0898	-162.807	58.547	-62.402
1913	N1913	C39	transcript	1	0.0436	-68.978	-150.281	-131.900
1914	N1914	C26	metabolite	1	0.8952	128.600	-54.135	36.776
1915	N1915	C37	bridge	2	0.7433	-48.882	72.680	88.741
1916	N1916	C6	protein	2	0.4317	26.892	-131.662	-50.711
1917	N1917	C37	transcript	1	0.0837	3.942	6.267	78.407
1918	N1918	C33	metabolite	1	0.4118	190.090	-134.732	143.148
1919	N1919	C28	bridge	1	0.6714	35.072	-93.297	163.927
1920	N1920	C15	protein	2	0.4996	-107.893	101.852	-63.444
1921	N1921	C7	transcript	1	0.9407	-89.048	162.865	117.347
1922	N1922	C39	metabolite	1	0.2778	-67.301	-147.919	-150.837
1923	N1923	C0	bridge	1	0.0306	-192.090	-123.403	-71.614
1924	N1924	C4	protein	90	0.4319	30.629	-12.196	123.767
1925	N1925	C26	transcript	2	0.7573	-77.470	-95.552	-42.840
1926	N1926	C39	metabolite	1	0.7114	-45.359	-110.355	-111.123
1927	N1927	C6	bridge	15	0.2277	69.761	-140.258	-30.639
1928	N1928	C38	protein	1	0.1080	-3.372	-65.607	94.289
1929	N1929	C22	transcript	1	0.9698	7.086	82.700	78.190
1930	N1930	C33	metabolite	2	0.6199	172.778	-76.660	178.333
1931	N1931	C25	bridge	1	0.2239	-24.603	-139.148	-183.236
1932	N1932	C30	protein	1	0.0927	-256.717	-121.246	93.352
1933	N1933	C13	transcript	1	0.9954	-120.840	-101.368	65.656
1934	N1934	C39	metabolite	2	0.4690	-79.936	-117.281	-140.037
1935	N1935	C8	bridge	3	0.8772	-130.860	-1.107	-101.788
1936	N1936	C7	protein	1	0.3778	-63.547	137.502	28.195
1937	N1937	C37	transcript	1	0.3331	-70.179	-32.311	40.712
1938	N1938	C21	metabolite	1	0.6998	-185.482	65.021	-66.261
1939	N1939	C5	bridge	1	0.0644	75.630	-27.976	-95.038
1940	N1940	C37	protein	1	0.4602	-37.417	20.115	103.148
1941	N1941	C1	transcript	1	0.7617	-60.908	-310.242	45.631
1942	N1942	C4	metabolite	2	0.1192	58.045	2.929	195.947
1943	N1943	C29	bridge	1	0.0801	-192.775	172.826	83.974
1944	N1944	C25	protein	2	0.1781	-117.642	-92.393	-74.790
1945	N1945	C31	transcript	1	0.3975	-156.424	-373.133	174.044
1946	N1946	C18	metabolite	1	0.0649	-41.654	65.505	184.133
1947	N1947	C39	bridge	1	0.3284	9.344	-113.881	-154.025
1948	N1948	C13	protein	1	0.8695	-116.718	-121.676	-8.969
1949	N1949	C14	transcript	1	0.6043	-13.913	10.207	244.274
1950	N1950	C15	metabolite	2	0.5341	-116.463	127.285	-85.728
1951	N1951	C37	bridge	2	0.0775	-6.275	74.071	54.653
1952	N1952	C36	protein	1	0.9693	20.558	4.390	235.698
1953	N1953	C17	transcript	1	0.9229	128.364	-129.258	-61.011
1954	N1954	C34	metabolite	1	0.0428	-105.888	69.378	-106.106
1955	N1955	C8	bridge	20	0.1885	-11.708	-3.428	-40.459
1956	N1956	C2	protein	1	0.3560	-66.284	-52.365	-185.806
1957	N1957	C30	transcript	2	0.4318	-218.398	-66.179	36.381
1958	N1958	C5	metabolite	2	0.2228	43.429	77.827	-172.268
1959	N1959	C28	bridge	1	0.9722	103.264	-130.950	130.163
1960	N1960	C9	protein	1	0.3990	240.870	-295.807	178.235
1961	N1961	C35	transcript	2	0.4243	-224.299	159.942	-53.808
1962	N1962	C0	metabolite	1	0.4456	-139.619	-149.560	-111.580
1963	N1963	C23	bridge	1	0.0731	211.008	-45.032	-94.924
1964	N1964	C35	protein	6	0.7143	-200.326	130.156	-8.804
1965	N1965	C17	transcript	1	0.8657	147.949	-31.487	-82.310
1966	N1966	C23	metabolite	1	1.0000	125.715	33.905	42.817
1967	N1967	C8	bridge	3	0.5331	12.307	-71.724	-14.853
1968	N1968	C10	protein	1	0.1161	8.548	-168.475	158.797
1969	N1969	C18	transcript	1	0.7133	-60.027	7.535	148.927
1970	N1970	C37	metabolite	1	0.2260	-115.938	2.616	36.896
1971	N1971	C18	bridge	1	0.7188	-50.056	26.355	169.976
1972	N1972	C0	protein	1	0.1190	-182.500	-78.515	-50.692
1973	N1973	C11	transcript	1	0.0216	-110.379	-152.230	73.693
1974	N1974	C4	metabolite	1	0.5970	95.010	76.382	156.319
1975	N1975	C13	bridge	2	0.7956	-89.431	-121.991	38.256
1976	N1976	C37	protein	1	0.6329	46.111	-49.624	65.339
1977	N1977	C28	transcript	12	0.5217	28.630	-133.518	188.004
1978	N1978	C15	metabolite	1	0.3096	-98.283	96.608	-71.643
1979	N1979	C34	bridge	1	0.2357	-104.423	120.624	-100.321
1980	N1980	C23	protein	6	0.8090	202.321	65.572	-58.834
1981	N1981	C29	transcript	1	0.0680	-234.279	19.063	63.535
1982	N1982	C17	metabolite	3	0.7597	234.072	-60.944	-46.642
1983	N1983	C25	bridge	3	0.2432	-59.617	-138.154	-32.132
1984	N1984	C6	protein	2	0.9155	0.012	-157.061	-74.072
1985	N1985	C39	transcript	3	0.8495	10.077	-122.140	-71.245
1986	N1986	C37	metabolite	1	0.0142	-30.996	22.314	81.094
1987	N1987	C2	bridge	1	0.8589	-19.007	-8.793	-227.691
1988	N1988	C14	protein	18	0.0870	-151.264	-73.143	269.866
1989	N1989	C0	transcript	1	0.8667	-175.350	-104.218	-97.240
1990	N1990	C39	metabolite	6	0.8086	-69.780	-156.864	-121.154
1991	N1991	C38	bridge	1	0.7558	-64.355	-38.447	-3.943
1992	N1992	C14	protein	5	0.4989	-86.501	-72.764	196.422
1993	N1993	C34	transcript	1	0.5379	-86.026	126.203	-87.817
1994	N1994	C10	metabolite	1	0.6225	59.576	-121.530	104.239
1995	N1995	C4	bridge	8	0.1899	42.606	17.562	111.720
1996	N1996	C22	protein	1	0.0724	39.327	97.334	49.167
1997	N1997	C20	transcript	1	0.9997	24.693	179.708	-55.840
1998	N1998	C5	metabolite	1	0.4709	-5.633	9.673	-117.870
1999	N1999	C7	bridge	1	0.3924	-19.844	81.486	-54.289
2000	N2000	C3	protein	1	0.7630	-18.506	191.275	150.996
2001	N2001	C8	transcript	1	0.9029	-3.475	-89.859	-92.327
2002	N2002	C24	metabolite	4	0.3940	-96.737	-104.337	-103.575
2003	N2003	C34	bridge	1	0.4989	-137.628	112.660	-136.649
2004	N2004	C31	protein	2	0.3580	-143.510	-309.600	125.585
2005	N2005	C12	transcript	1	0.4462	59.899	11.520	116.941
2006	N2006	C20	metabolite	1	0.1069	-35.429	241.862	-16.932
2007	N2007	C1	bridge	1	0.8098	-108.970	-157.686	75.235
2008	N2008	C31	protein	1	0.7837	-156.512	-323.371	115.432
2009	N2009	C10	transcript	1	0.4238	52.992	-54.418	158.670
2010	N2010	C17	metabolite	1	0.6709	104.856	-22.127	-74.422
2011	N2011	C3	bridge	1	0.6684	-68.509	216.622	158.145
2012	N2012	C38	protein	17	0.7102	-124.379	-78.148	90.276
2013	N2013	C33	transcript	1	0.5425	206.520	-209.806	144.737
2014	N2014	C13	metabolite	9	0.6235	-77.891	-150.291	9.363
2015	N2015	C16	bridge	7	0.5444	216.271	-67.535	101.618
2016	N2016	C10	protein	2	0.8167	15.301	-88.269	229.934
2017	N2017	C21	transcript	1	0.7027	-124.688	110.089	-40.374
2018	N2018	C32	metabolite	1	0.3992	215.771	-0.901	-125.481
2019	N2019	C15	bridge	3	0.5099	-175.605	80.898	-81.729
2020	N2020	C14	protein	1	0.6981	-71.602	-188.484	284.296
2021	N2021	C3	transcript	1	0.6313	-6.873	227.884	147.012
2022	N2022	C9	metabolite	1	0.4747	207.482	-244.635	199.468
2023	N2023	C10	bridge	1	0.4330	8.101	-86.315	134.998
2024	N2024	C3	protein	2	0.6962	17.352	218.189	166.287
2025	N2025	C26	transcript	1	0.9217	-7.863	-38.551	30.295
2026	N2026	C14	metabolite	1	0.2761	-130.774	-108.336	268.641
2027	N2027	C17	bridge	1	0.0334	194.907	-77.692	-139.373
2028	N2028	C27	protein	1	0.9543	-7.483	79.528	138.738
2029	N2029	C5	transcript	1	0.5669	-18.785	89.735	-88.007
2030	N2030	C11	metabolite	3	0.5947	-88.761	50.972	93.612
2031	N2031	C31	bridge	1	0.1417	-132.476	-314.964	170.963
2032	N2032	C15	protein	1	0.6773	-75.193	84.979	-79.709
2033	N2033	C20	transcript	1	0.2439	24.626	147.581	48.847
2034	N2034	C32	metabolite	3	0.8178	81.877	-50.563	-52.601
2035	N2035	C26	bridge	4	0.1515	39.687	35.782	19.163
2036	N2036	C37	protein	1	0.4073	-68.888	-72.503	23.988
2037	N2037	C24	transcript	1	0.8305	-113.366	-68.282	-32.243
2038	N2038	C36	metabolite	1	0.6196	-15.386	-46.925	225.117
2039	N2039	C1	bridge	3	0.0306	-42.120	-187.607	75.356
2040	N2040	C18	protein	3	0.5243	-34.579	-16.745	143.145
2041	N2041	C27	transcript	3	0.0885	-10.790	51.122	99.519
2042	N2042	C31	metabolite	1	0.6261	-123.494	-356.148	107.206
2043	N2043	C25	bridge	1	0.3913	-179.864	-83.933	-163.797
2044	N2044	C1	protein	1	0.1964	-75.290	-185.883	76.445
2045	N2045	C20	transcript	1	0.5997	76.272	110.630	88.667
2046	N2046	C35	metabolite	2	0.4467	-227.374	38.869	-58.193
2047	N2047	C16	bridge	1	0.2076	168.398	-81.637	148.947
2048	N2048	C32	protein	1	0.3383	183.084	129.280	37.968
2049	N2049	C13	transcript	1	0.0136	-144.303	-92.212	-16.071
2050	N2050	C39	metabolite	6	0.9169	-58.183	-153.171	-145.313
2051	N2051	C18	bridge	1	0.1424	-41.990	-16.454	170.857
2052	N2052	C15	protein	1	0.8752	-115.998	79.586	-79.169
2053	N2053	C6	transcript	2	0.1234	81.249	-152.241	-74.210
2054	N2054	C27	metabolite	1	0.0421	-46.748	78.296	94.202
2055	N2055	C30	bridge	1	0.6794	-230.920	-28.611	55.935
2056	N2056	C34	protein	1	0.6995	-108.901	89.564	-140.296
2057	N2057	C12	transcript	1	0.0497	71.258	3.323	98.491
2058	N2058	C18	metabolite	1	0.3850	-46.038	-8.354	135.095
2059	N2059	C10	bridge	1	0.4481	37.483	-136.083	83.604
2060	N2060	C3	protein	1	0.1773	3.950	205.459	161.742
2061	N2061	C35	transcript	1	0.2474	-243.555	47.312	-28.434
2062	N2062	C14	metabolite	1	0.3185	-148.246	12.979	326.160
2063	N2063	C16	bridge	1	0.5067	186.010	-34.502	172.051
2064	N2064	C9	protein	1	0.9522	209.788	-208.651	172.765
2065	N2065	C6	transcript	2	0.0862	13.631	-141.121	-49.448
2066	N2066	C21	metabolite	4	0.6674	-148.730	91.853	-26.756
2067	N2067	C25	bridge	2	0.4027	-78.214	-32.039	-87.218
2068	N2068	C13	protein	3	0.2593	-75.915	-31.384	-78.888
2069	N2069	C33	transcript	2	0.0687	205.048	-164.415	154.349
2070	N2070	C32	metabolite	2	0.4895	153.855	86.181	-98.498
2071	N2071	C22	bridge	1	0.8114	-103.867	126.464	152.135
2072	N2072	C33	protein	2	0.7805	203.182	-120.306	142.492
2073	N2073	C15	transcript	9	0.5661	-133.724	100.105	-76.058
2074	N2074	C18	metabolite	2	0.9534	-33.172	54.924	95.006
2075	N2075	C24	bridge	1	0.8812	-128.049	-40.263	-80.199
2076	N2076	C27	protein	8	0.7269	-28.073	114.368	137.799
2077	N2077	C15	transcript	2	0.5788	-140.670	80.001	-72.691
2078	N2078	C18	metabolite	3	0.5040	-69.175	44.815	139.241
2079	N2079	C6	bridge	1	0.3129	25.708	-134.980	-76.152
2080	N2080	C6	protein	1	0.8376	6.882	-98.991	-72.413
2081	N2081	C13	transcript	1	0.6957	-194.188	-54.665	-86.273
2082	N2082	C19	metabolite	9	0.0549	12.332	-36.618	-186.374
2083	N2083	C7	bridge	2	0.2815	-32.978	77.859	43.431
2084	N2084	C2	protein	1	0.3156	-87.975	-85.136	-68.230
2085	N2085	C31	transcript	5	0.9182	-168.198	-396.638	93.840
2086	N2086	C30	metabolite	1	0.4470	-229.225	-63.311	36.306
2087	N2087	C33	bridge	2	0.2813	204.433	-176.176	98.260
2088	N2088	C0	protein	1	0.3539	-146.643	-98.978	-88.939
2089	N2089	C29	transcript	1	0.9998	-114.238	27.404	91.677
2090	N2090	C9	metabolite	1	0.1181	250.215	-257.081	176.594
2091	N2091	C21	bridge	1	0.3325	-194.790	116.594	-28.850
2092	N2092	C14	protein	8	0.6601	-234.344	-96.159	275.796
2093	N2093	C20	transcript	1	0.7933	-2.268	172.009	24.823
2094	N2094	C23	metabolite	2	0.8908	100.819	-11.075	-68.866
2095	N2095	C14	bridge	1	0.7076	-84.735	0.756	355.558
2096	N2096	C12	protein	2	0.6028	55.761	21.890	138.238
2097	N2097	C18	transcript	1	0.7687	-77.609	39.879	89.567
2098	N2098	C35	metabolite	4	0.3495	-86.926	72.991	-170.481
2099	N2099	C14	bridge	10	0.9220	-124.375	-143.256	378.965
2100	N2100	C18	protein	2	0.5902	-48.824	36.525	98.949
2101	N2101	C18	transcript	1	0.3410	-18.517	83.570	88.232
2102	N2102	C38	metabolite	1	0.4712	-96.922	-19.385	60.867
2103	N2103	C2	bridge	1	0.2621	-67.684	-127.119	-65.444
2104	N2104	C38	protein	1	0.8310	-169.453	-65.209	109.561
2105	N2105	C37	transcript	1	0.1079	-82.181	-47.639	113.089
2106	N2106	C21	metabolite	6	0.3760	-147.199	79.301	-50.572
2107	N2107	C8	bridge	1	0.6857	8.134	-38.746	-60.824
2108	N2108	C30	protein	1	0.2514	-267.501	-27.143	75.659
2109	N2109	C15	transcript	4	0.4386	-120.459	111.567	-73.168
2110	N2110	C31	metabolite	1	0.0743	-125.631	-408.144	113.439
2111	N2111	C25	bridge	2	0.8624	-111.892	-145.581	-75.253
2112	N2112	C24	protein	2	0.7085	-81.965	-8.978	-54.555
2113	N2113	C25	transcript	1	0.2564	-117.975	-95.443	-178.006
2114	N2114	C35	metabolite	1	0.5710	-233.501	9.845	5.767
2115	N2115	C21	bridge	5	0.5283	-101.468	110.824	-24.116
2116	N2116	C20	protein	1	0.2947	-48.923	153.763	34.410
2117	N2117	C32	transcript	1	0.9344	201.812	55.103	-84.287
2118	N2118	C21	metabolite	2	0.8894	-114.997	99.022	-78.516
2119	N2119	C12	bridge	1	0.3307	97.258	76.818	95.221
2120	N2120	C34	protein	5	0.6081	-74.547	82.159	-78.518
2121	N2121	C32	transcript	4	0.8387	147.308	81.118	-30.807
2122	N2122	C30	metabolite	1	0.7475	-227.334	-97.528	59.009
2123	N2123	C5	bridge	7	0.5331	63.113	-20.071	-114.260
2124	N2124	C28	protein	12	0.3288	105.722	-97.423	119.600
2125	N2125	C2	transcript	1	0.8630	-162.820	-106.674	-211.624
2126	N2126	C9	metabolite	1	0.1472	268.963	-259.757	146.636
2127	N2127	C12	bridge	1	0.0539	41.753	64.326	130.073
2128	N2128	C39	protein	1	0.0509	-39.172	-170.865	-111.998
2129	N2129	C1	transcript	3	0.8158	-111.363	-188.393	145.054
2130	N2130	C0	metabolite	1	0.4002	-168.425	-133.598	-59.204
2131	N2131	C9	bridge	1	0.2939	219.277	-265.978	191.339
2132	N2132	C18	protein	1	0.4041	-27.206	-3.429	144.020
2133	N2133	C38	transcript	1	0.5844	-95.756	-24.161	-22.852
2134	N2134	C12	metabolite	1	0.5902	55.282	62.792	132.261
2135	N2135	C30	bridge	2	0.5189	-265.950	-45.638	128.920
2136	N2136	C31	protein	1	0.0206	-146.838	-319.735	161.742
2137	N2137	C15	transcript	1	0.1624	-83.619	61.109	-91.835
2138	N2138	C3	metabolite	1	0.8446	-16.421	218.047	125.877
2139	N2139	C8	bridge	1	0.5625	-117.571	10.381	-22.500
2140	N2140	C18	protein	261	0.5373	-38.193	5.833	106.884
2141	N2141	C6	transcript	2	0.4418	62.607	-102.137	-21.350
2142	N2142	C0	metabolite	4	0.9438	-161.254	-109.210	-103.263
2143	N2143	C17	bridge	3	0.6730	262.560	-66.128	54.059
2144	N2144	C23	protein	1	0.6123	96.964	-20.887	28.778
2145	N2145	C25	transcript	2	0.5500	-111.554	-156.270	-174.190
2146	N2146	C12	metabolite	4	0.3713	42.892	55.602	132.186
2147	N2147	C3	bridge	1	0.5670	-21.085	259.276	160.478
2148	N2148	C26	protein	1	0.7581	-4.910	-36.560	126.794
2149	N2149	C8	transcript	1	0.3485	-43.283	1.946	-165.302
2150	N2150	C8	metabolite	1	0.5964	-79.176	-29.953	-34.025
2151	N2151	C29	bridge	3	0.1908	-82.337	51.273	62.063
2152	N2152	C22	protein	3	0.7865	-42.347	104.249	49.478
2153	N2153	C38	transcript	3	0.0569	-130.236	-23.336	7.105
2154	N2154	C20	metabolite	1	0.5257	99.383	193.182	-9.983
2155	N2155	C21	bridge	4	0.1164	-179.526	80.651	-8.658
2156	N2156	C20	protein	1	0.6228	-32.305	4.184	34.479
2157	N2157	C22	transcript	1	0.4576	-6.757	129.720	61.981
2158	N2158	C33	metabolite	1	0.6080	209.890	-176.235	133.244
2159	N2159	C8	bridge	14	0.9884	17.906	-10.875	-261.118
2160	N2160	C9	protein	3	0.6167	244.716	-241.726	200.308
2161	N2161	C21	transcript	1	0.6678	-159.147	46.035	-97.727
2162	N2162	C20	metabolite	1	0.3209	-47.250	114.823	77.707
2163	N2163	C17	bridge	1	0.0222	191.686	-62.556	15.337
2164	N2164	C22	protein	1	0.1746	-15.376	42.811	110.177
2165	N2165	C20	transcript	1	0.4811	29.046	122.235	-18.020
2166	N2166	C20	metabolite	1	0.4591	16.513	161.429	-19.259
2167	N2167	C12	bridge	1	0.1122	18.762	74.317	158.892
2168	N2168	C14	protein	1	0.6428	-175.555	-164.472	310.778
2169	N2169	C15	transcript	1	0.4777	-105.886	106.008	-82.307
2170	N2170	C10	metabolite	1	0.9336	12.072	-94.772	127.955
2171	N2171	C1	bridge	1	0.5388	-111.338	-268.281	135.170
2172	N2172	C15	protein	1	0.8686	-137.407	51.970	-65.275
2173	N2173	C32	transcript	2	0.3447	96.571	-0.472	-88.542
2174	N2174	C33	metabolite	2	0.9258	259.608	-98.927	193.782
2175	N2175	C38	bridge	1	0.4148	-104.638	-22.594	139.428
2176	N2176	C14	protein	1	0.6655	-176.786	-120.681	294.522
2177	N2177	C39	transcript	1	0.0560	-90.934	-114.695	-104.589
2178	N2178	C14	metabolite	11	0.1680	-49.674	-156.032	264.547
2179	N2179	C3	bridge	3	0.8046	-37.971	194.388	161.359
2180	N2180	C17	protein	7	0.1912	111.670	-137.960	-73.840
2181	N2181	C8	transcript	3	0.3319	30.949	-56.696	-90.120
2182	N2182	C23	metabolite	2	0.0167	81.040	-30.771	-119.405
2183	N2183	C19	bridge	2	0.7995	-38.400	108.765	-167.546
2184	N2184	C36	protein	1	0.4941	22.397	-77.353	217.815
2185	N2185	C18	transcript	1	0.1025	20.624	10.989	125.189
2186	N2186	C6	metabolite	1	0.4040	13.065	-93.033	-70.003
2187	N2187	C23	bridge	2	0.8036	193.012	132.216	-30.044
2188	N2188	C21	protein	1	0.3973	-161.207	82.845	-82.027
2189	N2189	C1	transcript	2	0.7200	-79.912	-233.684	30.088
2190	N2190	C38	metabolite	1	0.8414	-115.983	18.252	-38.780
2191	N2191	C32	bridge	1	0.6859	157.673	99.716	-67.441
2192	N2192	C5	protein	1	0.3989	48.684	-23.194	-48.148
2193	N2193	C35	transcript	4	0.2732	-237.554	109.443	-57.191
2194	N2194	C39	metabolite	1	0.5969	-75.698	-125.154	-115.853
2195	N2195	C33	bridge	2	0.4614	169.847	-160.747	150.836
2196	N2196	C5	protein	1	0.7083	45.476	33.732	-87.187
2197	N2197	C20	transcript	1	0.8520	60.860	130.912	114.957
2198	N2198	C28	metabolite	1	0.4668	5.238	-130.836	134.752
2199	N2199	C36	bridge	1	0.2000	5.548	5.028	202.863
2200	N2200	C26	protein	1	0.4331	-20.037	-4.839	45.066
2201	N2201	C29	transcript	5	0.9136	-169.878	52.466	82.460
2202	N2202	C12	metabolite	2	0.1968	45.064	63.976	104.217
2203	N2203	C38	bridge	1	0.9719	-41.428	-1.922	65.895
2204	N2204	C21	protein	3	0.2511	-163.454	98.163	-50.605
2205	N2205	C36	transcript	2	0.1793	16.066	-48.501	239.163
2206	N2206	C27	metabolite	1	0.5048	-15.736	82.437	89.649
2207	N2207	C29	bridge	1	0.6503	-210.582	61.579	112.676
2208	N2208	C39	protein	2	0.9075	-39.283	-128.024	-123.245
2209	N2209	C15	transcript	2	0.7756	-163.566	78.338	-39.026
2210	N2210	C11	metabolite	1	0.9390	148.985	0.902	91.810
2211	N2211	C1	bridge	1	0.3436	-70.763	-303.473	32.495
2212	N2212	C7	protein	1	0.2707	-23.516	62.279	52.793
2213	N2213	C26	transcript	7	0.8981	-160.542	-21.977	-84.527
2214	N2214	C3	metabolite	3	0.8491	-23.585	225.021	157.003
2215	N2215	C10	bridge	1	0.6973	5.196	-93.263	129.052
2216	N2216	C34	protein	2	0.0281	-59.770	73.165	-90.692
2217	N2217	C2	transcript	4	0.4935	-54.183	-62.219	-91.920
2218	N2218	C31	metabolite	1	0.1986	-94.632	-359.371	193.186
2219	N2219	C35	bridge	1	0.7632	-193.447	143.862	-197.200
2220	N2220	C16	protein	3	0.7412	227.929	-39.301	173.199
2221	N2221	C10	transcript	1	0.3022	4.994	-155.437	220.615
2222	N2222	C6	metabolite	1	0.0085	93.756	-93.549	-47.821
2223	N2223	C9	bridge	3	0.4867	269.103	-240.346	183.337
2224	N2224	C31	protein	1	0.1440	-126.838	-295.745	120.223
2225	N2225	C11	transcript	5	0.3775	9.621	-66.308	167.417
2226	N2226	C26	metabolite	4	0.8337	-93.972	-36.558	-35.542
2227	N2227	C18	bridge	3	0.1822	-56.707	-9.632	119.245
2228	N2228	C12	protein	1	0.7826	73.468	87.792	175.053
2229	N2229	C35	transcript	2	0.9180	-191.518	71.259	-20.888
2230	N2230	C13	metabolite	4	0.3380	-93.459	-128.949	41.176
2231	N2231	C32	bridge	1	0.3166	209.574	69.609	53.251
2232	N2232	C34	protein	16	0.5020	-89.016	127.078	-177.362
2233	N2233	C13	transcript	1	0.8728	-75.650	-142.764	93.706
2234	N2234	C15	metabolite	2	0.3001	-102.506	95.796	-49.420
2235	N2235	C9	bridge	1	0.4441	237.744	-283.826	184.927
2236	N2236	C36	protein	1	0.8305	27.480	-11.981	198.260
2237	N2237	C33	transcript	2	0.9631	188.701	-143.695	102.544
2238	N2238	C16	metabolite	1	0.0618	148.561	-55.596	87.777
2239	N2239	C33	bridge	1	0.7087	179.128	-136.781	124.851
2240	N2240	C31	protein	1	0.7702	-112.086	-447.036	99.241
2241	N2241	C20	transcript	7	0.3225	-9.507	76.042	-3.979
2242	N2242	C25	metabolite	2	0.7826	-160.058	-91.205	-170.501
2243	N2243	C21	bridge	1	0.6164	-144.183	113.103	-58.185
2244	N2244	C25	protein	1	0.5320	-101.533	-41.728	-110.334
2245	N2245	C33	transcript	1	0.5539	192.269	-164.788	145.647
2246	N2246	C13	metabolite	1	0.0052	-80.905	-66.459	-54.524
2247	N2247	C39	bridge	1	0.4560	-110.213	-126.137	-111.956
2248	N2248	C2	protein	1	0.1677	-60.203	-227.620	-156.776
2249	N2249	C27	transcript	1	0.3954	37.027	125.544	115.873
2250	N2250	C39	metabolite	1	0.3342	-35.632	-161.293	-137.233
2251	N2251	C35	bridge	1	0.9012	-221.622	40.607	-168.486
2252	N2252	C33	protein	1	0.7659	188.695	-151.735	111.754
2253	N2253	C3	transcript	1	0.5276	16.096	187.392	173.172
2254	N2254	C27	metabolite	1	0.6866	3.375	101.074	81.001
2255	N2255	C6	bridge	1	0.7403	29.981	-97.802	-66.720
2256	N2256	C11	protein	3	0.4088	-34.925	-58.855	37.090
2257	N2257	C17	transcript	1	0.4514	136.939	-47.187	-30.443
2258	N2258	C13	metabolite	2	0.8101	-117.558	-131.609	7.854
2259	N2259	C8	bridge	3	0.7671	-41.325	82.053	-217.168
2260	N2260	C30	protein	1	0.0863	-261.891	-81.018	107.141
2261	N2261	C0	transcript	1	0.6242	-167.811	-130.800	-96.995
2262	N2262	C38	metabolite	5	0.4474	-98.579	19.057	20.909
2263	N2263	C7	bridge	3	0.2382	-2.386	92.623	46.490
2264	N2264	C7	protein	1	0.5487	18.444	116.863	58.276
2265	N2265	C4	transcript	1	0.9779	34.650	27.970	101.764
2266	N2266	C27	metabolite	1	0.2010	10.771	65.913	89.568
2267	N2267	C5	bridge	3	0.4711	56.687	113.281	-63.258
2268	N2268	C9	protein	6	0.1569	253.888	-226.708	176.410
2269	N2269	C21	transcript	1	0.9707	-178.992	73.668	-26.183
2270	N2270	C10	metabolite	4	0.5292	42.567	-99.176	85.111
2271	N2271	C9	bridge	11	0.9913	234.804	-211.169	200.539
2272	N2272	C30	protein	1	0.0950	-213.153	-38.524	94.977
2273	N2273	C4	transcript	4	0.4433	93.579	10.340	134.958
2274	N2274	C16	metabolite	1	0.0279	192.790	-19.880	141.475
2275	N2275	C5	bridge	1	0.5009	89.522	17.296	-47.248
2276	N2276	C21	protein	1	0.6097	-178.075	33.044	-64.649
2277	N2277	C13	transcript	1	0.6062	-67.123	-24.766	-37.844
2278	N2278	C27	metabolite	1	0.8484	-5.419	79.645	73.935
2279	N2279	C20	bridge	1	0.8619	34.242	84.149	177.801
2280	N2280	C19	protein	6	0.5385	28.670	95.868	-133.018
2281	N2281	C0	transcript	1	0.5096	-150.657	-128.385	-96.535
2282	N2282	C35	metabolite	1	0.3587	-152.728	93.330	-18.697
2283	N2283	C2	bridge	3	0.8413	-121.093	-151.559	-154.578
2284	N2284	C7	protein	2	0.1568	25.549	90.634	-0.236
2285	N2285	C18	transcript	1	0.4386	-72.268	9.866	102.552
2286	N2286	C18	metabolite	1	0.7148	-38.218	7.610	125.836
2287	N2287	C24	bridge	2	0.1996	-124.181	-27.480	-46.693
2288	N2288	C0	protein	1	0.1803	-135.575	-51.803	-118.433
2289	N2289	C30	transcript	1	0.1397	-218.223	-22.992	33.020
2290	N2290	C14	metabolite	3	0.6364	-138.195	-150.223	273.369
2291	N2291	C4	bridge	1	0.4538	126.481	-30.351	131.320
2292	N2292	C8	protein	1	0.9518	-78.789	31.965	-49.921
2293	N2293	C31	transcript	1	0.0586	-10.749	-311.820	165.599
2294	N2294	C13	metabolite	1	0.9633	-123.287	-150.670	-24.329
2295	N2295	C11	bridge	6	0.4666	90.765	-94.781	85.145
2296	N2296	C12	protein	3	0.2072	27.739	66.438	133.524
2297	N2297	C38	transcript	1	0.4441	-114.367	39.099	21.060
2298	N2298	C14	metabolite	2	0.6099	-35.122	-134.581	283.624
2299	N2299	C31	bridge	1	0.1011	-185.990	-327.115	203.638
2300	N2300	C15	protein	2	0.0122	-125.600	74.477	-78.061
2301	N2301	C10	transcript	2	0.1674	143.742	-196.134	115.204
2302	N2302	C5	metabolite	1	0.2020	135.387	27.582	-118.548
2303	N2303	C35	bridge	1	0.9322	-185.679	-13.831	16.734
2304	N2304	C10	protein	2	0.6809	8.157	-25.460	222.884
2305	N2305	C34	transcript	1	0.3709	-96.569	78.733	-63.159
2306	N2306	C25	metabolite	2	0.7846	-72.915	-128.772	-62.182
2307	N2307	C1	bridge	2	0.8630	-38.017	-166.155	90.023
2308	N2308	C27	protein	2	0.2779	-68.367	53.083	122.697
2309	N2309	C10	transcript	1	0.7629	60.989	-95.974	53.476
2310	N2310	C18	metabolite	1	0.6298	-50.873	90.092	142.280
2311	N2311	C23	bridge	38	0.0447	214.822	36.933	-147.684
2312	N2312	C24	protein	1	0.4313	-145.082	-81.650	-77.750
2313	N2313	C35	transcript	1	0.2112	-181.963	36.345	-49.342
2314	N2314	C19	metabolite	1	0.2701	-23.814	80.482	-246.749
2315	N2315	C6	bridge	1	0.3321	115.791	-120.004	-66.501
2316	N2316	C26	protein	4	0.8503	-78.561	-183.850	55.727
2317	N2317	C12	transcript	1	0.4955	100.509	77.085	82.205
2318	N2318	C2	metabolite	2	0.4855	-82.387	-31.094	-152.345
2319	N2319	C32	bridge	1	0.0947	256.399	7.012	-19.077
2320	N2320	C28	protein	1	0.1368	25.574	-54.535	208.246
2321	N2321	C8	transcript	1	0.8760	-76.340	-5.848	-59.475
2322	N2322	C3	metabolite	1	0.6889	19.828	199.200	147.702
2323	N2323	C36	bridge	1	0.1462	13.624	-40.531	188.968
2324	N2324	C3	protein	2	0.2062	-5.349	225.437	147.222
2325	N2325	C26	transcript	3	0.6203	-22.331	-15.598	40.570
2326	N2326	C33	metabolite	1	0.0025	173.312	-166.380	151.387
2327	N2327	C19	bridge	7	0.7125	29.756	54.114	-188.216
2328	N2328	C21	protein	1	0.4252	-161.705	68.760	-113.902
2329	N2329	C13	transcript	1	0.2739	-86.597	-83.183	35.782
2330	N2330	C18	metabolite	1	0.0552	-16.148	-7.656	119.293
2331	N2331	C30	bridge	16	0.2439	-305.607	-17.222	-2.924
2332	N2332	C31	protein	1	0.6939	-125.594	-331.544	108.795
2333	N2333	C18	transcript	1	0.6090	-65.873	-29.639	131.204
2334	N2334	C30	metabolite	2	0.9790	-229.251	-41.512	59.441
2335	N2335	C32	bridge	2	0.6666	171.180	-18.770	-34.773
2336	N2336	C20	protein	1	0.5907	4.852	131.142	104.074
2337	N2337	C31	transcript	1	0.3245	-170.658	-352.511	161.252
2338	N2338	C10	metabolite	2	0.6165	79.281	-139.175	110.924
2339	N2339	C19	bridge	8	0.9844	13.517	39.595	-190.825
2340	N2340	C2	protein	2	0.2585	-30.343	60.470	-189.575
2341	N2341	C7	transcript	2	0.8169	-70.645	200.272	31.276
2342	N2342	C21	metabolite	1	0.7477	-137.175	75.126	-39.736
2343	N2343	C37	bridge	2	0.9845	-20.549	-8.411	19.556
2344	N2344	C11	protein	1	0.3444	1.006	-37.145	52.687
2345	N2345	C13	transcript	1	0.4555	-62.622	-43.696	19.582
2346	N2346	C36	metabolite	1	0.0222	-3.733	-26.284	221.677
2347	N2347	C0	bridge	1	0.3439	-149.160	-110.713	-81.446
2348	N2348	C13	protein	6	0.5318	-120.566	-89.436	7.651
2349	N2349	C36	transcript	2	0.9834	-9.068	-31.193	207.247
2350	N2350	C8	metabolite	1	0.1748	43.578	60.166	-36.929
2351	N2351	C29	bridge	1	0.3864	-137.200	118.074	110.401
2352	N2352	C30	protein	1	0.8526	-244.988	-29.569	52.346
2353	N2353	C39	transcript	2	0.4578	-24.129	-147.249	-117.723
2354	N2354	C4	metabolite	1	0.4373	80.790	-29.234	261.204
2355	N2355	C26	bridge	1	0.1443	-99.666	-88.430	17.139
2356	N2356	C29	protein	10	0.3810	-250.366	31.581	124.161
2357	N2357	C15	transcript	1	0.5549	-105.370	48.362	-37.695
2358	N2358	C31	metabolite	1	0.2091	-120.457	-402.386	174.852
2359	N2359	C25	bridge	1	0.2053	-86.694	-93.149	-51.927
2360	N2360	C29	protein	1	0.8997	-196.468	83.964	74.548
2361	N2361	C18	transcript	1	0.3453	-96.844	32.261	121.968
2362	N2362	C24	metabolite	2	0.9327	-64.231	-70.739	-21.479
2363	N2363	C31	bridge	2	0.4188	-114.334	-386.101	191.525
2364	N2364	C16	protein	1	0.1291	203.693	-37.922	133.292
2365	N2365	C15	transcript	1	0.0788	-126.049	55.225	-79.616
2366	N2366	C5	metabolite	1	0.9750	-3.421	22.805	-105.737
2367	N2367	C37	bridge	2	0.8581	-18.591	18.370	19.887
2368	N2368	C10	protein	1	0.1434	124.386	-88.072	94.649
2369	N2369	C1	transcript	1	0.1108	-76.310	-281.588	102.932
2370	N2370	C2	metabolite	2	0.9857	-100.161	-138.365	-57.773
2371	N2371	C28	bridge	7	0.3184	47.894	-76.799	170.541
2372	N2372	C13	protein	4	0.3754	-108.003	-95.392	-69.319
2373	N2373	C0	transcript	1	0.6456	-166.434	-94.464	-84.458
2374	N2374	C35	metabolite	1	0.9241	-201.921	62.162	-75.367
2375	N2375	C6	bridge	2	0.9782	10.126	-93.428	-76.947
2376	N2376	C20	protein	1	0.7551	52.091	64.847	32.324
2377	N2377	C34	transcript	1	0.8917	-121.347	91.706	-108.602
2378	N2378	C10	metabolite	2	0.7156	67.575	-135.962	91.505
2379	N2379	C21	bridge	1	0.5566	-192.273	40.060	-9.354
2380	N2380	C15	protein	1	0.9051	-129.849	81.113	-41.913
2381	N2381	C11	transcript	1	0.4006	52.135	-84.312	166.480
2382	N2382	C15	metabolite	1	0.0624	-93.545	56.314	-82.738
2383	N2383	C39	bridge	3	0.6523	-69.977	-125.945	-160.272
2384	N2384	C27	protein	2	0.9171	30.512	70.950	70.533
2385	N2385	C28	transcript	1	0.3236	25.344	-68.222	91.844
2386	N2386	C20	metabolite	1	0.9714	23.771	189.135	116.339
2387	N2387	C22	bridge	1	0.5391	-47.483	90.392	142.370
2388	N2388	C30	protein	2	0.4444	-229.946	-22.189	85.939
2389	N2389	C23	transcript	1	0.8775	185.925	127.253	37.786
2390	N2390	C3	metabolite	1	0.0914	24.306	214.734	182.162
2391	N2391	C18	bridge	1	0.0977	-27.255	27.502	111.871
2392	N2392	C27	protein	1	0.4521	-11.258	124.002	120.558
2393	N2393	C13	transcript	1	0.1663	-232.815	-186.722	-46.528
2394	N2394	C28	metabolite	5	0.9984	32.145	-150.190	96.063
2395	N2395	C24	bridge	1	0.5393	-109.239	-28.403	-70.109
2396	N2396	C34	protein	1	0.1911	-51.928	70.603	-119.018
2397	N2397	C15	transcript	5	0.5179	-143.038	85.661	-21.701
2398	N2398	C28	metabolite	6	0.2634	39.444	-49.174	90.372
2399	N2399	C13	bridge	1	0.9953	-89.152	-90.429	-70.368
2400	N2400	C1	protein	1	0.2086	-77.123	-318.572	185.761
2401	N2401	C0	transcript	3	0.6565	-148.566	-97.830	-79.635
2402	N2402	C26	metabolite	1	0.3983	-37.686	-32.336	22.341
2403	N2403	C31	bridge	1	0.4959	-102.394	-338.094	90.041
2404	N2404	C18	protein	1	0.5121	-47.624	22.110	155.409
2405	N2405	C13	transcript	1	0.8745	-145.559	-121.166	-8.326
2406	N2406	C4	metabolite	1	0.6569	86.558	43.372	108.769
2407	N2407	C21	bridge	1	0.1122	-157.048	78.333	-54.053
2408	N2408	C10	protein	1	0.2113	48.916	-143.185	221.411
2409	N2409	C31	transcript	1	0.7919	-123.876	-417.160	84.716
2410	N2410	C2	metabolite	1	0.9040	-111.319	18.879	-235.105
2411	N2411	C2	bridge	1	0.9734	-29.594	20.039	-213.323
2412	N2412	C0	protein	1	0.3455	-146.908	-82.840	-60.854
2413	N2413	C19	transcript	1	0.9795	9.902	82.470	-176.851
2414	N2414	C33	metabolite	2	0.9796	224.151	-110.407	109.895
2415	N2415	C31	bridge	1	0.0840	-95.076	-299.596	142.115
2416	N2416	C27	protein	1	0.1433	-42.351	52.137	139.365
2417	N2417	C1	transcript	1	0.2088	-69.491	-300.590	80.859
2418	N2418	C18	metabolite	1	0.7444	-40.966	28.465	128.145
2419	N2419	C14	bridge	17	0.0243	-138.388	-174.826	289.227
2420	N2420	C39	protein	2	0.7587	-32.375	-181.095	-136.821
2421	N2421	C23	transcript	1	0.9560	195.603	-6.297	24.013
2422	N2422	C28	metabolite	1	0.3686	25.795	-127.530	143.547
2423	N2423	C34	bridge	1	0.7466	-38.052	70.189	-74.565
2424	N2424	C2	protein	3	0.8519	1.316	-119.388	-226.716
2425	N2425	C33	transcript	1	0.3247	209.502	-170.360	147.443
2426	N2426	C32	metabolite	1	0.7338	151.340	89.811	-100.465
2427	N2427	C12	bridge	1	0.7711	87.878	63.494	141.262
2428	N2428	C0	protein	1	0.9454	-177.225	-72.587	-32.314
2429	N2429	C4	transcript	1	0.2456	62.887	-7.778	86.519
2430	N2430	C1	metabolite	1	0.1108	-64.555	-251.567	110.940
2431	N2431	C33	bridge	1	0.1919	213.297	-156.501	197.062
2432	N2432	C15	protein	2	0.5961	-119.376	82.078	-50.801
2433	N2433	C5	transcript	1	0.8991	-23.267	-30.371	-118.313
2434	N2434	C24	metabolite	1	0.9038	-104.181	-83.963	-55.466
2435	N2435	C3	bridge	1	0.9491	-21.076	184.632	159.965
2436	N2436	C22	protein	1	0.4671	-102.554	163.594	59.279
2437	N2437	C11	transcript	1	0.4199	70.911	-106.416	6.580
2438	N2438	C2	metabolite	1	0.6267	-124.933	-94.813	-78.471
2439	N2439	C39	bridge	1	0.1106	16.942	-133.058	-168.930
2440	N2440	C31	protein	1	0.4426	-166.206	-301.916	131.310
2441	N2441	C34	transcript	1	0.3479	-128.200	93.612	-135.891
2442	N2442	C23	metabolite	3	0.2664	122.417	122.529	-63.619
2443	N2443	C14	bridge	2	0.2709	-73.956	-79.398	320.503
2444	N2444	C8	protein	1	0.0994	-52.610	43.149	-33.773
2445	N2445	C19	transcript	1	0.9851	31.850	65.064	-133.957
2446	N2446	C24	metabolite	1	0.4710	-73.963	-6.058	-114.299
2447	N2447	C29	bridge	1	0.4815	-207.720	-59.363	98.460
2448	N2448	C0	protein	3	0.8339	-168.668	-149.295	-69.489
2449	N2449	C26	transcript	3	0.2874	-69.712	-100.628	57.773
2450	N2450	C30	metabolite	1	0.1767	-269.601	-75.347	30.611
2451	N2451	C4	bridge	3	0.9526	69.216	2.733	206.007
2452	N2452	C15	protein	6	0.8928	-142.197	75.957	-61.968
2453	N2453	C4	transcript	1	0.7187	125.179	20.731	205.819
2454	N2454	C19	metabolite	3	0.9910	53.445	159.298	-168.642
2455	N2455	C8	bridge	1	0.6544	31.518	24.013	-52.717
2456	N2456	C8	protein	1	0.7269	-14.025	-50.007	-88.342
2457	N2457	C35	transcript	5	0.7974	-157.661	71.775	47.686
2458	N2458	C25	metabolite	1	0.9879	-77.323	-29.053	-126.533
2459	N2459	C19	bridge	2	0.6506	9.980	44.333	-82.378
2460	N2460	C26	protein	3	0.6465	-37.343	-14.626	91.455
2461	N2461	C38	transcript	1	0.5698	-9.071	-101.863	134.270
2462	N2462	C13	metabolite	1	0.8528	-145.246	-33.466	-75.286
2463	N2463	C35	bridge	2	0.7452	-159.057	108.271	-115.134
2464	N2464	C6	protein	1	0.9565	27.686	-164.215	-58.258
2465	N2465	C10	transcript	3	0.2041	47.938	-50.014	112.782
2466	N2466	C30	metabolite	1	0.8187	-273.986	-58.243	29.425
2467	N2467	C28	bridge	6	0.4106	-7.871	-154.226	156.910
2468	N2468	C30	protein	2	0.1583	-208.844	-68.995	19.236
2469	N2469	C17	transcript	1	0.0261	131.888	-80.747	-52.045
2470	N2470	C15	metabolite	1	0.1221	-154.616	71.546	-48.794
2471	N2471	C16	bridge	1	0.3613	216.303	7.945	155.653
2472	N2472	C11	protein	1	0.4742	38.112	-69.356	212.093
2473	N2473	C25	transcript	1	0.2999	-76.739	-62.977	-184.024
2474	N2474	C25	metabolite	2	0.9915	-88.994	-143.714	-172.675
2475	N2475	C37	bridge	3	0.6468	-15.666	-52.867	35.146
2476	N2476	C34	protein	1	0.4116	-41.234	157.660	-147.968
2477	N2477	C24	transcript	1	0.6729	-140.788	-27.272	-16.727
2478	N2478	C22	metabolite	1	0.4935	-25.768	99.336	76.776
2479	N2479	C5	bridge	1	0.2187	49.292	71.360	-107.247
2480	N2480	C3	protein	1	0.2487	-22.195	202.562	137.967
2481	N2481	C19	transcript	1	0.2622	124.733	49.961	-157.403
2482	N2482	C8	metabolite	1	0.9603	59.572	-41.185	-19.965
2483	N2483	C3	bridge	4	0.4654	22.231	170.154	162.462
2484	N2484	C39	protein	1	0.9132	-3.758	-98.237	-112.446
2485	N2485	C25	transcript	1	0.8299	-152.160	-93.728	-126.980
2486	N2486	C3	metabolite	3	0.1508	-25.440	219.023	214.433
2487	N2487	C18	bridge	2	0.4638	-63.096	-1.118	143.770
2488	N2488	C19	protein	2	0.5446	70.720	76.249	-149.319
2489	N2489	C37	transcript	4	0.1325	-67.243	-3.574	-49.357
2490	N2490	C1	metabolite	3	0.9933	-60.882	-266.644	65.374
2491	N2491	C19	bridge	1	0.9883	0.445	79.614	-105.076
2492	N2492	C25	protein	2	0.0421	-68.981	-117.657	-158.902
2493	N2493	C6	transcript	1	0.8846	15.124	-91.787	-32.121
2494	N2494	C8	metabolite	1	0.6100	-162.406	-42.519	-113.697
2495	N2495	C14	bridge	1	0.1534	-131.022	-37.138	190.700
2496	N2496	C35	protein	4	0.9430	-126.161	-48.668	-43.661
2497	N2497	C8	transcript	2	0.7805	-58.778	-0.515	-65.469
2498	N2498	C12	metabolite	2	0.6183	28.513	73.762	111.469
2499	N2499	C24	bridge	1	0.0270	-86.297	-38.280	-67.102
2500	N2500	C34	protein	1	0.9474	-69.520	171.891	-89.310
2501	N2501	C19	transcript	2	0.4602	99.212	50.990	-169.329
2502	N2502	C0	metabolite	1	0.2631	-157.287	-84.695	-35.406
2503	N2503	C31	bridge	4	0.4394	-63.416	-365.769	124.482
2504	N2504	C39	protein	1	0.6196	-50.319	-101.959	-113.776
2505	N2505	C20	transcript	9	0.2218	-72.426	129.955	-70.300
2506	N2506	C26	metabolite	1	0.3004	-51.662	-127.749	51.482
2507	N2507	C26	bridge	1	0.0618	-54.993	-48.245	19.297
2508	N2508	C36	protein	3	0.4981	24.715	-52.941	224.723
2509	N2509	C37	transcript	1	0.9261	-104.344	17.326	139.779
2510	N2510	C6	metabolite	1	0.3050	63.174	-133.133	-71.509
2511	N2511	C6	bridge	1	0.2985	58.429	-140.968	-58.889
2512	N2512	C31	protein	4	0.1374	-55.186	-349.516	89.887
2513	N2513	C23	transcript	2	0.4005	207.243	9.629	-8.331
2514	N2514	C36	metabolite	1	0.2459	32.293	-17.375	210.252
2515	N2515	C2	bridge	1	0.4727	-182.496	-97.805	-67.834
2516	N2516	C13	protein	1	0.9627	-91.356	-115.794	12.341
2517	N2517	C39	transcript	33	0.8145	-44.044	-113.204	-144.711
2518	N2518	C10	metabolite	1	0.3132	44.653	-134.147	126.896
2519	N2519	C16	bridge	6	0.3816	137.991	-74.463	124.573
2520	N2520	C29	protein	3	0.9424	-186.640	14.782	64.829
2521	N2521	C5	transcript	1	0.4800	-45.510	-63.215	-78.291
2522	N2522	C17	metabolite	6	0.7367	166.650	-44.608	-73.532
2523	N2523	C21	bridge	1	0.6531	-144.603	74.258	-97.907
2524	N2524	C31	protein	1	0.2252	-127.417	-353.235	105.974
2525	N2525	C0	transcript	1	0.7017	-140.187	-65.765	-47.953
2526	N2526	C25	metabolite	1	0.9426	-143.275	-73.514	-142.599
2527	N2527	C4	bridge	1	0.1967	109.538	26.491	188.106
2528	N2528	C26	protein	2	0.7131	102.740	-132.702	76.723
2529	N2529	C29	transcript	1	0.0765	-184.796	-58.052	107.279
2530	N2530	C33	metabolite	1	0.7695	233.308	-142.496	132.954
2531	N2531	C15	bridge	2	0.8208	-120.490	76.092	-73.793
2532	N2532	C8	protein	1	0.7143	-16.570	-86.855	-88.107
2533	N2533	C37	transcript	1	0.2605	-59.249	-25.030	90.292
2534	N2534	C9	metabolite	1	0.5445	258.073	-272.476	219.281
2535	N2535	C38	bridge	1	0.3831	-96.775	-3.392	25.928
2536	N2536	C22	protein	1	0.7412	15.942	88.213	118.225
2537	N2537	C18	transcript	1	0.8725	-49.240	24.199	152.753
2538	N2538	C34	metabolite	10	0.4991	-157.058	94.897	-152.050
2539	N2539	C32	bridge	17	0.4315	209.355	20.416	-32.485
2540	N2540	C0	protein	3	0.8498	-209.110	-67.470	-37.131
2541	N2541	C9	transcript	6	0.6285	213.982	-242.930	170.465
2542	N2542	C34	metabolite	4	0.0681	-31.046	142.422	-155.757
2543	N2543	C0	bridge	4	0.8691	-143.752	-92.039	-45.640
2544	N2544	C10	protein	1	0.1684	38.222	-69.839	117.129
2545	N2545	C31	transcript	1	0.5135	-59.583	-330.562	136.860
2546	N2546	C7	metabolite	8	0.9832	7.056	163.444	78.801
2547	N2547	C28	bridge	1	0.8097	84.328	-86.146	153.944
2548	N2548	C6	protein	1	0.4943	14.431	-174.213	-50.631
2549	N2549	C35	transcript	1	0.1582	-192.431	54.327	-93.600
2550	N2550	C16	metabolite	2	0.9707	168.618	-11.115	150.698
2551	N2551	C37	bridge	1	0.5482	-33.137	-18.934	37.876
2552	N2552	C33	protein	5	0.0132	219.266	-139.678	103.566
2553	N2553	C18	transcript	1	0.6474	-43.583	68.360	121.083
2554	N2554	C24	metabolite	1	0.8177	-120.105	-47.924	-81.048
2555	N2555	C10	bridge	4	0.1501	26.515	-123.831	113.827
2556	N2556	C10	protein	1	0.9817	70.214	-111.552	11.118
2557	N2557	C10	transcript	1	0.5765	101.225	-136.245	102.330
2558	N2558	C18	metabolite	4	0.0749	-43.346	14.480	52.911
2559	N2559	C31	bridge	1	0.8666	-78.000	-389.572	196.865
2560	N2560	C3	protein	2	0.0855	-11.483	254.094	141.204
2561	N2561	C22	transcript	1	0.0919	3.810	55.018	129.696
2562	N2562	C16	metabolite	1	0.0857	185.412	-27.861	204.050
2563	N2563	C6	bridge	4	0.5200	39.778	-127.859	-66.243
2564	N2564	C3	protein	4	0.0037	-0.868	197.994	174.230
2565	N2565	C23	transcript	1	0.0147	178.278	-8.029	17.492
2566	N2566	C35	metabolite	1	0.5968	-187.680	67.451	-110.733
2567	N2567	C17	bridge	4	0.6523	30.279	-38.971	-134.347
2568	N2568	C19	protein	2	0.6657	32.246	121.975	-171.540
2569	N2569	C27	transcript	2	0.2530	-36.695	68.447	94.118
2570	N2570	C6	metabolite	1	0.4340	25.468	-146.687	-80.406
2571	N2571	C29	bridge	3	0.5566	-167.223	25.452	52.430
2572	N2572	C5	protein	3	0.1531	-8.625	-9.971	-65.837
2573	N2573	C3	transcript	1	0.7610	12.080	221.059	174.706
2574	N2574	C36	metabolite	1	0.0139	25.970	-42.028	211.006
2575	N2575	C2	bridge	1	0.9973	-84.777	-7.349	-137.060
2576	N2576	C34	protein	3	0.5635	-146.687	99.539	-101.018
2577	N2577	C10	transcript	2	0.5723	12.924	-175.479	151.560
2578	N2578	C24	metabolite	1	0.9490	-87.291	-77.292	-50.467
2579	N2579	C32	bridge	1	0.9220	178.100	31.183	-78.889
2580	N2580	C34	protein	2	0.3651	-68.511	67.902	-107.031
2581	N2581	C0	transcript	1	0.8995	-176.131	-98.441	-44.919
2582	N2582	C39	metabolite	1	0.6494	-43.917	-93.067	-158.753
2583	N2583	C13	bridge	1	0.8000	-90.135	-112.818	7.315
2584	N2584	C28	protein	3	0.9771	74.304	-101.095	138.247
2585	N2585	C37	transcript	2	0.1715	2.132	-28.512	69.465
2586	N2586	C26	metabolite	1	0.9688	-99.490	-93.893	-27.633
2587	N2587	C23	bridge	1	0.2958	207.639	30.426	-67.331
2588	N2588	C5	protein	1	0.1910	-5.774	30.279	-183.447
2589	N2589	C26	transcript	1	0.8181	-68.362	-87.859	59.444
2590	N2590	C38	metabolite	3	0.0674	-40.668	-134.946	76.795
2591	N2591	C3	bridge	1	0.8464	-39.573	199.830	161.902
2592	N2592	C15	protein	2	0.0216	-84.208	58.586	-80.860
2593	N2593	C30	transcript	1	0.1956	-247.031	-42.588	51.373
2594	N2594	C37	metabolite	1	0.5694	-18.679	2.269	43.443
2595	N2595	C19	bridge	1	0.4267	58.266	55.511	-203.965
2596	N2596	C18	protein	2	0.8094	-66.126	21.444	143.111
2597	N2597	C25	transcript	1	0.5884	-82.240	-110.269	-117.232
2598	N2598	C9	metabolite	10	0.5379	231.774	-296.633	168.451
2599	N2599	C38	bridge	1	0.8310	-56.088	-46.195	-82.965
2600	N2600	C16	protein	1	0.5294	165.752	-102.251	121.062
2601	N2601	C16	transcript	2	0.7755	168.524	11.596	163.567
2602	N2602	C16	metabolite	1	0.3167	113.807	-22.594	147.630
2603	N2603	C35	bridge	1	0.6339	-70.915	-44.284	-33.459
2604	N2604	C22	protein	2	0.1908	-41.039	106.126	129.359
2605	N2605	C16	transcript	1	0.0596	149.900	-39.658	231.941
2606	N2606	C4	metabolite	1	0.8964	128.222	19.600	102.975
2607	N2607	C24	bridge	2	0.6899	-99.821	-60.789	-113.383
2608	N2608	C25	protein	6	0.5059	-119.827	-49.782	-175.490
2609	N2609	C23	transcript	1	0.8125	201.524	60.858	-46.951
2610	N2610	C36	metabolite	1	0.9525	23.399	-46.643	227.658
2611	N2611	C30	bridge	1	0.2366	-248.746	-67.563	88.803
2612	N2612	C27	protein	1	0.7137	5.234	116.454	77.064
2613	N2613	C36	transcript	1	0.9689	21.508	3.362	253.984
2614	N2614	C19	metabolite	1	0.7635	-11.230	63.799	-189.112
2615	N2615	C28	bridge	1	0.8339	86.719	-3.735	105.356
2616	N2616	C6	protein	1	0.1031	21.332	-114.674	-61.143
2617	N2617	C26	transcript	1	0.3972	53.540	-20.161	-83.012
2618	N2618	C38	metabolite	2	0.2537	-95.167	-16.452	90.838
2619	N2619	C23	bridge	1	0.4733	247.669	16.388	-46.342
2620	N2620	C19	protein	1	0.4604	-25.067	7.702	-228.465
2621	N2621	C25	transcript	1	0.7661	-106.329	23.210	-89.187
2622	N2622	C32	metabolite	3	0.2491	229.331	88.625	-81.049
2623	N2623	C13	bridge	1	0.7460	-167.409	-28.260	-24.620
2624	N2624	C4	protein	1	0.9143	90.891	96.863	218.125
2625	N2625	C34	transcript	1	0.7643	-77.448	138.778	-82.463
2626	N2626	C38	metabolite	2	0.6329	-46.820	41.664	149.924
2627	N2627	C32	bridge	1	0.2705	107.263	-91.178	-65.244
2628	N2628	C0	protein	1	0.1919	-197.434	-95.029	-98.081
2629	N2629	C20	transcript	1	0.0036	51.339	82.951	90.733
2630	N2630	C39	metabolite	1	0.6879	-63.222	-159.562	-91.538
2631	N2631	C11	bridge	1	0.1195	7.256	-27.835	-39.865
2632	N2632	C3	protein	1	0.9559	2.722	277.903	149.359
2633	N2633	C24	transcript	1	0.2074	-129.077	-7.658	-64.078
2634	N2634	C4	metabolite	2	0.2639	126.503	78.764	93.937
2635	N2635	C28	bridge	1	0.6141	23.288	-75.449	163.291
2636	N2636	C14	protein	5	0.7532	-26.251	-130.393	325.070
2637	N2637	C30	transcript	1	0.4171	-211.214	-70.678	104.676
2638	N2638	C22	metabolite	1	0.9846	-26.163	103.960	99.057
2639	N2639	C28	bridge	2	0.8816	58.790	-110.613	81.198
2640	N2640	C26	protein	1	0.2956	-17.245	-47.556	-31.096
2641	N2641	C18	transcript	1	0.7614	-53.213	25.490	137.751
2642	N2642	C7	metabolite	1	0.6810	-70.498	110.784	73.968
2643	N2643	C15	bridge	1	0.5402	-133.065	115.035	-46.259
2644	N2644	C35	protein	1	0.0319	-207.475	-0.925	-56.298
2645	N2645	C38	transcript	1	0.4599	-128.257	-20.784	-8.054
2646	N2646	C1	metabolite	1	0.4557	-51.732	-270.905	13.612
2647	N2647	C16	bridge	1	0.7919	161.957	-19.733	106.103
2648	N2648	C26	protein	1	0.9265	-106.628	5.520	41.129
2649	N2649	C9	transcript	6	0.8522	276.414	-286.172	178.850
2650	N2650	C7	metabolite	5	0.4697	3.623	138.406	63.695
2651	N2651	C3	bridge	1	0.7945	3.486	205.827	178.187
2652	N2652	C33	protein	1	0.7365	206.725	-151.737	168.779
2653	N2653	C8	transcript	1	0.4602	-10.529	0.131	-94.345
2654	N2654	C18	metabolite	1	0.1842	-49.591	8.611	129.147
2655	N2655	C21	bridge	1	0.8487	-142.390	118.862	-55.686
2656	N2656	C4	protein	1	0.7937	132.416	-42.259	121.568
2657	N2657	C15	transcript	1	0.3296	-110.478	90.416	-105.321
2658	N2658	C18	metabolite	1	0.3343	-14.285	38.795	125.851
2659	N2659	C16	bridge	1	0.3188	222.988	-65.084	197.697
2660	N2660	C22	protein	1	0.1767	32.935	140.422	16.740
2661	N2661	C37	transcript	8	0.8431	-36.722	30.192	44.778
2662	N2662	C15	metabolite	1	0.9198	-117.065	39.630	-41.366
2663	N2663	C5	bridge	1	0.5602	-2.820	78.367	-74.328
2664	N2664	C5	protein	102	0.5446	145.229	-59.956	-233.815
2665	N2665	C35	transcript	1	0.7243	-201.658	111.214	-55.877
2666	N2666	C32	metabolite	1	0.2364	270.133	-15.245	-23.211
2667	N2667	C3	bridge	1	0.8292	26.484	267.069	135.705
2668	N2668	C36	protein	1	0.2240	43.981	-39.618	256.747
2669	N2669	C1	transcript	1	0.0009	-145.097	-208.893	1.052
2670	N2670	C14	metabolite	1	0.6746	-126.064	-212.399	380.554
2671	N2671	C26	bridge	1	0.1189	-34.597	-17.965	7.234
2672	N2672	C25	protein	2	0.0016	-124.950	-108.447	-116.412
2673	N2673	C37	transcript	1	0.6258	-31.858	20.207	43.843
2674	N2674	C30	metabolite	1	0.1759	-237.944	-63.662	69.757
2675	N2675	C32	bridge	3	0.3655	191.694	58.798	-96.636
2676	N2676	C22	protein	1	0.8332	18.869	127.725	66.158
2677	N2677	C39	transcript	1	0.2587	-48.348	-109.735	-116.782
2678	N2678	C7	metabolite	3	0.9056	-33.652	48.806	147.625
2679	N2679	C0	bridge	6	0.5596	-142.480	-118.126	-95.405
2680	N2680	C13	protein	1	0.6078	-125.200	-49.113	-80.946
2681	N2681	C33	transcript	1	0.8197	165.777	-175.984	111.473
2682	N2682	C6	metabolite	1	0.9258	81.722	-71.303	-6.459
2683	N2683	C15	bridge	1	0.3795	-128.301	75.628	-72.715
2684	N2684	C19	protein	1	0.5752	2.068	29.160	-135.222
2685	N2685	C17	transcript	1	0.0172	142.900	-157.759	-66.387
2686	N2686	C37	metabolite	1	0.1368	-47.852	-81.050	-14.904
2687	N2687	C34	bridge	1	0.6907	-102.950	121.001	-71.963
2688	N2688	C26	protein	4	0.0327	-39.997	-179.259	32.063
2689	N2689	C31	transcript	1	0.2984	-102.362	-319.670	120.143
2690	N2690	C37	metabolite	1	0.8550	-19.014	-51.731	83.523
2691	N2691	C33	bridge	6	0.7963	237.274	-127.172	124.516
2692	N2692	C11	protein	4	0.5284	-81.736	-23.379	142.418
2693	N2693	C25	transcript	1	0.5300	-130.051	-128.206	-150.989
2694	N2694	C15	metabolite	6	0.5876	-98.060	93.023	-71.103
2695	N2695	C7	bridge	1	0.0961	-66.723	91.746	19.277
2696	N2696	C19	protein	2	0.4325	28.259	93.804	-122.048
2697	N2697	C24	transcript	1	0.0290	-110.271	3.660	-28.491
2698	N2698	C2	metabolite	2	0.1914	-101.707	4.353	-146.187
2699	N2699	C17	bridge	1	0.2404	150.574	-60.814	-35.567
2700	N2700	C2	protein	1	0.2951	-40.819	-78.004	-82.421
2701	N2701	C35	transcript	1	0.1953	-129.834	131.032	16.318
2702	N2702	C24	metabolite	4	0.8911	-41.357	-47.061	-78.987
2703	N2703	C34	bridge	1	0.0867	-63.859	104.034	-57.405
2704	N2704	C24	protein	1	0.2907	-129.251	-53.828	-68.387
2705	N2705	C16	transcript	1	0.8452	145.834	-116.448	152.753
2706	N2706	C8	metabolite	1	0.6130	-98.124	73.741	-91.535
2707	N2707	C30	bridge	1	0.6845	-288.126	-38.538	56.543
2708	N2708	C4	protein	1	0.6897	79.241	81.104	185.164
2709	N2709	C26	transcript	2	0.2145	-22.641	19.511	-46.229
2710	N2710	C18	metabolite	2	0.2408	-32.046	56.029	158.309
2711	N2711	C6	bridge	1	0.9726	42.150	-156.390	-54.323
2712	N2712	C28	protein	1	0.1443	40.074	-48.002	200.165
2713	N2713	C16	transcript	1	0.1822	233.521	-42.313	136.050
2714	N2714	C17	metabolite	3	0.1920	119.698	-70.188	13.786
2715	N2715	C33	bridge	1	0.0279	204.341	-126.037	196.895
2716	N2716	C11	protein	6	0.1629	-14.409	-46.065	95.183
2717	N2717	C38	transcript	1	0.1976	-94.214	-34.765	111.173
2718	N2718	C38	metabolite	1	0.8280	-53.965	4.194	-11.696
2719	N2719	C7	bridge	1	0.5091	-49.837	210.031	46.667
2720	N2720	C25	protein	1	0.5912	-172.685	-63.317	-101.018
2721	N2721	C2	transcript	3	0.7283	-64.104	-136.318	-86.110
2722	N2722	C32	metabolite	1	0.7671	128.970	-34.417	-39.014
2723	N2723	C29	bridge	1	0.7955	-189.786	12.354	-16.845
2724	N2724	C19	protein	1	0.2186	23.902	87.933	-121.138
2725	N2725	C13	transcript	2	0.2201	-116.691	-102.048	-46.791
2726	N2726	C23	metabolite	1	0.2011	107.748	47.634	-58.275
2727	N2727	C24	bridge	2	0.1071	-148.432	-52.435	-113.850
2728	N2728	C22	protein	1	0.5604	-11.170	99.619	158.960
2729	N2729	C18	transcript	1	0.9129	-2.957	49.322	154.534
2730	N2730	C3	metabolite	1	0.7033	-15.752	242.420	143.242
2731	N2731	C29	bridge	1	0.5947	-127.178	71.288	83.434
2732	N2732	C27	protein	1	0.2922	-22.734	31.463	98.055
2733	N2733	C19	transcript	1	0.2683	71.322	126.381	-115.556
2734	N2734	C10	metabolite	1	0.4515	134.756	-110.005	79.275
2735	N2735	C18	bridge	5	0.7875	-61.137	42.626	125.616
2736	N2736	C37	protein	1	0.5908	-24.367	-3.315	6.317
2737	N2737	C28	transcript	1	0.5511	61.738	-116.853	126.179
2738	N2738	C5	metabolite	2	0.3038	9.051	10.088	-150.301
2739	N2739	C36	bridge	1	0.6286	36.265	-6.165	262.373
2740	N2740	C35	protein	2	0.2594	-85.996	-21.798	-71.822
2741	N2741	C27	transcript	1	0.2571	-37.245	59.166	84.783
2742	N2742	C34	metabolite	1	0.3981	-124.759	62.626	-78.185
2743	N2743	C31	bridge	1	0.7763	-129.230	-304.887	147.227
2744	N2744	C14	protein	1	0.1899	-53.694	-88.153	304.360
2745	N2745	C25	transcript	6	0.3090	-28.029	-79.440	-175.431
2746	N2746	C1	metabolite	1	0.9705	-170.092	-256.543	60.289
2747	N2747	C37	bridge	1	0.6989	-56.120	-51.736	142.034
2748	N2748	C24	protein	1	0.8311	-81.375	-29.957	-13.729
2749	N2749	C34	transcript	1	0.6851	-106.877	91.381	-160.480
2750	N2750	C27	metabolite	4	0.4361	-45.972	120.542	103.403
2751	N2751	C7	bridge	1	0.0293	-66.798	152.351	103.493
2752	N2752	C3	protein	1	0.0311	2.206	211.525	64.754
2753	N2753	C32	transcript	1	0.7191	204.785	59.184	-118.746
2754	N2754	C23	metabolite	1	0.2621	200.992	8.964	-82.744
2755	N2755	C28	bridge	1	0.0990	46.025	-58.028	166.331
2756	N2756	C18	protein	1	0.5749	-37.752	-33.761	147.529
2757	N2757	C30	transcript	1	0.8174	-265.792	-49.650	84.765
2758	N2758	C26	metabolite	3	0.3196	-11.363	-77.404	21.643
2759	N2759	C7	bridge	1	0.7255	74.655	177.774	35.700
2760	N2760	C34	protein	1	0.8516	-84.891	146.645	-86.718
2761	N2761	C39	transcript	2	0.2015	-73.206	-100.650	-113.104
2762	N2762	C1	metabolite	1	0.0591	-110.362	-213.916	43.898
2763	N2763	C15	bridge	1	0.8499	-140.656	77.069	-30.572
2764	N2764	C21	protein	4	0.4274	-125.686	25.104	-31.607
2765	N2765	C6	transcript	2	0.6470	86.138	-125.414	-72.112
2766	N2766	C12	metabolite	1	0.3187	76.727	73.816	120.474
2767	N2767	C2	bridge	1	0.3287	-66.628	-11.701	-146.049
2768	N2768	C31	protein	1	0.6258	-70.163	-357.757	168.226
2769	N2769	C8	transcript	1	0.4120	-17.936	-30.733	-23.658
2770	N2770	C11	metabolite	73	0.7835	-67.602	-52.126	130.875
2771	N2771	C20	bridge	1	0.3427	109.117	102.661	34.409
2772	N2772	C14	protein	1	0.7024	-31.581	-159.478	235.642
2773	N2773	C17	transcript	2	0.2930	167.780	-44.360	-18.602
2774	N2774	C28	metabolite	4	0.4540	6.626	-38.455	181.182
2775	N2775	C23	bridge	1	0.9975	126.523	100.256	-80.946
2776	N2776	C10	protein	1	0.9346	55.016	-88.195	127.863
2777	N2777	C7	transcript	30	0.9553	-12.381	199.641	18.466
2778	N2778	C18	metabolite	1	0.3274	-11.786	46.263	136.317
2779	N2779	C2	bridge	71	0.0224	-73.377	-128.390	-169.803
2780	N2780	C32	protein	1	0.8794	125.590	-3.993	6.540
2781	N2781	C38	transcript	2	0.0904	-196.337	-39.800	-10.469
2782	N2782	C20	metabolite	14	0.0828	63.200	53.378	130.055
2783	N2783	C30	bridge	2	0.2677	-215.108	-44.834	58.558
2784	N2784	C22	protein	1	0.6549	-66.827	173.684	137.078
2785	N2785	C9	transcript	2	0.1840	245.067	-249.190	208.053
2786	N2786	C19	metabolite	1	0.6755	-38.593	-5.671	-122.480
2787	N2787	C20	bridge	2	0.3105	81.326	200.229	88.638
2788	N2788	C32	protein	1	0.7107	203.076	-51.695	-101.724
2789	N2789	C2	transcript	1	0.8306	13.028	-85.804	-110.884
2790	N2790	C14	metabolite	1	0.1667	-78.264	34.435	273.384
2791	N2791	C7	bridge	1	0.2983	-30.951	98.188	24.087
2792	N2792	C23	protein	1	0.3966	272.390	74.728	5.994
2793	N2793	C9	transcript	1	0.5765	248.289	-277.679	177.029
2794	N2794	C31	metabolite	1	0.7954	-135.105	-312.369	142.101
2795	N2795	C16	bridge	3	0.1305	248.188	-31.921	136.529
2796	N2796	C5	protein	2	0.4721	27.938	75.179	-63.472
2797	N2797	C24	transcript	1	0.3504	-96.604	-59.328	-54.487
2798	N2798	C2	metabolite	4	0.3770	-85.808	-40.596	-251.162
2799	N2799	C37	bridge	5	0.1699	-28.051	-8.492	55.315
2800	N2800	C1	protein	2	0.4804	-175.760	-262.798	37.575
2801	N2801	C1	transcript	4	0.7680	-33.061	-328.374	58.627
2802	N2802	C38	metabolite	4	0.8407	-62.939	-116.221	-112.125
2803	N2803	C37	bridge	3	0.2036	12.798	-65.523	83.815
2804	N2804	C3	protein	1	0.3848	-9.725	213.140	155.800
2805	N2805	C17	transcript	4	0.3536	79.476	-135.777	-24.920
2806	N2806	C14	metabolite	1	0.6393	-135.866	-128.074	287.274
2807	N2807	C37	bridge	1	0.1452	-20.791	-59.178	37.868
2808	N2808	C20	protein	1	0.3218	-49.132	134.844	96.981
2809	N2809	C21	transcript	1	0.5520	-148.541	117.714	-37.406
2810	N2810	C20	metabolite	1	0.8667	2.376	85.444	104.289
2811	N2811	C7	bridge	2	0.1425	23.554	143.017	84.952
2812	N2812	C1	protein	2	0.9539	-122.469	-231.236	99.866
2813	N2813	C16	transcript	1	0.3261	127.107	-43.781	260.944
2814	N2814	C8	metabolite	1	0.3802	-143.960	-117.537	-66.857
2815	N2815	C27	bridge	1	0.3242	-15.905	32.256	105.784
2816	N2816	C38	protein	1	0.8408	-111.440	-39.596	4.936
2817	N2817	C39	transcript	1	0.2678	-4.863	-114.811	-206.686
2818	N2818	C15	metabolite	1	0.8711	-109.835	126.484	-74.611
2819	N2819	C11	bridge	1	0.5788	-8.302	-55.498	147.950
2820	N2820	C20	protein	1	0.8956	-1.209	91.272	126.163
2821	N2821	C4	transcript	1	0.2399	51.504	12.583	200.528
2822	N2822	C19	metabolite	6	0.4272	59.834	83.692	-119.986
2823	N2823	C29	bridge	1	0.3832	-207.791	-71.980	123.207
2824	N2824	C20	protein	2	0.0949	30.681	147.957	-6.985
2825	N2825	C17	transcript	1	0.0059	76.365	-41.084	-10.420
2826	N2826	C6	metabolite	2	0.9025	17.856	-129.112	-82.695
2827	N2827	C35	bridge	1	0.3755	-128.128	95.084	-21.787
2828	N2828	C3	protein	1	0.3567	-31.534	232.273	111.127
2829	N2829	C13	transcript	1	0.3730	-135.267	-88.613	35.580
2830	N2830	C1	metabolite	1	0.0136	28.236	-247.945	24.585
2831	N2831	C34	bridge	1	0.4846	-152.685	77.053	-154.202
2832	N2832	C14	protein	1	0.5932	-83.561	-89.630	232.082
2833	N2833	C23	transcript	1	0.8992	216.495	101.434	-147.690
2834	N2834	C21	metabolite	1	0.6040	-159.815	89.369	-33.872
2835	N2835	C15	bridge	1	0.6880	-114.104	93.703	-111.334
2836	N2836	C30	protein	1	0.6331	-240.099	-26.568	39.567
2837	N2837	C25	transcript	1	0.4132	-128.601	-53.742	-196.703
2838	N2838	C21	metabolite	1	0.8480	-143.119	4.405	-61.843
2839	N2839	C12	bridge	1	0.8812	26.545	76.985	103.039
2840	N2840	C3	protein	1	0.8164	-2.579	230.285	152.172
2841	N2841	C1	transcript	2	0.1508	-61.610	-312.808	18.034
2842	N2842	C18	metabolite	1	0.1071	-24.131	41.185	74.041
2843	N2843	C39	bridge	1	0.0561	-57.565	-150.443	-128.027
2844	N2844	C36	protein	5	0.3706	41.185	-45.898	227.922
2845	N2845	C8	transcript	1	0.2901	-36.471	63.221	20.832
2846	N2846	C29	metabolite	1	0.0872	-209.922	28.293	123.748
2847	N2847	C4	bridge	1	0.6499	129.628	30.535	126.521
2848	N2848	C11	protein	1	0.1484	-68.211	-17.880	35.221
2849	N2849	C34	transcript	1	0.3977	-46.441	83.382	-143.747
2850	N2850	C19	metabolite	1	0.5784	-1.502	109.896	-202.727
2851	N2851	C33	bridge	1	0.4105	173.035	-127.859	126.666
2852	N2852	C15	protein	2	0.1365	-128.396	99.750	-96.156
2853	N2853	C33	transcript	3	0.2657	163.390	-142.427	172.225
2854	N2854	C3	metabolite	1	0.3845	-6.374	267.972	172.382
2855	N2855	C17	bridge	1	0.3825	125.482	-39.652	-27.051
2856	N2856	C9	protein	1	0.7386	240.307	-217.352	180.525
2857	N2857	C6	transcript	4	0.6018	30.899	-143.893	-51.237
2858	N2858	C17	metabolite	5	0.4923	235.297	-40.477	-113.356
2859	N2859	C29	bridge	1	0.9240	-170.841	33.845	74.770
2860	N2860	C17	protein	1	0.9650	207.527	-166.966	-45.495
2861	N2861	C39	transcript	9	0.0001	-17.933	-118.535	-132.271
2862	N2862	C37	metabolite	1	0.1615	-90.598	-18.233	10.527
2863	N2863	C0	bridge	1	0.9614	-146.354	-107.223	-126.259
2864	N2864	C28	protein	1	0.9591	88.957	-107.398	185.706
2865	N2865	C35	transcript	1	0.2684	-195.769	-8.987	-62.273
2866	N2866	C12	metabolite	1	0.4027	61.841	49.315	146.428
2867	N2867	C21	bridge	1	0.6444	-167.378	108.422	-39.544
2868	N2868	C30	protein	3	0.0242	-277.968	-60.439	56.017
2869	N2869	C14	transcript	1	0.6838	-197.312	-108.109	290.073
2870	N2870	C1	metabolite	1	0.0000	-34.757	-241.244	29.333
2871	N2871	C13	bridge	1	0.8358	-145.993	-138.573	-29.480
2872	N2872	C0	protein	1	0.6031	-141.999	-103.849	-113.683
2873	N2873	C0	transcript	1	0.1657	-111.708	-91.943	-51.179
2874	N2874	C16	metabolite	3	0.3900	146.626	-57.891	161.528
2875	N2875	C28	bridge	1	0.6427	36.628	-44.252	61.134
2876	N2876	C30	protein	2	0.3295	-249.518	-13.512	56.085
2877	N2877	C30	transcript	1	0.5793	-239.367	-89.661	42.052
2878	N2878	C35	metabolite	1	0.1481	-176.663	124.559	53.888
2879	N2879	C25	bridge	2	0.6866	-132.689	-68.211	-75.216
2880	N2880	C30	protein	1	0.8841	-281.857	-55.382	42.378
2881	N2881	C9	transcript	1	0.2850	242.613	-227.798	208.350
2882	N2882	C29	metabolite	1	0.8577	-191.987	63.697	134.589
2883	N2883	C33	bridge	1	0.9238	192.274	-100.177	137.659
2884	N2884	C38	protein	1	0.5528	-145.585	54.342	175.195
2885	N2885	C25	transcript	1	0.8151	-66.085	-71.492	-133.844
2886	N2886	C19	metabolite	1	0.7923	22.211	62.790	-190.181
2887	N2887	C17	bridge	3	0.7419	88.223	8.908	-89.318
2888	N2888	C25	protein	1	0.7453	-104.632	-48.470	-108.731
2889	N2889	C31	transcript	8	0.9796	-94.379	-312.756	152.199
2890	N2890	C15	metabolite	1	0.1890	-132.549	57.736	-93.031
2891	N2891	C36	bridge	1	0.1977	-1.073	-16.267	229.641
2892	N2892	C5	protein	1	0.8704	109.610	57.451	-5.550
2893	N2893	C25	transcript	1	0.1316	-199.663	-121.193	-143.157
2894	N2894	C20	metabolite	1	0.3025	162.683	21.836	-5.751
2895	N2895	C12	bridge	1	0.1505	62.035	68.226	128.336
2896	N2896	C6	protein	1	0.6518	33.949	-156.442	-38.306
2897	N2897	C38	transcript	1	0.8103	-52.896	5.952	48.966
2898	N2898	C6	metabolite	1	0.0036	18.506	-134.348	-13.809
2899	N2899	C33	bridge	1	0.3366	232.177	-159.117	138.157
2900	N2900	C38	protein	1	0.2494	-158.594	37.380	42.799
2901	N2901	C18	transcript	1	0.8585	-27.104	47.934	146.408
2902	N2902	C16	metabolite	2	0.2493	104.718	-75.374	187.536
2903	N2903	C11	bridge	1	0.9305	2.406	-16.706	154.529
2904	N2904	C14	protein	1	0.8830	-157.860	-103.926	337.074
2905	N2905	C33	transcript	3	0.8849	200.591	-144.999	104.634
2906	N2906	C18	metabolite	1	0.8570	-62.749	57.991	118.835
2907	N2907	C14	bridge	1	0.7877	-114.906	-72.602	300.246
2908	N2908	C34	protein	3	0.8889	-100.998	75.641	-152.473
2909	N2909	C2	transcript	1	0.8184	-41.480	-62.569	-257.160
2910	N2910	C1	metabolite	1	0.4949	-90.580	-189.136	45.318
2911	N2911	C25	bridge	1	0.5979	-181.296	-96.779	-113.228
2912	N2912	C14	protein	1	0.8276	-81.696	-12.675	354.728
2913	N2913	C2	transcript	1	0.4961	-74.244	20.538	-68.889
2914	N2914	C31	metabolite	1	0.1683	-89.648	-367.389	61.425
2915	N2915	C6	bridge	1	0.2449	48.935	-164.370	-11.387
2916	N2916	C36	protein	1	0.2999	10.979	-46.575	231.052
2917	N2917	C34	transcript	2	0.8052	-115.889	114.653	-115.077
2918	N2918	C16	metabolite	1	0.8362	202.256	-66.319	135.202
2919	N2919	C26	bridge	1	0.6868	-134.640	-103.755	-45.969
2920	N2920	C35	protein	2	0.8405	-226.387	11.982	-72.083
2921	N2921	C24	transcript	1	0.6392	-146.366	-45.042	-75.672
2922	N2922	C25	metabolite	2	0.1192	-132.168	-105.801	-116.088
2923	N2923	C27	bridge	177	0.1941	-69.360	28.504	82.493
2924	N2924	C11	protein	1	0.5254	-36.564	56.230	58.450
2925	N2925	C7	transcript	2	0.7155	-39.282	99.541	17.346
2926	N2926	C7	metabolite	3	0.0401	4.314	123.792	43.430
2927	N2927	C4	bridge	2	0.4252	58.925	59.938	171.051
2928	N2928	C34	protein	2	0.3037	-128.822	38.535	-96.151
2929	N2929	C21	transcript	1	0.4558	-144.745	93.137	-44.568
2930	N2930	C33	metabolite	9	0.4128	213.755	-151.124	146.914
2931	N2931	C37	bridge	1	0.7027	-9.636	-33.469	26.531
2932	N2932	C23	protein	3	0.1027	73.859	48.569	-18.744
2933	N2933	C14	transcript	1	0.0094	-119.567	-56.843	259.647
2934	N2934	C1	metabolite	1	0.3800	-41.702	-244.362	3.142
2935	N2935	C10	bridge	1	0.2988	62.406	-117.357	148.003
2936	N2936	C23	protein	1	0.2507	66.205	-53.147	-18.511
2937	N2937	C25	transcript	6	0.9967	-100.710	-85.004	-98.409
2938	N2938	C12	metabolite	2	0.0027	124.035	61.971	124.904
2939	N2939	C5	bridge	2	0.9817	123.585	158.161	-145.077
2940	N2940	C4	protein	1	0.2769	54.679	-52.157	96.219
2941	N2941	C1	transcript	1	0.0252	-33.459	-207.673	32.930
2942	N2942	C22	metabolite	1	0.1280	-14.172	114.137	33.960
2943	N2943	C26	bridge	1	0.4946	-75.223	-95.386	34.213
2944	N2944	C38	protein	1	0.0420	-157.386	-52.019	41.903
2945	N2945	C22	transcript	1	0.3629	-39.086	79.485	80.441
2946	N2946	C16	metabolite	4	0.3164	136.782	-1.155	160.844
2947	N2947	C13	bridge	5	0.4133	-218.826	-82.802	56.650
2948	N2948	C27	protein	1	0.5466	-19.800	83.725	127.825
2949	N2949	C7	transcript	1	0.2621	-0.086	136.820	1.975
2950	N2950	C23	metabolite	5	0.3145	140.877	-56.687	-80.766
2951	N2951	C32	bridge	2	0.7250	93.397	164.871	-49.827
2952	N2952	C21	protein	1	0.7738	-174.793	83.513	-0.129
2953	N2953	C10	transcript	1	0.1312	98.531	-121.574	149.369
2954	N2954	C14	metabolite	1	0.5547	-41.257	-84.305	231.424
2955	N2955	C8	bridge	2	0.6114	71.707	91.544	-91.849
2956	N2956	C21	protein	1	0.9348	-128.054	94.872	-42.729
2957	N2957	C36	transcript	2	0.7372	5.564	-20.822	218.427
2958	N2958	C14	metabolite	2	0.9036	-167.285	-41.333	255.294
2959	N2959	C0	bridge	1	0.9122	-129.060	-107.996	-40.449
2960	N2960	C36	protein	1	0.5531	50.211	-7.334	193.007
2961	N2961	C16	transcript	1	0.4688	138.594	-23.558	181.121
2962	N2962	C10	metabolite	1	0.0931	142.451	-84.033	163.620
2963	N2963	C26	bridge	2	0.9765	-54.906	-84.669	15.168
2964	N2964	C37	protein	1	0.2437	-116.246	97.699	89.656
2965	N2965	C28	transcript	7	0.9112	49.263	-116.141	182.295
2966	N2966	C18	metabolite	1	0.3395	-42.164	43.381	136.563
2967	N2967	C2	bridge	1	0.3933	-157.982	-143.136	-190.532
2968	N2968	C23	protein	2	0.8486	249.836	82.799	-112.214
2969	N2969	C22	transcript	4	0.6773	-23.024	112.300	93.310
2970	N2970	C25	metabolite	1	0.8712	-122.934	-85.617	-130.976
2971	N2971	C36	bridge	1	0.3167	73.047	16.655	211.162
2972	N2972	C34	protein	1	0.4712	-117.310	114.161	-65.460
2973	N2973	C9	transcript	1	0.9784	219.520	-235.089	183.519
2974	N2974	C39	metabolite	7	0.1904	-6.740	-121.699	-141.158
2975	N2975	C5	bridge	2	0.1662	-59.914	-55.236	-78.350
2976	N2976	C2	protein	2	0.6655	-91.002	-48.487	-202.556
2977	N2977	C20	transcript	2	0.8330	-39.203	119.400	76.373
2978	N2978	C10	metabolite	1	0.3457	19.557	-55.574	150.715
2979	N2979	C25	bridge	5	0.5642	-97.388	-118.914	-102.185
2980	N2980	C31	protein	12	0.8952	-87.300	-345.886	159.989
2981	N2981	C4	transcript	2	0.6464	117.026	18.610	80.369
2982	N2982	C38	metabolite	3	0.7831	-67.340	-12.529	-13.200
2983	N2983	C7	bridge	1	0.4408	0.066	135.025	32.725
2984	N2984	C10	protein	1	0.3132	83.498	-194.086	128.251
2985	N2985	C26	transcript	1	0.8258	16.166	-12.933	5.230
2986	N2986	C7	metabolite	2	0.5175	-50.138	117.180	26.418
2987	N2987	C18	bridge	1	0.0890	-60.483	11.222	126.146
2988	N2988	C7	protein	1	0.0125	-65.754	117.876	12.021
2989	N2989	C37	transcript	2	0.6276	-32.634	28.834	60.156
2990	N2990	C39	metabolite	1	0.5646	-51.756	-139.972	-90.927
2991	N2991	C27	bridge	1	0.1606	-13.093	45.849	106.939
2992	N2992	C25	protein	1	0.2043	-66.216	-89.459	-155.100
2993	N2993	C18	transcript	1	0.7280	-57.641	17.095	104.107
2994	N2994	C26	metabolite	1	0.9410	-96.574	-59.269	39.584
2995	N2995	C23	bridge	1	0.3402	149.711	60.689	-110.016
2996	N2996	C24	protein	1	0.3931	-153.444	-11.220	-71.162
2997	N2997	C35	transcript	1	0.2002	-223.222	-7.671	28.599
2998	N2998	C6	metabolite	2	0.6344	63.608	-98.583	-31.650
2999	N2999	C26	bridge	3	0.0887	-75.557	-54.482	-15.686
3000	N3000	C34	protein	2	0.8685	-147.730	101.052	-73.153
3001	N3001	C35	transcript	1	0.1752	-239.968	94.789	-78.836
3002	N3002	C25	metabolite	2	0.1824	-164.149	-105.636	-83.903
3003	N3003	C24	bridge	1	0.5496	-88.546	-27.582	-31.987
3004	N3004	C10	protein	1	0.0575	7.746	-117.128	131.951
3005	N3005	C13	transcript	9	0.2594	-112.695	-115.545	-4.474
3006	N3006	C28	metabolite	9	0.6267	3.079	-113.279	136.313
3007	N3007	C18	bridge	1	0.4473	-53.096	42.936	150.520
3008	N3008	C15	protein	1	0.4045	-83.291	80.330	-73.775
3009	N3009	C10	transcript	1	0.2912	107.410	-114.323	155.863
3010	N3010	C35	metabolite	4	0.7901	-195.993	63.501	22.633
3011	N3011	C34	bridge	1	0.2046	-108.817	54.275	-154.100
3012	N3012	C4	protein	1	0.5957	131.631	42.670	171.377
3013	N3013	C5	transcript	7	0.2953	138.578	30.525	-109.302
3014	N3014	C37	metabolite	2	0.0857	-22.875	-57.520	73.440
3015	N3015	C24	bridge	2	0.7156	-104.356	-36.227	-77.498
3016	N3016	C37	protein	1	0.5490	-80.869	-43.139	78.821
3017	N3017	C32	transcript	11	0.2172	205.040	27.033	53.609
3018	N3018	C0	metabolite	1	0.2407	-108.815	-123.931	-83.402
3019	N3019	C2	bridge	2	0.3198	-56.171	-27.946	-199.640
3020	N3020	C0	protein	4	0.8943	-134.669	-143.050	-89.691
3021	N3021	C37	transcript	1	0.8034	-87.068	-24.749	45.711
3022	N3022	C37	metabolite	1	0.1028	-62.067	21.329	33.648
3023	N3023	C19	bridge	1	0.4966	63.918	127.007	-219.557
3024	N3024	C17	protein	2	0.1542	35.589	-89.427	-76.975
3025	N3025	C5	transcript	16	0.5452	80.413	49.204	-147.323
3026	N3026	C6	metabolite	1	0.5404	26.431	-168.682	-52.633
3027	N3027	C14	bridge	8	0.5146	-70.201	-37.255	273.267
3028	N3028	C30	protein	1	0.2744	-250.628	-52.973	91.114
3029	N3029	C27	transcript	1	0.1810	-24.699	26.091	127.244
3030	N3030	C21	metabolite	5	0.9179	-98.016	78.759	-7.722
3031	N3031	C30	bridge	1	0.4753	-237.656	-29.657	63.590
3032	N3032	C10	protein	1	0.2099	113.118	-105.229	114.040
3033	N3033	C18	transcript	1	0.6727	-17.812	34.925	151.686
3034	N3034	C33	metabolite	1	0.8757	156.055	-193.426	175.753
3035	N3035	C31	bridge	2	0.5376	-94.657	-355.905	164.316
3036	N3036	C17	protein	4	0.4015	119.835	-86.332	11.786
3037	N3037	C27	transcript	1	0.2388	-18.765	85.543	128.258
3038	N3038	C29	metabolite	2	0.9658	-232.277	109.275	169.141
3039	N3039	C12	bridge	1	0.6989	40.925	56.704	114.181
3040	N3040	C14	protein	1	0.1455	-117.053	-75.622	217.595
3041	N3041	C32	transcript	10	0.2529	272.579	-21.306	-193.203
3042	N3042	C39	metabolite	1	0.5942	-33.254	-131.675	-107.244
3043	N3043	C24	bridge	1	0.5083	-77.139	-87.034	-97.072
3044	N3044	C23	protein	3	0.1489	128.166	133.670	-52.321
3045	N3045	C30	transcript	1	0.7483	-236.778	-55.631	83.044
3046	N3046	C30	metabolite	1	0.8398	-254.710	-72.578	51.593
3047	N3047	C15	bridge	1	0.5714	-120.006	109.209	-64.829
3048	N3048	C33	protein	1	0.6045	186.137	-130.654	129.670
3049	N3049	C39	transcript	1	0.8197	-25.123	-141.796	-116.449
3050	N3050	C29	metabolite	1	0.3942	-131.231	25.274	101.724
3051	N3051	C28	bridge	2	0.4878	-0.948	-105.921	152.477
3052	N3052	C33	protein	1	0.7425	165.683	-149.621	141.453
3053	N3053	C1	transcript	2	0.1814	-89.644	-191.202	61.971
3054	N3054	C20	metabolite	1	0.5119	32.446	33.285	57.752
3055	N3055	C24	bridge	1	0.8696	-112.407	-21.743	-61.909
3056	N3056	C3	protein	1	0.8079	-9.205	238.169	133.850
3057	N3057	C10	transcript	2	0.2433	83.118	-119.615	149.218
3058	N3058	C39	metabolite	1	0.1803	-47.114	-121.718	-85.313
3059	N3059	C25	bridge	1	0.5440	-147.457	-58.452	-129.506
3060	N3060	C32	protein	2	0.2516	208.964	44.101	-60.752
3061	N3061	C33	transcript	2	0.7083	247.828	-169.000	115.629
3062	N3062	C33	metabolite	6	0.0117	250.964	-148.760	150.345
3063	N3063	C37	bridge	3	0.5417	-76.829	3.403	93.549
3064	N3064	C22	protein	1	0.5703	-60.963	105.271	112.167
3065	N3065	C8	transcript	31	0.2135	-45.081	-45.283	-54.927
3066	N3066	C30	metabolite	1	0.2563	-217.181	-21.676	33.464
3067	N3067	C29	bridge	1	0.9687	-227.458	78.466	70.160
3068	N3068	C28	protein	1	0.9212	102.293	-124.083	95.685
3069	N3069	C0	transcript	2	0.3796	-137.732	-92.142	-61.696
3070	N3070	C29	metabolite	3	0.9513	-291.362	-11.789	57.144
3071	N3071	C18	bridge	1	0.5869	-31.903	36.544	101.220
3072	N3072	C14	protein	6	0.9584	-126.322	-29.679	270.679
3073	N3073	C16	transcript	1	0.2841	203.932	-75.063	178.388
3074	N3074	C2	metabolite	13	0.3234	-1.845	13.091	-94.089
3075	N3075	C32	bridge	1	0.3047	277.877	-68.508	-30.776
3076	N3076	C32	protein	1	0.6070	216.302	63.906	5.572
3077	N3077	C33	transcript	1	0.5838	193.686	-147.077	168.890
3078	N3078	C33	metabolite	1	0.5431	212.483	-118.713	147.069
3079	N3079	C7	bridge	1	0.3803	33.603	127.806	26.528
3080	N3080	C3	protein	1	0.9843	-29.426	190.385	192.760
3081	N3081	C39	transcript	1	0.0591	-43.841	-132.647	-145.560
3082	N3082	C2	metabolite	2	0.2495	-124.833	-37.968	-77.832
3083	N3083	C10	bridge	1	0.7109	54.600	-141.627	169.306
3084	N3084	C5	protein	1	0.0945	100.167	59.165	-60.863
3085	N3085	C23	transcript	2	0.9615	62.865	28.656	-74.957
3086	N3086	C38	metabolite	2	0.7746	-215.266	-25.336	35.761
3087	N3087	C28	bridge	1	0.6280	107.712	-139.602	172.495
3088	N3088	C8	protein	1	0.9450	28.744	-69.251	-53.084
3089	N3089	C21	transcript	3	0.2849	-205.371	156.998	-59.433
3090	N3090	C39	metabolite	1	0.2885	-23.542	-127.072	-95.193
3091	N3091	C25	bridge	3	0.8161	-139.016	-162.764	-153.107
3092	N3092	C30	protein	1	0.1457	-282.039	-32.881	78.034
3093	N3093	C15	transcript	1	0.4250	-167.820	83.927	-84.587
3094	N3094	C37	metabolite	14	0.0928	-93.447	4.394	137.552
3095	N3095	C16	bridge	1	0.7600	198.143	-47.380	194.584
3096	N3096	C37	protein	2	0.9191	-22.576	7.406	120.381
3097	N3097	C1	transcript	1	0.7802	-123.562	-209.508	25.056
3098	N3098	C3	metabolite	1	0.6071	-38.878	223.243	178.545
3099	N3099	C23	bridge	1	0.5565	212.435	-9.673	-38.060
3100	N3100	C9	protein	1	0.2612	270.613	-252.047	202.316
3101	N3101	C30	transcript	3	0.3402	-228.686	-12.427	73.070
3102	N3102	C32	metabolite	5	0.7104	184.510	-90.817	-30.711
3103	N3103	C8	bridge	1	0.0609	-69.773	111.352	-125.432
3104	N3104	C0	protein	1	0.2058	-130.417	-128.371	-126.335
3105	N3105	C20	transcript	3	0.3077	-128.045	168.987	2.947
3106	N3106	C32	metabolite	1	0.0451	123.528	29.322	-71.495
3107	N3107	C26	bridge	1	0.3403	48.416	5.683	8.141
3108	N3108	C23	protein	1	0.0570	108.111	25.875	-58.554
3109	N3109	C37	transcript	3	0.5204	13.412	14.688	28.701
3110	N3110	C37	metabolite	3	0.1923	-54.954	-0.080	64.434
3111	N3111	C29	bridge	4	0.1897	-320.618	-14.618	98.598
3112	N3112	C32	protein	1	0.6771	200.028	78.255	-85.980
3113	N3113	C27	transcript	1	0.0981	1.732	74.598	110.251
3114	N3114	C26	metabolite	1	0.0556	-59.927	-127.640	42.427
3115	N3115	C22	bridge	1	0.6889	20.294	48.477	166.819
3116	N3116	C34	protein	1	0.9203	-88.651	86.700	-39.240
3117	N3117	C21	transcript	1	0.7630	-178.731	68.230	-39.238
3118	N3118	C13	metabolite	1	0.8871	-118.669	-87.522	-4.358
3119	N3119	C15	bridge	1	0.6355	-111.135	71.387	-62.851
3120	N3120	C23	protein	1	0.0573	108.071	92.127	7.070
3121	N3121	C20	transcript	2	0.9461	-21.583	207.867	91.074
3122	N3122	C18	metabolite	3	0.2204	-40.226	44.801	124.248
3123	N3123	C6	bridge	1	0.4370	24.692	-94.389	-97.028
3124	N3124	C30	protein	1	0.6944	-251.716	-57.802	9.444
3125	N3125	C12	transcript	1	0.0847	61.311	29.557	132.801
3126	N3126	C9	metabolite	1	0.8209	265.916	-274.395	156.631
3127	N3127	C12	bridge	1	0.0098	89.750	60.417	118.331
3128	N3128	C16	protein	18	0.9939	208.825	-17.122	188.612
3129	N3129	C36	transcript	2	0.3207	10.747	-31.046	253.637
3130	N3130	C37	metabolite	13	0.2759	-90.546	8.532	11.283
3131	N3131	C23	bridge	1	0.7299	55.004	89.017	3.717
3132	N3132	C20	protein	1	0.9753	69.870	142.873	93.990
3133	N3133	C26	transcript	3	0.9122	-55.092	-17.378	-45.912
3134	N3134	C35	metabolite	1	0.0798	-114.096	61.403	-98.453
3135	N3135	C12	bridge	1	0.3524	79.828	42.174	85.930
3136	N3136	C32	protein	3	0.9231	211.444	-0.835	-66.719
3137	N3137	C16	transcript	1	0.2181	205.230	-66.561	164.991
3138	N3138	C10	metabolite	64	0.7589	101.283	-119.066	110.050
3139	N3139	C31	bridge	1	0.0397	-51.631	-346.177	138.806
3140	N3140	C4	protein	1	0.0952	101.517	14.640	69.389
3141	N3141	C29	transcript	1	0.4572	-216.394	122.009	58.824
3142	N3142	C21	metabolite	1	0.2114	-169.246	81.504	-67.569
3143	N3143	C28	bridge	1	0.2002	87.162	-95.219	201.509
3144	N3144	C0	protein	1	0.5990	-137.234	-78.022	-54.142
3145	N3145	C17	transcript	1	0.0156	208.905	-95.093	-70.068
3146	N3146	C9	metabolite	6	0.6134	238.568	-255.379	180.105
3147	N3147	C36	bridge	3	0.2297	-7.330	-20.619	203.866
3148	N3148	C17	protein	1	0.2117	129.422	-17.932	-76.601
3149	N3149	C33	transcript	1	0.6705	214.103	-159.108	109.730
3150	N3150	C1	metabolite	1	0.0292	-40.817	-286.533	47.272
3151	N3151	C33	bridge	1	0.7364	140.705	-147.887	127.681
3152	N3152	C31	protein	2	0.6026	-110.155	-284.106	179.474
3153	N3153	C12	transcript	10	0.4960	57.395	65.781	162.180
3154	N3154	C31	metabolite	1	0.8721	-105.731	-320.672	173.455
3155	N3155	C4	bridge	1	0.7488	103.545	13.585	188.276
3156	N3156	C1	protein	2	0.3848	21.360	-282.457	130.422
3157	N3157	C25	transcript	3	0.0864	-91.302	-118.475	-138.851
3158	N3158	C21	metabolite	4	0.7762	-143.699	95.999	-12.091
3159	N3159	C1	bridge	1	0.9593	-72.125	-249.822	36.931
3160	N3160	C2	protein	2	0.4369	18.561	-49.235	-148.716
3161	N3161	C1	transcript	1	0.8982	-95.781	-228.083	32.941
3162	N3162	C10	metabolite	1	0.4296	16.859	-173.864	126.440
3163	N3163	C37	bridge	5	0.5414	-51.394	-23.260	75.700
3164	N3164	C31	protein	1	0.2474	-87.472	-350.675	163.119
3165	N3165	C32	transcript	5	0.1181	126.776	-82.086	-133.625
3166	N3166	C30	metabolite	1	0.5221	-265.074	-56.414	42.454
3167	N3167	C23	bridge	2	0.4242	142.723	81.808	13.601
3168	N3168	C13	protein	1	0.2543	-101.586	-105.296	10.687
3169	N3169	C17	transcript	1	0.6076	109.093	-58.495	32.804
3170	N3170	C4	metabolite	1	0.1208	147.345	22.543	181.852
3171	N3171	C32	bridge	1	0.1850	173.391	-29.001	-58.805
3172	N3172	C6	protein	1	0.6639	21.360	-136.560	-81.384
3173	N3173	C18	transcript	1	0.6178	-28.270	24.698	127.922
3174	N3174	C19	metabolite	1	0.9661	-6.569	48.446	-213.128
3175	N3175	C6	bridge	1	0.5796	69.798	-89.471	-58.129
3176	N3176	C3	protein	1	0.5673	5.749	246.250	142.049
3177	N3177	C33	transcript	1	0.1274	195.900	-137.867	120.121
3178	N3178	C5	metabolite	1	0.8015	151.398	18.337	-171.154
3179	N3179	C17	bridge	1	0.8173	106.370	-144.222	13.761
3180	N3180	C12	protein	2	0.5762	44.345	64.754	143.372
3181	N3181	C22	transcript	2	0.5248	-51.625	125.865	62.432
3182	N3182	C19	metabolite	1	0.6272	29.800	63.053	-141.574
3183	N3183	C25	bridge	1	0.0810	-110.444	-69.167	-135.564
3184	N3184	C15	protein	1	0.2609	-137.181	87.603	-42.747
3185	N3185	C15	transcript	12	0.1603	-57.524	81.297	-91.879
3186	N3186	C19	metabolite	1	0.9319	-31.083	98.994	-195.134
3187	N3187	C14	bridge	1	0.1256	-171.605	-124.186	304.394
3188	N3188	C28	protein	3	0.0079	52.233	-114.188	192.678
3189	N3189	C11	transcript	2	0.0583	-31.497	-33.789	77.989
3190	N3190	C11	metabolite	52	0.6524	-47.489	-89.247	157.565
3191	N3191	C32	bridge	2	0.4945	156.080	-103.497	-11.355
3192	N3192	C12	protein	1	0.8886	107.781	52.059	123.017
3193	N3193	C34	transcript	1	0.2122	-141.842	25.062	-181.491
3194	N3194	C8	metabolite	3	0.9880	65.526	-103.484	-60.764
3195	N3195	C22	bridge	1	0.4970	-89.261	41.038	113.865
3196	N3196	C11	protein	1	0.8794	-22.322	-71.688	104.551
3197	N3197	C16	transcript	1	0.4198	249.773	-101.293	99.266
3198	N3198	C1	metabolite	2	0.0216	-130.905	-214.451	142.420
3199	N3199	C17	bridge	1	0.8562	111.993	-85.157	-11.817
3200	N3200	C5	protein	1	0.1955	72.031	79.828	-144.765
3201	N3201	C19	transcript	3	0.4065	-40.358	148.157	-206.709
3202	N3202	C25	metabolite	1	0.3851	-117.167	-101.430	-138.805
3203	N3203	C37	bridge	1	0.8175	-13.103	-29.899	42.892
3204	N3204	C27	protein	1	0.9750	-25.263	56.347	119.015
3205	N3205	C38	transcript	1	0.7337	-113.432	-45.755	-5.495
3206	N3206	C34	metabolite	2	0.1064	-99.366	115.711	-121.991
3207	N3207	C19	bridge	1	0.6776	55.468	89.141	-205.454
3208	N3208	C4	protein	1	0.4540	53.428	56.035	199.339
3209	N3209	C16	transcript	1	0.9323	196.232	-79.644	135.875
3210	N3210	C0	metabolite	1	0.1031	-115.530	-105.670	-39.729
3211	N3211	C23	bridge	1	0.9423	138.966	9.933	-62.002
3212	N3212	C22	protein	1	0.8352	-60.727	163.510	66.931
3213	N3213	C24	transcript	7	0.6192	-124.806	-42.002	-32.494
3214	N3214	C14	metabolite	1	0.7803	-7.016	-99.512	305.020
3215	N3215	C3	bridge	1	0.0823	-8.092	198.845	157.623
3216	N3216	C6	protein	1	0.0829	48.832	-132.746	-29.573
3217	N3217	C32	transcript	4	0.6816	145.519	120.700	-8.357
3218	N3218	C20	metabolite	2	0.9685	-105.539	99.292	37.736
3219	N3219	C23	bridge	1	0.6625	94.673	80.617	-165.648
3220	N3220	C25	protein	1	0.5269	-122.763	-97.583	-79.860
3221	N3221	C31	transcript	3	0.7900	-136.795	-356.402	215.597
3222	N3222	C4	metabolite	2	0.4884	72.349	48.393	230.420
3223	N3223	C29	bridge	2	0.6539	-180.192	55.312	68.303
3224	N3224	C7	protein	2	0.2799	-31.909	145.563	6.173
3225	N3225	C23	transcript	1	0.0128	159.838	-10.668	25.938
3226	N3226	C28	metabolite	1	0.0767	-57.301	-117.336	230.349
3227	N3227	C33	bridge	1	0.4180	197.069	-218.086	141.035
3228	N3228	C38	protein	1	0.1986	-21.271	-70.938	84.316
3229	N3229	C30	transcript	1	0.6064	-276.517	-66.204	79.087
3230	N3230	C21	metabolite	1	0.8516	-140.174	113.660	-64.669
3231	N3231	C26	bridge	2	0.7615	-11.839	34.366	36.594
3232	N3232	C21	protein	2	0.6912	-168.673	60.361	-9.951
3233	N3233	C23	transcript	1	0.7062	148.669	32.964	-1.150
3234	N3234	C4	metabolite	1	0.6044	44.966	-13.814	199.976
3235	N3235	C20	bridge	32	0.5375	27.508	39.586	103.305
3236	N3236	C12	protein	1	0.4561	70.288	48.234	122.841
3237	N3237	C10	transcript	1	0.1337	76.823	-136.196	144.696
3238	N3238	C30	metabolite	2	0.1314	-237.983	-39.520	37.299
3239	N3239	C26	bridge	1	0.0555	63.267	-8.011	105.590
3240	N3240	C4	protein	1	0.1296	143.025	59.082	135.380
3241	N3241	C12	transcript	1	0.0929	86.519	85.244	123.311
3242	N3242	C1	metabolite	2	0.2654	-31.562	-322.529	43.306
3243	N3243	C31	bridge	1	0.0990	-135.373	-450.363	131.619
3244	N3244	C14	protein	2	0.9548	5.092	-0.872	294.241
3245	N3245	C12	transcript	1	0.7711	89.406	40.206	149.134
3246	N3246	C37	metabolite	4	0.1969	-7.328	-68.040	10.633
3247	N3247	C35	bridge	1	0.5534	-145.522	89.348	-17.413
3248	N3248	C32	protein	1	0.1729	113.815	-25.677	12.359
3249	N3249	C12	transcript	36	0.0618	60.786	64.695	122.965
3250	N3250	C35	metabolite	1	0.3352	-177.421	115.024	11.355
3251	N3251	C30	bridge	1	0.9294	-273.996	-26.040	80.833
3252	N3252	C21	protein	1	0.5697	-158.576	78.536	-31.269
3253	N3253	C33	transcript	1	0.1405	198.533	-143.831	168.301
3254	N3254	C36	metabolite	1	0.2863	-61.201	-33.480	239.222
3255	N3255	C31	bridge	1	0.1306	-93.545	-322.792	173.616
3256	N3256	C22	protein	1	0.1459	1.175	165.227	60.231
3257	N3257	C28	transcript	2	0.9437	53.261	-121.653	126.436
3258	N3258	C22	metabolite	2	0.8515	-18.564	127.167	77.731
3259	N3259	C1	bridge	2	0.2973	-45.393	-194.426	45.543
3260	N3260	C21	protein	1	0.2824	-176.013	69.029	-15.398
3261	N3261	C26	transcript	1	0.6095	-97.856	-16.936	-47.000
3262	N3262	C29	metabolite	1	0.6912	-245.153	20.573	128.147
3263	N3263	C39	bridge	1	0.3414	-27.658	-139.016	-149.727
3264	N3264	C15	protein	1	0.3994	-101.011	75.992	-77.201
3265	N3265	C14	transcript	1	0.8841	-36.176	-70.018	316.827
3266	N3266	C9	metabolite	1	0.6495	267.089	-268.717	159.069
3267	N3267	C28	bridge	1	0.4624	0.574	-59.255	151.722
3268	N3268	C13	protein	3	0.0373	-107.828	-50.352	-22.584
3269	N3269	C0	transcript	1	0.9790	-164.623	-95.946	-16.656
3270	N3270	C28	metabolite	1	0.6640	47.093	-45.609	172.524
3271	N3271	C1	bridge	5	0.5797	-71.681	-228.698	49.997
3272	N3272	C35	protein	1	0.9319	-201.339	25.976	-19.124
3273	N3273	C1	transcript	1	0.4594	-84.642	-212.826	106.844
3274	N3274	C28	metabolite	3	0.6768	29.028	-129.844	231.126
3275	N3275	C26	bridge	1	0.5524	-155.739	-93.528	44.140
3276	N3276	C5	protein	1	0.6059	55.174	22.016	-20.155
3277	N3277	C11	transcript	4	0.0634	-45.823	-91.509	112.162
3278	N3278	C17	metabolite	2	0.4510	211.028	-25.324	-153.178
3279	N3279	C20	bridge	1	0.3686	-59.388	119.157	-26.007
3280	N3280	C19	protein	1	0.3940	-26.145	78.905	-80.049
3281	N3281	C37	transcript	1	0.7090	-56.409	30.270	9.396
3282	N3282	C6	metabolite	1	0.0757	34.156	-149.009	-101.325
3283	N3283	C38	bridge	1	0.0509	8.220	-16.333	38.598
3284	N3284	C21	protein	1	0.1078	-149.216	42.219	-73.778
3285	N3285	C15	transcript	1	0.0005	-119.479	100.406	-54.112
3286	N3286	C9	metabolite	1	0.6693	245.606	-261.736	165.235
3287	N3287	C32	bridge	1	0.1590	239.644	27.554	-18.603
3288	N3288	C16	protein	1	0.4093	173.947	-130.808	40.972
3289	N3289	C25	transcript	2	0.7738	-94.969	-5.246	-124.983
3290	N3290	C10	metabolite	1	0.8639	-47.827	-81.817	147.590
3291	N3291	C39	bridge	3	0.8274	5.121	-110.058	-122.955
3292	N3292	C18	protein	8	0.1984	-69.240	20.932	123.236
3293	N3293	C21	transcript	1	0.9349	-156.165	77.696	-8.322
3294	N3294	C27	metabolite	1	0.9399	-65.714	118.572	82.339
3295	N3295	C33	bridge	1	0.5735	192.469	-102.875	165.745
3296	N3296	C0	protein	2	0.5588	-169.901	-107.682	-79.360
3297	N3297	C15	transcript	6	0.5447	-122.071	88.991	-78.293
3298	N3298	C24	metabolite	1	0.2208	-126.679	-81.560	-49.703
3299	N3299	C21	bridge	5	0.8651	-164.280	51.713	-51.631
3300	N3300	C22	protein	3	0.7621	-8.059	109.277	112.187
3301	N3301	C9	transcript	1	0.9987	245.929	-276.530	176.869
3302	N3302	C7	metabolite	2	0.7471	-45.919	95.728	100.556
3303	N3303	C10	bridge	1	0.8672	63.172	-129.044	143.901
3304	N3304	C5	protein	2	0.1767	-7.463	17.771	-95.519
3305	N3305	C38	transcript	2	0.6873	-73.879	-55.163	-22.574
3306	N3306	C21	metabolite	1	0.5835	-131.762	63.841	-72.187
3307	N3307	C14	bridge	1	0.8010	-59.055	-139.196	381.869
3308	N3308	C27	protein	2	0.4184	-11.194	90.037	73.199
3309	N3309	C38	transcript	2	0.6557	-107.584	-17.563	46.488
3310	N3310	C35	metabolite	1	0.8030	-236.361	115.503	24.474
3311	N3311	C11	bridge	1	0.4007	1.585	-37.441	78.580
3312	N3312	C5	protein	2	0.0308	26.439	-43.537	-117.004
3313	N3313	C0	transcript	1	0.0296	-159.308	-116.210	-92.314
3314	N3314	C25	metabolite	1	0.7809	-201.315	-90.245	-110.449
3315	N3315	C24	bridge	2	0.1237	-114.606	-29.167	-40.231
3316	N3316	C1	protein	1	0.2908	-65.667	-211.850	34.065
3317	N3317	C36	transcript	5	0.4772	-6.887	-39.538	219.306
3318	N3318	C13	metabolite	2	0.7795	-143.710	-88.754	-7.939
3319	N3319	C8	bridge	7	0.6494	11.548	-73.985	-175.395
3320	N3320	C19	protein	1	0.5871	21.095	5.114	-174.059
3321	N3321	C20	transcript	1	0.0996	13.488	136.056	38.822
3322	N3322	C34	metabolite	1	0.1516	-94.074	133.011	-91.830
3323	N3323	C11	bridge	1	0.6176	-84.684	54.753	112.324
3324	N3324	C12	protein	3	0.0441	34.526	85.236	129.836
3325	N3325	C15	transcript	2	0.9764	-131.179	89.594	-53.733
3326	N3326	C31	metabolite	6	0.2868	-193.666	-372.275	150.454
3327	N3327	C14	bridge	5	0.1368	-73.057	15.660	189.552
3328	N3328	C2	protein	1	0.7495	-140.904	-20.268	-215.708
3329	N3329	C14	transcript	1	0.3483	-101.815	-94.825	320.302
3330	N3330	C10	metabolite	2	0.0685	45.614	-121.802	158.109
3331	N3331	C27	bridge	1	0.4512	-24.345	63.597	51.535
3332	N3332	C37	protein	2	0.0368	-26.247	1.734	44.262
3333	N3333	C21	transcript	2	0.2003	-207.202	45.735	-37.258
3334	N3334	C28	metabolite	1	0.2472	110.318	-136.528	151.357
3335	N3335	C17	bridge	1	0.2215	141.870	-105.185	-111.566
3336	N3336	C13	protein	2	0.0143	-135.288	-54.531	-34.373
3337	N3337	C23	transcript	1	0.6144	231.890	48.497	-129.471
3338	N3338	C6	metabolite	1	0.0303	14.511	-116.370	-75.674
3339	N3339	C33	bridge	1	0.4279	237.665	-125.256	112.711
3340	N3340	C34	protein	1	0.6356	-123.701	102.445	-89.667
3341	N3341	C18	transcript	1	0.8620	-20.017	14.031	142.182
3342	N3342	C0	metabolite	1	0.4622	-114.515	-137.447	-70.334
3343	N3343	C16	bridge	1	0.5667	196.530	-41.428	120.369
3344	N3344	C13	protein	1	0.0224	-133.949	-83.419	22.304
3345	N3345	C24	transcript	1	0.1790	-91.458	-81.031	-49.318
3346	N3346	C11	metabolite	1	0.6968	-70.448	-79.355	26.705
3347	N3347	C20	bridge	4	0.1299	-36.056	-33.574	145.549
3348	N3348	C28	protein	16	0.7822	39.898	-39.816	153.388
3349	N3349	C3	transcript	1	0.5458	-28.626	215.109	167.638
3350	N3350	C25	metabolite	1	0.6386	-91.461	-197.996	-95.040
3351	N3351	C0	bridge	1	0.2302	-152.732	-111.229	-48.459
3352	N3352	C38	protein	1	0.5799	-117.510	-0.415	-34.838
3353	N3353	C0	transcript	3	0.8765	-127.860	-111.100	-86.557
3354	N3354	C14	metabolite	1	0.6345	-57.605	-25.199	262.573
3355	N3355	C23	bridge	1	0.8576	185.034	68.150	5.144
3356	N3356	C2	protein	4	0.6616	-28.559	-139.753	-106.612
3357	N3357	C13	transcript	2	0.2025	-186.212	-124.176	17.268
3358	N3358	C12	metabolite	3	0.8262	86.055	39.434	117.695
3359	N3359	C22	bridge	2	0.0613	-46.366	89.951	91.966
3360	N3360	C39	protein	3	0.4250	-20.884	-146.591	-140.986
3361	N3361	C6	transcript	4	0.3341	31.235	-117.322	-131.064
3362	N3362	C4	metabolite	1	0.1271	128.373	-81.124	81.047
3363	N3363	C29	bridge	4	0.6213	-175.820	79.422	68.802
3364	N3364	C6	protein	1	0.1783	3.135	-92.159	-52.361
3365	N3365	C37	transcript	4	0.4109	-37.702	-83.708	79.094
3366	N3366	C6	metabolite	1	0.4734	19.645	-140.524	-40.352
3367	N3367	C20	bridge	1	0.1544	-11.597	143.588	81.668
3368	N3368	C13	protein	1	0.3888	-124.007	-99.179	-21.558
3369	N3369	C37	transcript	1	0.6504	-64.799	-22.942	107.006
3370	N3370	C15	metabolite	1	0.3175	-134.387	19.486	-61.788
3371	N3371	C17	bridge	1	0.2236	164.935	-32.428	10.586
3372	N3372	C0	protein	2	0.0891	-147.272	-117.191	-77.564
3373	N3373	C20	transcript	1	0.5113	73.455	132.680	-21.977
3374	N3374	C18	metabolite	1	0.1955	-36.810	22.197	132.428
3375	N3375	C1	bridge	1	0.9159	-100.809	-241.503	75.634
3376	N3376	C35	protein	1	0.5874	-132.728	89.580	55.599
3377	N3377	C31	transcript	1	0.2566	-38.277	-346.030	155.130
3378	N3378	C3	metabolite	2	0.3376	-4.362	182.258	137.331
3379	N3379	C22	bridge	1	0.8865	-42.339	204.377	76.911
3380	N3380	C27	protein	1	0.9789	23.886	76.211	98.367
3381	N3381	C38	transcript	3	0.8051	-50.093	-88.841	-23.485
3382	N3382	C22	metabolite	1	0.7338	-105.675	85.852	75.449
3383	N3383	C7	bridge	1	0.5929	-41.104	86.299	74.714
3384	N3384	C14	protein	1	0.3619	-30.519	-49.788	257.893
3385	N3385	C30	transcript	1	0.8051	-228.215	-27.783	93.485
3386	N3386	C1	metabolite	1	0.9978	-82.442	-271.622	28.509
3387	N3387	C24	bridge	1	0.2324	-89.022	-14.061	-65.806
3388	N3388	C14	protein	2	0.0836	-187.180	-25.096	356.677
3389	N3389	C34	transcript	1	0.4087	-87.002	135.255	-140.699
3390	N3390	C19	metabolite	1	0.6074	-12.103	109.880	-193.071
3391	N3391	C36	bridge	1	0.0374	9.195	-74.916	190.571
3392	N3392	C34	protein	1	0.2225	-89.867	88.658	-127.611
3393	N3393	C12	transcript	1	0.3250	96.840	75.354	160.321
3394	N3394	C5	metabolite	2	0.0093	152.894	151.811	-193.548
3395	N3395	C27	bridge	1	0.1985	-36.202	72.656	106.319
3396	N3396	C2	protein	15	0.0087	-92.944	-37.341	-136.242
3397	N3397	C2	transcript	1	0.6526	-28.372	-114.078	-83.951
3398	N3398	C2	metabolite	1	0.9980	-175.902	-140.021	-240.845
3399	N3399	C10	bridge	2	0.7890	46.464	-172.266	183.825
3400	N3400	C0	protein	4	0.8041	-199.465	-98.212	-65.969
3401	N3401	C27	transcript	5	0.1985	-35.510	59.297	62.887
3402	N3402	C11	metabolite	5	0.6857	12.007	-84.120	121.403
3403	N3403	C28	bridge	3	0.8620	69.775	-98.015	130.219
3404	N3404	C20	protein	2	0.5231	-63.446	77.453	157.705
3405	N3405	C2	transcript	1	0.7045	-86.222	4.835	-132.569
3406	N3406	C9	metabolite	3	0.2257	194.981	-249.695	236.390
3407	N3407	C5	bridge	2	0.7640	38.984	92.043	-30.581
3408	N3408	C39	protein	2	0.7685	-0.796	-144.110	-163.987
3409	N3409	C33	transcript	1	0.4762	219.034	-136.299	130.885
3410	N3410	C37	metabolite	1	0.1825	-45.266	8.038	84.027
3411	N3411	C19	bridge	1	0.6200	69.541	160.722	-125.310
3412	N3412	C27	protein	1	0.7585	-35.837	119.349	88.996
3413	N3413	C22	transcript	2	0.7294	6.264	71.446	117.504
3414	N3414	C33	metabolite	1	0.6247	190.243	-136.768	172.440
3415	N3415	C16	bridge	1	0.9297	171.166	-70.123	180.932
3416	N3416	C10	protein	1	0.0462	151.182	-147.399	151.895
3417	N3417	C16	transcript	6	0.0260	236.059	-11.138	196.493
3418	N3418	C28	metabolite	1	0.8772	-27.816	18.862	207.489
3419	N3419	C12	bridge	1	0.2306	77.270	77.654	94.495
3420	N3420	C0	protein	1	0.7790	-103.652	-84.555	-81.659
3421	N3421	C18	transcript	1	0.9277	-56.941	21.298	134.072
3422	N3422	C3	metabolite	1	0.3123	-23.888	204.203	169.036
3423	N3423	C39	bridge	1	0.0942	-21.275	-101.066	-147.730
3424	N3424	C15	protein	2	0.5023	-144.690	76.998	-69.639
3425	N3425	C13	transcript	1	0.1411	-89.685	-110.116	-19.912
3426	N3426	C4	metabolite	1	0.1570	108.354	44.776	116.731
3427	N3427	C14	bridge	1	0.3966	-80.453	-70.555	408.641
3428	N3428	C34	protein	1	0.1474	-147.514	99.591	-138.851
3429	N3429	C19	transcript	1	0.8694	97.344	51.974	-205.689
3430	N3430	C36	metabolite	1	0.9242	6.085	-27.113	229.632
3431	N3431	C16	bridge	1	0.8963	182.864	-72.192	98.421
3432	N3432	C6	protein	2	0.3711	35.673	-95.075	-79.299
3433	N3433	C8	transcript	1	0.1868	-0.126	-4.210	-12.618
3434	N3434	C4	metabolite	3	0.6536	86.420	-5.022	199.436
3435	N3435	C17	bridge	1	0.9829	149.848	-2.412	-7.809
3436	N3436	C10	protein	1	0.6848	102.156	-194.646	153.586
3437	N3437	C2	transcript	1	0.6738	3.235	-5.475	-162.573
3438	N3438	C19	metabolite	1	0.9521	121.715	77.483	-193.805
3439	N3439	C28	bridge	10	0.7145	81.725	-149.006	212.562
3440	N3440	C6	protein	2	0.0954	17.954	-103.258	-61.869
3441	N3441	C16	transcript	1	0.6120	201.443	-88.331	179.915
3442	N3442	C14	metabolite	1	0.1353	-209.402	-126.440	307.912
3443	N3443	C36	bridge	1	0.4820	28.195	-27.085	236.162
3444	N3444	C1	protein	4	0.9589	-84.251	-248.309	72.230
3445	N3445	C36	transcript	1	0.0189	6.430	-17.530	241.889
3446	N3446	C14	metabolite	1	0.1101	-16.722	-51.838	270.651
3447	N3447	C6	bridge	1	0.5382	44.768	-125.214	-72.714
3448	N3448	C2	protein	1	0.0402	-0.147	-81.740	-132.722
3449	N3449	C38	transcript	3	0.0358	-142.038	39.606	-11.283
3450	N3450	C9	metabolite	1	0.8405	176.166	-281.887	166.731
3451	N3451	C36	bridge	1	0.8774	52.420	10.055	163.232
3452	N3452	C27	protein	1	0.1767	15.513	85.115	97.752
3453	N3453	C18	transcript	6	0.1786	-15.410	58.865	117.539
3454	N3454	C13	metabolite	4	0.2632	-177.586	-94.883	-102.194
3455	N3455	C26	bridge	1	0.7560	23.909	-22.827	81.180
3456	N3456	C39	protein	1	0.0972	-30.623	-140.429	-89.429
3457	N3457	C7	transcript	1	0.9045	-0.712	109.038	35.901
3458	N3458	C24	metabolite	1	0.0962	-79.791	-49.395	-88.498
3459	N3459	C34	bridge	1	0.0417	-127.701	55.302	-112.714
3460	N3460	C23	protein	1	0.6824	138.459	39.708	27.852
3461	N3461	C9	transcript	1	0.7261	200.735	-292.824	191.649
3462	N3462	C30	metabolite	3	0.0352	-278.252	-49.901	37.660
3463	N3463	C14	bridge	1	0.7039	-79.649	-45.565	314.148
3464	N3464	C33	protein	1	0.2792	246.963	-134.582	131.060
3465	N3465	C30	transcript	1	0.0861	-203.013	-81.455	23.543
3466	N3466	C6	metabolite	1	0.2279	42.081	-96.161	-82.056
3467	N3467	C39	bridge	5	0.5618	-37.091	-158.699	-148.569
3468	N3468	C31	protein	1	0.5302	-121.623	-427.773	171.525
3469	N3469	C9	transcript	9	0.6680	241.079	-281.230	212.143
3470	N3470	C4	metabolite	3	0.0505	16.673	-38.802	95.227
3471	N3471	C21	bridge	1	0.0647	-181.313	39.779	-40.567
3472	N3472	C15	protein	1	0.8168	-134.197	48.877	-98.600
3473	N3473	C38	transcript	6	0.6337	-155.965	30.500	30.263
3474	N3474	C34	metabolite	1	0.7846	-83.284	138.835	-134.318
3475	N3475	C3	bridge	3	0.6536	-45.649	208.433	175.213
3476	N3476	C4	protein	1	0.8533	64.174	55.305	136.269
3477	N3477	C22	transcript	5	0.4154	32.944	112.117	78.256
3478	N3478	C21	metabolite	1	0.5302	-155.125	76.476	-54.692
3479	N3479	C15	bridge	1	0.4383	-88.424	65.413	-51.012
3480	N3480	C13	protein	1	0.4616	-136.910	-71.345	-69.951
3481	N3481	C1	transcript	2	0.1225	-68.830	-268.241	58.051
3482	N3482	C28	metabolite	3	0.4106	60.604	-154.303	206.065
3483	N3483	C22	bridge	1	0.3304	-33.959	99.804	116.030
3484	N3484	C7	protein	3	0.8905	-8.931	119.384	83.327
3485	N3485	C17	transcript	1	0.5214	148.768	-71.128	-65.926
3486	N3486	C39	metabolite	1	0.6341	-40.423	-175.563	-136.062
3487	N3487	C38	bridge	1	0.1848	-127.148	2.438	24.797
3488	N3488	C5	protein	4	0.5356	48.009	27.493	-66.750
3489	N3489	C21	transcript	8	0.9967	-137.830	76.654	-30.928
3490	N3490	C32	metabolite	1	0.0150	183.198	-17.800	-82.435
3491	N3491	C18	bridge	1	0.9496	-44.545	61.112	108.721
3492	N3492	C21	protein	2	0.8286	-177.194	66.058	-48.698
3493	N3493	C9	transcript	1	0.4981	236.233	-274.767	180.853
3494	N3494	C17	metabolite	2	0.4989	131.581	-93.563	-70.598
3495	N3495	C24	bridge	1	0.2294	-124.168	-22.622	-45.031
3496	N3496	C16	protein	1	0.6988	126.663	-46.355	113.597
3497	N3497	C39	transcript	1	0.7666	-31.625	-156.430	-101.436
3498	N3498	C12	metabolite	6	0.9106	85.853	101.314	178.598
3499	N3499	C13	bridge	1	0.3877	-89.014	-34.567	10.403
3500	N3500	C33	protein	1	0.3981	195.801	-195.743	130.859
3501	N3501	C30	transcript	2	0.8202	-227.327	-78.967	25.812
3502	N3502	C25	metabolite	6	0.2251	-43.406	-84.578	-100.121
3503	N3503	C37	bridge	9	0.5605	-72.153	-5.874	160.646
3504	N3504	C39	protein	1	0.1334	-36.185	-165.945	-95.676
3505	N3505	C0	transcript	1	0.7627	-214.337	-87.370	-64.789
3506	N3506	C5	metabolite	1	0.4428	120.397	68.792	-165.555
3507	N3507	C39	bridge	1	0.1427	-57.690	-111.475	-89.598
3508	N3508	C30	protein	1	0.6580	-247.045	-14.697	42.719
3509	N3509	C34	transcript	2	0.5168	-102.220	55.841	-92.989
3510	N3510	C11	metabolite	2	0.0999	55.077	-73.058	158.507
3511	N3511	C32	bridge	1	0.2994	186.264	84.260	-116.947
3512	N3512	C24	protein	1	0.5935	-123.347	-53.662	-61.448
3513	N3513	C23	transcript	1	0.6377	152.757	15.340	-60.298
3514	N3514	C37	metabolite	2	0.5049	-63.735	37.618	124.648
3515	N3515	C5	bridge	1	0.8101	31.675	135.614	-125.768
3516	N3516	C32	protein	1	0.4104	271.974	107.051	-56.572
3517	N3517	C14	transcript	1	0.1588	-161.271	19.811	370.229
3518	N3518	C19	metabolite	1	0.6912	60.024	61.534	-177.343
3519	N3519	C33	bridge	2	0.7544	238.025	-166.324	143.251
3520	N3520	C0	protein	1	0.2714	-129.391	-114.440	-69.603
3521	N3521	C22	transcript	1	0.2182	-56.901	42.785	132.364
3522	N3522	C22	metabolite	1	0.6285	-33.895	126.893	46.750
3523	N3523	C27	bridge	1	0.2064	-18.459	82.973	92.820
3524	N3524	C2	protein	2	0.6085	-52.696	-166.707	-98.349
3525	N3525	C9	transcript	1	0.3742	226.462	-239.574	187.292
3526	N3526	C25	metabolite	1	0.9380	-173.724	-81.802	-128.256
3527	N3527	C4	bridge	1	0.5004	49.112	73.578	184.262
3528	N3528	C15	protein	1	0.5633	-121.161	55.338	-56.028
3529	N3529	C23	transcript	1	0.9087	100.199	47.949	-52.893
3530	N3530	C36	metabolite	8	0.3285	7.022	-40.991	235.827
3531	N3531	C5	bridge	11	0.6913	31.115	128.764	28.489
3532	N3532	C18	protein	5	0.1726	-69.439	5.708	166.806
3533	N3533	C25	transcript	1	0.1895	-8.327	-90.778	-142.050
3534	N3534	C33	metabolite	10	0.4718	227.928	-139.837	136.162
3535	N3535	C17	bridge	1	0.8135	108.683	-90.154	-69.130
3536	N3536	C5	protein	1	0.6646	5.948	49.664	-43.144
3537	N3537	C33	transcript	4	0.3382	194.047	-145.111	110.020
3538	N3538	C25	metabolite	1	0.1380	-109.772	-125.002	-98.777
3539	N3539	C38	bridge	3	0.5845	-114.695	0.552	92.652
3540	N3540	C21	protein	1	0.1712	-183.357	52.340	-68.341
3541	N3541	C33	transcript	1	0.0714	228.721	-149.697	172.733
3542	N3542	C2	metabolite	6	0.0595	-117.197	-13.699	-155.516
3543	N3543	C36	bridge	1	0.0503	49.589	-17.114	178.697
3544	N3544	C15	protein	1	0.8419	-131.917	106.997	-93.805
3545	N3545	C10	transcript	1	0.9256	22.243	-88.967	58.036
3546	N3546	C8	metabolite	23	0.8093	4.315	31.890	-94.511
3547	N3547	C6	bridge	6	0.1843	29.556	-178.948	-89.876
3548	N3548	C3	protein	3	0.7996	-21.993	186.079	162.487
3549	N3549	C32	transcript	1	0.4957	105.142	-8.680	-67.181
3550	N3550	C37	metabolite	2	0.0418	-23.004	19.547	98.443
3551	N3551	C2	bridge	1	0.9368	-189.009	-126.622	-58.540
3552	N3552	C12	protein	1	0.5143	50.795	78.179	75.698
3553	N3553	C5	transcript	1	0.9262	-19.050	-114.233	-51.274
3554	N3554	C35	metabolite	4	0.5209	-273.607	129.584	-9.277
3555	N3555	C35	bridge	2	0.8581	-160.032	76.575	-90.959
3556	N3556	C38	protein	1	0.0825	-54.355	-88.877	-13.860
3557	N3557	C13	transcript	1	0.2214	-112.714	-40.167	-56.216
3558	N3558	C19	metabolite	1	0.8714	26.539	111.246	-190.819
3559	N3559	C31	bridge	3	0.2128	-154.493	-324.012	82.034
3560	N3560	C6	protein	15	0.5562	58.083	-124.601	-46.533
3561	N3561	C8	transcript	1	0.4982	-43.756	-77.506	-34.416
3562	N3562	C31	metabolite	1	0.7660	-76.487	-327.123	110.317
3563	N3563	C0	bridge	1	0.9964	-146.097	-107.363	-67.864
3564	N3564	C6	protein	15	0.4775	46.845	-107.308	-69.356
3565	N3565	C18	transcript	3	0.8606	-24.217	57.866	149.942
3566	N3566	C33	metabolite	1	0.5650	172.627	-211.133	170.735
3567	N3567	C27	bridge	1	0.6758	-46.124	77.258	97.832
3568	N3568	C38	protein	1	0.7134	-75.874	-83.130	62.762
3569	N3569	C10	transcript	1	0.5015	164.948	-146.673	130.311
3570	N3570	C20	metabolite	2	0.9478	-6.654	102.511	9.538
3571	N3571	C20	bridge	1	0.1621	5.222	105.700	37.246
3572	N3572	C15	protein	1	0.5244	-136.651	75.884	-115.299
3573	N3573	C23	transcript	1	0.0354	146.381	7.000	53.723
3574	N3574	C13	metabolite	1	0.1170	-117.302	-86.916	-5.513
3575	N3575	C38	bridge	1	0.4493	-67.738	-32.590	27.511
3576	N3576	C3	protein	1	0.8245	-34.258	228.640	141.625
3577	N3577	C0	transcript	1	0.1796	-168.249	-105.020	-75.307
3578	N3578	C14	metabolite	1	0.2376	-114.569	-100.611	327.894
3579	N3579	C11	bridge	1	0.1073	-65.410	-138.988	-28.699
3580	N3580	C13	protein	1	0.8671	-99.754	-94.824	-25.178
3581	N3581	C38	transcript	5	0.6337	-61.103	-76.066	34.910
3582	N3582	C11	metabolite	2	0.3434	-81.984	-71.324	-71.579
3583	N3583	C39	bridge	1	0.8099	-44.246	-135.153	-139.579
3584	N3584	C28	protein	3	0.6224	28.862	-149.725	143.995
3585	N3585	C19	transcript	1	0.1667	10.624	35.285	-172.621
3586	N3586	C13	metabolite	1	0.6941	-115.873	-86.430	-34.401
3587	N3587	C2	bridge	4	0.6906	-18.452	-93.175	-97.747
3588	N3588	C8	protein	1	0.0903	-124.064	-32.706	-55.119
3589	N3589	C38	transcript	1	0.1894	-122.117	-71.073	-31.487
3590	N3590	C32	metabolite	3	0.2610	135.466	28.893	-2.682
3591	N3591	C25	bridge	7	0.5501	-130.603	-129.892	-92.756
3592	N3592	C32	protein	1	0.9045	262.203	67.160	-55.122
3593	N3593	C22	transcript	3	0.2767	-69.937	168.983	91.485
3594	N3594	C16	metabolite	1	0.1818	174.373	-110.324	120.107
3595	N3595	C2	bridge	1	0.7632	-29.953	-115.242	-197.863
3596	N3596	C31	protein	1	0.7317	-85.476	-323.431	137.591
3597	N3597	C28	transcript	1	0.7133	71.110	-168.869	178.334
3598	N3598	C21	metabolite	1	0.0290	-199.607	36.845	-103.065
3599	N3599	C29	bridge	4	0.4148	-285.960	70.454	107.753
3600	N3600	C29	protein	1	0.2483	-199.208	39.472	176.385
3601	N3601	C22	transcript	1	0.9973	10.225	156.950	108.016
3602	N3602	C24	metabolite	2	0.0201	-115.776	-42.248	-52.248
3603	N3603	C24	bridge	1	0.3576	-145.016	-47.660	-64.628
3604	N3604	C8	protein	1	0.2896	73.245	34.341	-58.737
3605	N3605	C15	transcript	4	0.3031	-160.123	86.878	-74.616
3606	N3606	C9	metabolite	2	0.5512	244.496	-243.964	246.278
3607	N3607	C14	bridge	1	0.4418	-74.688	-30.408	217.143
3608	N3608	C5	protein	1	0.5144	144.747	177.684	9.409
3609	N3609	C33	transcript	1	0.8106	171.525	-152.764	98.455
3610	N3610	C17	metabolite	1	0.0654	50.138	14.041	-130.998
3611	N3611	C36	bridge	3	0.2616	11.122	-9.877	240.137
3612	N3612	C6	protein	1	0.3705	-24.111	-131.729	-81.241
3613	N3613	C22	transcript	1	0.2374	-7.742	68.064	117.570
3614	N3614	C21	metabolite	1	0.1588	-150.527	72.598	-21.236
3615	N3615	C26	bridge	1	0.2459	-38.707	3.005	-16.448
3616	N3616	C35	protein	1	0.3196	-153.297	59.444	-49.244
3617	N3617	C2	transcript	2	0.1755	-4.814	-104.036	-151.580
3618	N3618	C38	metabolite	1	0.4516	-88.935	-77.473	133.772
3619	N3619	C2	bridge	1	0.3857	-57.565	-23.208	-123.128
3620	N3620	C18	protein	1	0.6497	-17.364	42.304	153.159
3621	N3621	C23	transcript	1	0.5630	212.232	16.572	-115.717
3622	N3622	C18	metabolite	1	0.0655	-56.608	61.942	147.886
3623	N3623	C2	bridge	1	0.7647	-90.861	-50.423	-167.376
3624	N3624	C27	protein	1	0.1679	38.697	63.118	95.437
3625	N3625	C12	transcript	1	0.8831	36.303	68.372	139.351
3626	N3626	C10	metabolite	1	0.7872	-28.465	-64.341	148.903
3627	N3627	C36	bridge	2	0.7560	26.189	-11.522	249.520
3628	N3628	C23	protein	1	0.0961	185.444	-2.739	60.603
3629	N3629	C18	transcript	1	0.5918	-34.242	12.085	130.704
3630	N3630	C18	metabolite	1	0.8789	-5.026	3.337	128.533
3631	N3631	C20	bridge	2	0.2191	-67.412	197.506	136.405
3632	N3632	C9	protein	1	0.4664	213.324	-256.027	171.511
3633	N3633	C36	transcript	1	0.1988	41.625	-19.074	221.086
3634	N3634	C3	metabolite	1	0.4473	-50.749	244.109	189.338
3635	N3635	C34	bridge	2	0.4617	-191.740	102.987	-103.573
3636	N3636	C3	protein	1	0.6431	-12.127	208.051	193.600
3637	N3637	C33	transcript	1	0.9188	208.051	-69.976	169.372
3638	N3638	C8	metabolite	1	0.4115	-51.427	-79.562	31.328
3639	N3639	C10	bridge	1	0.3068	49.000	-38.539	70.784
3640	N3640	C37	protein	1	0.1697	-19.421	53.561	7.256
3641	N3641	C6	transcript	26	0.2005	26.162	-142.915	-67.154
3642	N3642	C36	metabolite	1	0.9712	-1.509	-15.926	211.690
3643	N3643	C39	bridge	1	0.1400	-22.045	-164.370	-148.214
3644	N3644	C18	protein	1	0.7281	-31.631	3.127	172.159
3645	N3645	C36	transcript	26	0.0536	5.175	-17.295	238.775
3646	N3646	C34	metabolite	1	0.8861	-41.300	151.945	-88.395
3647	N3647	C0	bridge	1	0.0608	-173.465	-113.311	-109.758
3648	N3648	C0	protein	1	0.2286	-145.138	-116.122	-50.579
3649	N3649	C24	transcript	1	0.8959	-121.419	-77.043	-61.217
3650	N3650	C33	metabolite	7	0.7392	215.528	-211.944	155.638
3651	N3651	C4	bridge	1	0.3556	77.467	58.625	158.196
3652	N3652	C19	protein	1	0.5660	85.797	49.450	-142.700
3653	N3653	C25	transcript	1	0.4388	-109.530	-43.261	-115.310
3654	N3654	C24	metabolite	1	0.5188	-94.101	-58.556	-28.164
3655	N3655	C27	bridge	1	0.5835	-21.895	50.859	68.827
3656	N3656	C32	protein	1	0.9926	211.195	-41.752	-53.157
3657	N3657	C9	transcript	1	0.7590	229.469	-233.853	212.499
3658	N3658	C15	metabolite	1	0.9427	-87.401	91.195	-76.451
3659	N3659	C6	bridge	1	0.7525	70.965	-113.100	-31.514
3660	N3660	C18	protein	1	0.9574	-34.942	3.063	141.875
3661	N3661	C22	transcript	1	0.2867	-26.714	70.549	87.532
3662	N3662	C23	metabolite	1	0.4004	266.854	-7.318	-44.789
3663	N3663	C4	bridge	1	0.9411	130.976	-5.611	130.336
3664	N3664	C8	protein	1	0.4898	15.058	4.245	-31.764
3665	N3665	C29	transcript	1	0.0460	-275.967	75.078	100.727
3666	N3666	C25	metabolite	1	0.2216	-133.693	-84.112	-143.489
3667	N3667	C12	bridge	1	0.2604	72.904	83.843	59.190
3668	N3668	C33	protein	2	0.0020	241.613	-128.840	133.690
3669	N3669	C29	transcript	1	0.5122	-95.965	-17.182	135.931
3670	N3670	C31	metabolite	2	0.6626	-82.667	-404.639	86.827
3671	N3671	C38	bridge	1	0.2174	-108.592	-71.144	44.549
3672	N3672	C18	protein	1	0.2898	-57.061	42.035	108.838
3673	N3673	C11	transcript	3	0.6704	-57.367	-107.206	53.821
3674	N3674	C13	metabolite	1	0.3875	-102.785	-115.464	9.048
3675	N3675	C27	bridge	4	0.6017	-26.701	72.396	91.899
3676	N3676	C0	protein	19	0.3138	-193.406	-123.254	-111.229
3677	N3677	C22	transcript	1	0.1001	-29.349	90.136	154.677
3678	N3678	C3	metabolite	2	0.3853	-23.433	248.038	131.194
3679	N3679	C31	bridge	1	0.0605	-122.934	-248.107	57.301
3680	N3680	C24	protein	1	0.6681	-112.166	-94.866	-48.484
3681	N3681	C27	transcript	1	0.2166	-43.589	78.412	120.299
3682	N3682	C37	metabolite	1	0.9331	5.261	-4.800	81.122
3683	N3683	C17	bridge	1	0.8320	170.652	-32.227	-112.762
3684	N3684	C10	protein	1	0.1994	12.463	-106.981	170.434
3685	N3685	C20	transcript	1	0.4647	-0.256	71.670	-12.428
3686	N3686	C29	metabolite	1	0.5955	-246.046	67.735	55.492
3687	N3687	C31	bridge	2	0.6380	-93.093	-343.916	154.991
3688	N3688	C36	protein	1	0.5905	39.457	2.667	234.645
3689	N3689	C34	transcript	1	0.9133	-63.110	37.390	-143.784
3690	N3690	C39	metabolite	3	0.9485	-58.372	-136.344	-100.107
3691	N3691	C38	bridge	2	0.4011	-227.810	27.899	49.736
3692	N3692	C1	protein	1	0.1927	-69.687	-262.011	118.581
3693	N3693	C2	transcript	3	0.6427	-19.073	-73.505	-141.906
3694	N3694	C9	metabolite	1	0.2292	212.879	-246.440	194.160
3695	N3695	C25	bridge	1	0.3929	-170.308	-92.261	-118.328
3696	N3696	C10	protein	1	0.4910	62.624	-182.395	100.688
3697	N3697	C34	transcript	3	0.1482	-86.746	70.807	-58.950
3698	N3698	C22	metabolite	4	0.0513	40.730	40.865	119.366
3699	N3699	C6	bridge	2	0.4913	57.004	-73.082	-77.829
3700	N3700	C16	protein	2	0.6113	210.233	-21.992	128.493
3701	N3701	C1	transcript	2	0.6132	-88.931	-223.550	33.205
3702	N3702	C37	metabolite	5	0.5609	-37.327	-70.862	68.320
3703	N3703	C29	bridge	1	0.6634	-226.387	95.031	63.311
3704	N3704	C11	protein	1	0.4941	-1.719	-72.662	28.002
3705	N3705	C17	transcript	1	0.0015	145.795	-2.636	-102.390
3706	N3706	C37	metabolite	1	0.8539	-47.202	25.778	37.609
3707	N3707	C21	bridge	16	0.5840	-188.509	57.262	-78.076
3708	N3708	C3	protein	1	0.3473	-55.532	145.488	161.937
3709	N3709	C5	transcript	7	0.8282	140.418	65.124	-138.520
3710	N3710	C16	metabolite	1	0.5085	211.311	43.581	188.413
3711	N3711	C34	bridge	1	0.0579	-110.853	85.654	-146.345
3712	N3712	C35	protein	2	0.4780	-177.615	99.136	31.419
3713	N3713	C15	transcript	2	0.4673	-147.283	98.120	-74.134
3714	N3714	C3	metabolite	1	0.3026	-51.459	215.035	167.035
3715	N3715	C33	bridge	1	0.1179	189.453	-139.414	158.721
3716	N3716	C21	protein	3	0.5685	-117.252	83.037	-55.187
3717	N3717	C1	transcript	2	0.0228	-113.078	-159.692	95.786
3718	N3718	C11	metabolite	1	0.9607	25.665	-24.074	57.894
3719	N3719	C24	bridge	1	0.2798	-109.215	-15.028	-71.579
3720	N3720	C21	protein	4	0.7860	-190.944	82.390	-54.386
3721	N3721	C13	transcript	2	0.1915	-128.478	-105.482	-5.126
3722	N3722	C24	metabolite	1	0.7187	-142.231	-49.752	-80.399
3723	N3723	C27	bridge	1	0.8430	-76.478	45.256	75.091
3724	N3724	C36	protein	1	0.7441	8.868	-58.619	283.589
3725	N3725	C39	transcript	1	0.6257	-59.996	-164.336	-158.859
3726	N3726	C29	metabolite	1	0.5600	-139.610	62.594	94.229
3727	N3727	C25	bridge	1	0.6128	-136.328	-162.840	-149.218
3728	N3728	C3	protein	1	0.7764	-10.724	174.165	158.484
3729	N3729	C6	transcript	1	0.1007	72.402	-121.522	-47.661
3730	N3730	C30	metabolite	1	0.4739	-227.915	-116.076	53.186
3731	N3731	C15	bridge	1	0.7372	-95.745	62.500	-53.525
3732	N3732	C9	protein	1	0.5137	262.692	-320.617	189.889
3733	N3733	C18	transcript	2	0.8268	-41.069	21.277	121.344
3734	N3734	C20	metabolite	1	0.3005	-101.640	188.426	139.296
3735	N3735	C37	bridge	1	0.1999	-44.264	-46.188	113.454
3736	N3736	C12	protein	1	0.5381	62.622	89.199	174.589
3737	N3737	C27	transcript	1	0.2793	-25.100	101.181	82.033
3738	N3738	C20	metabolite	1	0.8108	92.050	113.884	91.907
3739	N3739	C8	bridge	2	0.2492	-19.749	28.899	-49.412
3740	N3740	C22	protein	2	0.4400	-21.069	163.459	127.088
3741	N3741	C18	transcript	1	0.1972	-52.199	8.228	118.634
3742	N3742	C31	metabolite	1	0.3173	-68.436	-366.757	114.953
3743	N3743	C33	bridge	1	0.3899	214.695	-175.687	146.702
3744	N3744	C28	protein	5	0.6230	-19.518	-82.941	237.946
3745	N3745	C8	transcript	1	0.9150	-26.647	-41.292	-97.736
3746	N3746	C11	metabolite	1	0.4579	-101.665	19.536	132.638
3747	N3747	C6	bridge	1	0.0388	37.901	-109.528	-69.387
3748	N3748	C11	protein	1	0.3823	-52.241	-70.425	15.341
3749	N3749	C7	transcript	1	0.7001	-58.543	75.165	56.040
3750	N3750	C8	metabolite	3	0.6812	-76.126	-49.948	-65.443
3751	N3751	C26	bridge	37	0.1691	59.537	-101.249	8.780
3752	N3752	C15	protein	1	0.5625	-94.879	56.316	-86.304
3753	N3753	C4	transcript	1	0.4453	151.087	-17.182	184.518
3754	N3754	C12	metabolite	1	0.7330	35.973	117.009	163.520
3755	N3755	C15	bridge	1	0.2915	-150.766	103.507	-81.522
3756	N3756	C33	protein	1	0.4920	244.395	-136.142	147.576
3757	N3757	C26	transcript	1	0.1830	-153.798	-174.889	45.731
3758	N3758	C6	metabolite	5	0.9676	56.008	-117.563	-64.969
3759	N3759	C18	bridge	1	0.7715	-32.624	42.347	119.153
3760	N3760	C18	protein	2	0.7849	-10.818	33.074	116.269
3761	N3761	C3	transcript	1	0.7199	-9.419	214.397	164.561
3762	N3762	C17	metabolite	1	0.9576	125.958	-124.318	-40.173
3763	N3763	C28	bridge	2	0.0033	-18.182	-54.247	185.537
3764	N3764	C39	protein	2	0.6375	-15.890	-123.248	-161.968
3765	N3765	C13	transcript	1	0.9948	-112.557	-28.997	-27.123
3766	N3766	C18	metabolite	5	0.5520	-39.122	6.435	120.524
3767	N3767	C35	bridge	1	0.5567	-239.742	47.587	-23.900
3768	N3768	C27	protein	10	0.1819	-62.972	40.494	134.101
3769	N3769	C1	transcript	1	0.1113	-77.137	-266.968	149.045
3770	N3770	C26	metabolite	3	0.2284	-3.667	57.505	14.135
3771	N3771	C32	bridge	1	0.0990	183.851	102.762	-47.376
3772	N3772	C35	protein	1	0.0260	-159.761	39.472	-13.748
3773	N3773	C31	transcript	1	0.9652	-188.405	-359.594	124.664
3774	N3774	C32	metabolite	1	0.7527	164.612	-16.419	2.128
3775	N3775	C5	bridge	1	0.1693	18.926	-18.970	-70.647
3776	N3776	C13	protein	1	0.1380	-86.742	-79.212	-47.353
3777	N3777	C16	transcript	1	0.7812	171.895	-27.534	220.659
3778	N3778	C34	metabolite	1	0.4814	-88.005	148.471	-85.695
3779	N3779	C32	bridge	1	0.7729	29.973	50.070	-58.004
3780	N3780	C21	protein	1	0.9092	-154.897	35.989	12.503
3781	N3781	C7	transcript	3	0.9099	0.677	106.613	25.011
3782	N3782	C8	metabolite	1	0.1150	-56.441	-12.634	-76.359
3783	N3783	C4	bridge	6	0.3729	135.894	-10.052	150.038
3784	N3784	C1	protein	1	0.0824	-134.594	-248.467	7.008
3785	N3785	C0	transcript	2	0.3706	-139.822	-99.336	-81.686
3786	N3786	C36	metabolite	1	0.5797	0.182	-29.422	217.380
3787	N3787	C29	bridge	1	0.4041	-119.247	36.108	118.642
3788	N3788	C31	protein	6	0.7077	-182.953	-337.903	133.805
3789	N3789	C0	transcript	1	0.4203	-137.615	-121.168	-22.457
3790	N3790	C36	metabolite	1	0.6532	11.871	-75.459	226.546
3791	N3791	C26	bridge	1	0.7677	-110.623	-21.492	-38.666
3792	N3792	C8	protein	4	0.8721	-20.301	-53.817	-67.015
3793	N3793	C35	transcript	4	0.1572	-93.713	106.926	-67.534
3794	N3794	C3	metabolite	1	0.7546	10.888	255.993	152.660
3795	N3795	C9	bridge	3	0.4500	227.843	-275.056	194.911
3796	N3796	C15	protein	3	0.2224	-146.571	74.946	-67.570
3797	N3797	C4	transcript	1	0.5444	45.140	-5.009	189.966
3798	N3798	C39	metabolite	2	0.4405	-40.218	-138.158	-120.392
3799	N3799	C14	bridge	1	0.7381	-37.705	-74.270	319.097
3800	N3800	C38	protein	2	0.1317	-72.240	-27.086	22.442
3801	N3801	C15	transcript	4	0.1937	-156.096	62.288	-62.620
3802	N3802	C23	metabolite	1	0.4085	145.480	111.868	-59.922
3803	N3803	C24	bridge	1	0.6366	-122.295	-55.620	-85.533
3804	N3804	C14	protein	4	0.8009	-144.079	-117.160	320.897
3805	N3805	C21	transcript	1	0.7843	-162.986	86.704	-66.795
3806	N3806	C6	metabolite	13	0.1598	23.982	-119.177	-49.948
3807	N3807	C4	bridge	1	0.7422	76.156	3.653	125.580
3808	N3808	C34	protein	1	0.8678	-135.771	128.257	-76.986
3809	N3809	C39	transcript	11	0.5319	-36.348	-117.886	-117.555
3810	N3810	C4	metabolite	1	0.4348	124.407	78.555	85.683
3811	N3811	C10	bridge	2	0.4890	56.178	-68.304	220.369
3812	N3812	C26	protein	5	0.5372	-60.901	-176.156	85.711
3813	N3813	C10	transcript	1	0.3374	54.727	-59.779	125.916
3814	N3814	C14	metabolite	2	0.9842	-53.582	-41.883	269.001
3815	N3815	C13	bridge	1	0.5210	-130.607	-43.563	-40.143
3816	N3816	C4	protein	1	0.4712	177.894	-23.210	128.300
3817	N3817	C36	transcript	1	0.0496	29.773	-33.999	254.993
3818	N3818	C9	metabolite	1	0.8116	195.910	-237.285	189.077
3819	N3819	C11	bridge	1	0.4555	18.994	-134.648	5.961
3820	N3820	C21	protein	3	0.3654	-151.084	95.570	-94.880
3821	N3821	C38	transcript	1	0.8541	-49.821	50.610	-7.645
3822	N3822	C24	metabolite	3	0.9118	-114.491	-27.914	-98.395
3823	N3823	C27	bridge	3	0.2549	-58.949	60.838	142.748
3824	N3824	C7	protein	2	0.4300	-66.031	133.142	52.631
3825	N3825	C10	transcript	1	0.9789	104.173	-93.964	202.074
3826	N3826	C1	metabolite	1	0.1035	-78.173	-222.581	105.342
3827	N3827	C30	bridge	1	0.6855	-257.913	-34.303	42.508
3828	N3828	C8	protein	1	0.6215	-50.345	-18.370	-7.325
3829	N3829	C16	transcript	1	0.7464	162.966	-32.631	209.472
3830	N3830	C10	metabolite	1	0.5500	11.202	-109.547	147.447
3831	N3831	C19	bridge	2	0.5560	1.385	68.523	-192.871
3832	N3832	C23	protein	2	0.9406	178.281	-34.633	42.126
3833	N3833	C5	transcript	1	0.9187	-80.704	67.966	-1.222
3834	N3834	C39	metabolite	3	0.7249	-48.379	-139.699	-160.668
3835	N3835	C9	bridge	2	0.3648	270.787	-247.649	172.243
3836	N3836	C27	protein	1	0.8830	-48.518	104.371	97.747
3837	N3837	C7	transcript	1	0.4331	41.508	134.271	124.677
3838	N3838	C2	metabolite	2	0.4388	-145.191	-123.578	-107.361
3839	N3839	C14	bridge	1	0.2235	-101.374	-115.224	300.227
3840	N3840	C36	protein	2	0.2181	-0.232	-20.051	189.711
3841	N3841	C21	transcript	1	0.1804	-142.662	53.508	-2.112
3842	N3842	C1	metabolite	1	0.1625	-28.045	-231.141	-26.032
3843	N3843	C2	bridge	4	0.8401	-37.535	-158.106	-128.779
3844	N3844	C16	protein	2	0.0652	166.457	-89.479	138.431
3845	N3845	C14	transcript	7	0.0277	-62.247	-54.000	313.375
3846	N3846	C0	metabolite	1	0.2743	-217.909	-111.833	-103.675
3847	N3847	C3	bridge	1	0.2511	-0.233	164.378	123.774
3848	N3848	C18	protein	2	0.9227	-39.449	40.408	145.510
3849	N3849	C12	transcript	1	0.4430	34.117	86.745	125.649
3850	N3850	C25	metabolite	1	0.8341	-176.866	-125.577	-74.158
3851	N3851	C28	bridge	2	0.8844	28.427	-107.385	165.206
3852	N3852	C25	protein	1	0.6832	-123.883	-144.827	-187.215
3853	N3853	C22	transcript	1	0.8548	1.725	121.941	130.736
3854	N3854	C28	metabolite	1	0.4848	-40.045	-17.398	118.356
3855	N3855	C24	bridge	1	0.1041	-116.289	-72.932	-67.996
3856	N3856	C22	protein	1	0.0937	-50.248	101.935	112.305
3857	N3857	C24	transcript	1	0.2616	-115.478	-46.773	-54.220
3858	N3858	C30	metabolite	1	0.7004	-228.846	-54.003	67.389
3859	N3859	C19	bridge	1	0.0801	49.373	128.602	-182.577
3860	N3860	C29	protein	1	0.6552	-179.201	-95.623	79.650
3861	N3861	C4	transcript	1	0.7500	158.387	25.972	153.387
3862	N3862	C22	metabolite	1	0.2370	57.473	96.147	55.982
3863	N3863	C32	bridge	1	0.6593	322.679	-4.372	-2.595
3864	N3864	C4	protein	1	0.0851	132.786	81.402	141.127
3865	N3865	C11	transcript	5	0.9359	40.083	-66.495	134.283
3866	N3866	C19	metabolite	2	0.4938	9.697	62.440	-129.730
3867	N3867	C16	bridge	3	0.3877	118.009	-84.157	213.830
3868	N3868	C6	protein	1	0.9502	8.319	-123.360	-41.070
3869	N3869	C36	transcript	1	0.4233	-15.943	-5.323	242.032
3870	N3870	C1	metabolite	2	0.5858	-64.137	-272.405	91.668
3871	N3871	C15	bridge	1	0.7656	-92.002	77.985	-84.205
3872	N3872	C33	protein	123	0.3082	206.464	-151.407	168.330
3873	N3873	C35	transcript	1	0.0500	-228.004	30.790	-83.024
3874	N3874	C5	metabolite	2	0.7760	89.044	21.790	-103.374
3875	N3875	C1	bridge	2	0.8028	-110.081	-230.177	3.966
3876	N3876	C33	protein	20	0.1851	201.223	-163.890	124.107
3877	N3877	C1	transcript	2	0.1728	-94.309	-213.773	114.650
3878	N3878	C35	metabolite	1	0.9281	-146.861	-32.816	-49.066
3879	N3879	C21	bridge	1	0.2673	-123.995	63.683	-29.653
3880	N3880	C16	protein	1	0.5811	215.982	-68.464	43.334
3881	N3881	C18	transcript	1	0.1561	-26.388	31.325	117.031
3882	N3882	C24	metabolite	1	0.7407	-81.699	-64.786	-55.939
3883	N3883	C12	bridge	1	0.5079	88.310	35.931	121.985
3884	N3884	C12	protein	1	0.4591	97.492	48.931	134.209
3885	N3885	C32	transcript	1	0.2085	240.832	-7.330	-92.231
3886	N3886	C16	metabolite	2	0.6319	186.219	-54.868	160.298
3887	N3887	C19	bridge	1	0.4800	33.426	87.840	-214.681
3888	N3888	C27	protein	1	0.3913	-20.503	37.475	122.098
3889	N3889	C11	transcript	1	0.4119	-54.191	-31.132	118.806
3890	N3890	C30	metabolite	1	0.0010	-218.347	-30.655	59.572
3891	N3891	C19	bridge	1	0.6900	52.783	110.676	-167.929
3892	N3892	C7	protein	2	0.1251	-42.625	77.496	75.371
3893	N3893	C22	transcript	1	0.0817	8.628	107.591	98.440
3894	N3894	C12	metabolite	2	0.5673	77.660	45.326	129.927
3895	N3895	C24	bridge	1	0.7649	-92.843	-45.792	-72.725
3896	N3896	C36	protein	1	0.1008	23.550	-42.986	208.683
3897	N3897	C20	transcript	1	0.1787	37.544	233.973	68.519
3898	N3898	C22	metabolite	2	0.3253	6.692	143.185	186.188
3899	N3899	C9	bridge	1	0.8783	215.214	-287.901	233.173
3900	N3900	C7	protein	1	0.7818	-113.197	87.781	88.887
3901	N3901	C18	transcript	1	0.6414	-71.719	39.548	141.429
3902	N3902	C33	metabolite	1	0.1580	250.610	-130.802	178.794
3903	N3903	C4	bridge	1	0.0559	120.889	23.270	163.824
3904	N3904	C5	protein	1	0.1812	115.020	55.606	32.809
3905	N3905	C5	transcript	1	0.0372	163.702	-54.494	-54.905
3906	N3906	C12	metabolite	2	0.2243	16.367	54.324	127.735
3907	N3907	C13	bridge	1	0.6225	-132.909	-32.512	-51.684
3908	N3908	C24	protein	1	0.8451	-77.114	-100.569	-52.645
3909	N3909	C34	transcript	1	0.1683	-124.624	78.706	-86.954
3910	N3910	C14	metabolite	1	0.2062	0.157	-95.035	224.034
3911	N3911	C28	bridge	2	0.6830	-57.745	-111.646	185.679
3912	N3912	C1	protein	1	0.6596	-26.548	-250.565	56.037
3913	N3913	C2	transcript	3	0.5247	-70.579	-15.123	-111.884
3914	N3914	C5	metabolite	1	0.6690	-15.461	47.747	-54.400
3915	N3915	C16	bridge	1	0.9297	186.931	-91.090	187.473
3916	N3916	C34	protein	1	0.1486	-74.829	75.789	-92.634
3917	N3917	C1	transcript	1	0.9703	-86.205	-178.585	75.291
3918	N3918	C5	metabolite	2	0.4795	123.840	168.032	-173.289
3919	N3919	C28	bridge	1	0.7334	51.580	-114.771	200.123
3920	N3920	C13	protein	1	0.1750	-110.400	-101.475	-48.955
3921	N3921	C22	transcript	1	0.3300	33.809	137.428	10.036
3922	N3922	C25	metabolite	1	0.1797	-127.550	-75.299	-149.387
3923	N3923	C1	bridge	1	0.9501	-8.655	-273.001	69.473
3924	N3924	C39	protein	1	0.4397	-63.118	-175.956	-139.753
3925	N3925	C6	transcript	1	0.2022	22.009	-174.063	-77.929
3926	N3926	C11	metabolite	12	0.2678	-10.045	-93.797	101.239
3927	N3927	C29	bridge	1	0.6780	-297.293	83.426	61.766
3928	N3928	C29	protein	1	0.3130	-162.527	103.200	20.598
3929	N3929	C16	transcript	1	0.4455	171.838	-40.874	186.886
3930	N3930	C11	metabolite	1	0.1686	17.875	-52.773	48.451
3931	N3931	C22	bridge	1	0.1785	-36.867	119.526	103.298
3932	N3932	C2	protein	2	0.2998	32.566	-186.813	-106.528
3933	N3933	C15	transcript	1	0.7397	-112.441	72.689	-111.203
3934	N3934	C6	metabolite	1	0.7352	66.368	-116.192	-66.425
3935	N3935	C25	bridge	1	0.1425	-124.960	-55.124	-103.596
3936	N3936	C6	protein	1	0.4366	60.811	-97.871	-42.796
3937	N3937	C38	transcript	1	0.2998	-38.372	23.711	56.067
3938	N3938	C20	metabolite	1	0.8314	-70.544	114.335	65.774
3939	N3939	C7	bridge	1	0.0948	-54.577	99.105	62.544
3940	N3940	C13	protein	1	0.3832	-109.447	-80.206	18.412
3941	N3941	C24	transcript	1	0.4488	-110.383	-44.028	-78.732
3942	N3942	C12	metabolite	1	0.9501	85.749	91.683	113.184
3943	N3943	C6	bridge	2	0.4371	35.088	-119.425	-37.562
3944	N3944	C30	protein	1	0.6986	-234.675	-62.139	74.820
3945	N3945	C26	transcript	4	0.5048	-27.476	35.413	131.145
3946	N3946	C35	metabolite	1	0.2339	-245.364	87.686	-62.937
3947	N3947	C2	bridge	1	0.4653	-41.083	-112.716	-77.042
3948	N3948	C36	protein	1	0.7766	20.702	-21.131	216.383
3949	N3949	C3	transcript	28	0.6081	-23.440	173.005	112.701
3950	N3950	C32	metabolite	2	0.8643	258.624	45.410	-66.601
3951	N3951	C15	bridge	1	0.0726	-119.783	58.348	-115.460
3952	N3952	C38	protein	1	0.7166	-34.594	-51.582	30.452
3953	N3953	C9	transcript	1	0.3068	223.008	-213.318	169.994
3954	N3954	C24	metabolite	1	0.3664	-82.875	-34.304	-38.124
3955	N3955	C20	bridge	1	0.2506	-60.516	45.056	61.507
3956	N3956	C0	protein	1	0.6334	-140.714	-109.221	-33.761
3957	N3957	C18	transcript	1	0.8031	-17.442	-2.083	121.189
3958	N3958	C37	metabolite	1	0.0640	-64.438	32.198	68.046
3959	N3959	C28	bridge	1	0.4469	34.748	-78.840	171.017
3960	N3960	C28	protein	3	0.9652	-10.622	-120.320	180.912
3961	N3961	C3	transcript	1	0.9868	-3.222	235.151	176.994
3962	N3962	C16	metabolite	1	0.6013	166.880	-21.000	154.069
3963	N3963	C2	bridge	1	0.7925	-94.131	-56.397	-130.314
3964	N3964	C8	protein	2	0.0342	-67.135	19.464	-94.631
3965	N3965	C20	transcript	1	0.4969	59.833	170.009	156.011
3966	N3966	C25	metabolite	31	0.9193	-128.871	-38.981	-89.705
3967	N3967	C38	bridge	1	0.0704	-36.394	-20.587	68.866
3968	N3968	C33	protein	1	0.4792	228.547	-142.682	127.984
3969	N3969	C9	transcript	2	0.0852	244.489	-303.551	177.825
3970	N3970	C27	metabolite	7	0.4520	-1.179	31.826	85.782
3971	N3971	C22	bridge	4	0.5002	-48.258	116.731	66.148
3972	N3972	C3	protein	4	0.1378	-14.385	268.414	159.997
3973	N3973	C12	transcript	1	0.9017	50.025	69.076	153.004
3974	N3974	C14	metabolite	2	0.0716	3.613	-157.888	190.306
3975	N3975	C36	bridge	1	0.2113	36.195	-17.187	201.693
3976	N3976	C20	protein	2	0.2037	-21.160	137.892	49.110
3977	N3977	C5	transcript	2	0.4885	-45.254	47.786	-101.686
3978	N3978	C9	metabolite	1	0.8691	228.993	-240.959	174.837
3979	N3979	C2	bridge	1	0.2859	-66.953	-98.027	-175.079
3980	N3980	C26	protein	5	0.7578	-125.911	-25.432	81.097
3981	N3981	C21	transcript	1	0.8061	-178.350	85.173	-47.913
3982	N3982	C28	metabolite	1	0.8230	21.554	-76.876	150.788
3983	N3983	C21	bridge	1	0.7256	-162.156	99.679	-24.498
3984	N3984	C31	protein	1	0.9202	-85.910	-289.479	100.090
3985	N3985	C9	transcript	1	0.9078	237.687	-282.049	178.796
3986	N3986	C34	metabolite	1	0.9462	-127.249	90.352	-166.390
3987	N3987	C36	bridge	2	0.6189	53.656	18.155	222.029
3988	N3988	C25	protein	1	0.8362	-106.465	-71.469	-124.525
3989	N3989	C35	transcript	1	0.7137	-240.892	101.146	0.921
3990	N3990	C9	metabolite	1	0.5366	214.392	-283.358	187.272
3991	N3991	C11	bridge	1	0.0921	33.092	-75.609	97.673
3992	N3992	C2	protein	2	0.0900	-118.657	-93.060	-154.333
3993	N3993	C10	transcript	1	0.1400	30.987	-89.327	145.718
3994	N3994	C14	metabolite	1	0.5336	-51.630	-61.569	292.090
3995	N3995	C29	bridge	1	0.9669	-210.749	86.715	154.309
3996	N3996	C13	protein	1	0.8475	-80.767	-16.742	-17.386
3997	N3997	C21	transcript	1	0.0810	-106.999	73.778	-74.149
3998	N3998	C0	metabolite	1	0.9495	-139.801	-115.169	-59.204
3999	N3999	C26	bridge	1	0.4717	-11.081	-45.451	41.174
4000	N4000	C6	protein	1	0.9700	59.253	-112.251	-55.121
4001	N4001	C13	transcript	2	0.5405	-133.295	-62.880	7.357
4002	N4002	C35	metabolite	2	0.0765	-171.518	43.333	-69.017
4003	N4003	C17	bridge	2	0.6704	131.335	-52.911	-52.884
4004	N4004	C2	protein	1	0.0489	-88.367	-44.266	-210.607
4005	N4005	C10	transcript	1	0.6438	52.459	-98.007	81.153
4006	N4006	C6	metabolite	1	0.0896	10.630	-65.732	-82.516
4007	N4007	C10	bridge	1	0.0528	105.489	-133.416	150.357
4008	N4008	C30	protein	1	0.0473	-284.424	-62.049	41.345
4009	N4009	C2	transcript	1	0.5429	-94.567	-97.605	-98.400
4010	N4010	C28	metabolite	1	0.3209	-9.030	-97.609	102.662
4011	N4011	C35	bridge	17	0.5943	-183.559	48.893	-64.652
4012	N4012	C34	protein	1	0.8611	-102.339	110.537	-44.660
4013	N4013	C17	transcript	1	0.8051	133.931	-49.904	-112.724
4014	N4014	C7	metabolite	4	0.6895	55.627	180.823	18.138
4015	N4015	C31	bridge	1	0.2764	-176.962	-385.925	131.794
4016	N4016	C22	protein	2	0.0803	-40.954	107.348	126.763
4017	N4017	C18	transcript	4	0.0796	-26.305	32.231	160.110
4018	N4018	C37	metabolite	1	0.7686	-18.311	55.966	128.743
4019	N4019	C5	bridge	1	0.7197	85.521	44.784	34.601
4020	N4020	C1	protein	4	0.5351	-83.868	-298.828	40.380
4021	N4021	C36	transcript	1	0.0386	24.170	-29.438	236.499
4022	N4022	C9	metabolite	3	0.5965	239.968	-269.821	159.116
4023	N4023	C11	bridge	2	0.7573	-76.913	-9.289	105.878
4024	N4024	C33	protein	1	0.1426	230.384	-172.360	86.940
4025	N4025	C30	transcript	2	0.9545	-275.035	-58.530	44.039
4026	N4026	C15	metabolite	7	0.7395	-88.117	37.101	-62.961
4027	N4027	C34	bridge	1	0.1935	-165.064	97.692	-80.898
4028	N4028	C35	protein	1	0.5698	-59.906	61.122	-50.039
4029	N4029	C19	transcript	31	0.7348	32.357	84.540	-201.319
4030	N4030	C39	metabolite	1	0.7605	-31.287	-168.074	-137.356
4031	N4031	C39	bridge	1	0.6498	-65.944	-161.149	-120.925
4032	N4032	C22	protein	1	0.7738	-45.767	88.457	35.575
4033	N4033	C4	transcript	5	0.8090	5.819	40.422	189.873
4034	N4034	C0	metabolite	9	0.5524	-155.454	-147.834	-113.962
4035	N4035	C15	bridge	3	0.2494	-128.703	70.494	-71.267
4036	N4036	C29	protein	2	0.8924	-252.686	43.653	118.296
4037	N4037	C31	transcript	1	0.8450	-146.152	-359.141	106.626
4038	N4038	C35	metabolite	1	0.3601	-236.246	29.902	85.131
4039	N4039	C4	bridge	1	0.7368	159.784	-26.306	163.366
4040	N4040	C7	protein	1	0.0940	-26.470	95.545	57.505
4041	N4041	C16	transcript	1	0.5715	130.107	-52.780	104.300
4042	N4042	C35	metabolite	5	0.4450	-228.427	62.651	92.748
4043	N4043	C23	bridge	1	0.4999	197.372	42.763	30.695
4044	N4044	C20	protein	1	0.3272	51.894	159.234	-20.353
4045	N4045	C1	transcript	2	0.9582	-80.960	-233.764	43.418
4046	N4046	C31	metabolite	3	0.8881	-107.896	-332.203	118.738
4047	N4047	C34	bridge	1	0.8749	-76.023	104.808	-108.389
4048	N4048	C22	protein	4	0.6261	-21.715	137.799	53.810
4049	N4049	C1	transcript	1	0.1075	-94.722	-237.866	89.920
4050	N4050	C19	metabolite	1	0.2585	9.691	120.993	-158.495
4051	N4051	C37	bridge	1	0.7491	-82.258	-16.537	61.027
4052	N4052	C6	protein	1	0.0662	-4.270	-119.339	-55.919
4053	N4053	C22	transcript	1	0.2070	-26.091	150.333	96.102
4054	N4054	C4	metabolite	1	0.4474	38.738	57.027	75.763
4055	N4055	C14	bridge	1	0.4717	-157.358	-94.734	272.237
4056	N4056	C14	protein	1	0.7434	-135.646	-137.478	217.461
4057	N4057	C39	transcript	1	0.3248	-31.996	-160.397	-79.624
4058	N4058	C30	metabolite	6	0.5108	-205.178	-56.678	76.676
4059	N4059	C36	bridge	2	0.2559	9.776	-38.058	229.879
4060	N4060	C26	protein	2	0.1786	-23.339	-127.210	-68.104
4061	N4061	C33	transcript	1	0.0140	161.125	-170.035	162.686
4062	N4062	C33	metabolite	1	0.4305	179.423	-143.064	144.612
4063	N4063	C37	bridge	2	0.8267	-72.433	-28.864	-3.185
4064	N4064	C36	protein	1	0.0139	23.735	-72.047	268.265
4065	N4065	C27	transcript	1	0.5799	-17.608	74.977	57.717
4066	N4066	C11	metabolite	1	0.0086	69.667	-59.626	-17.219
4067	N4067	C32	bridge	1	0.4704	198.864	-17.365	-61.489
4068	N4068	C14	protein	1	0.7023	-71.803	-63.437	361.116
4069	N4069	C23	transcript	1	0.4409	227.396	72.358	-35.438
4070	N4070	C36	metabolite	3	0.3842	73.793	-61.735	202.252
4071	N4071	C10	bridge	3	0.4439	14.441	-78.545	165.149
4072	N4072	C36	protein	1	0.7147	5.747	-28.297	181.828
4073	N4073	C32	transcript	1	0.7366	128.728	54.060	-130.842
4074	N4074	C11	metabolite	1	0.7963	-43.701	-54.881	213.280
4075	N4075	C30	bridge	5	0.4745	-252.574	-20.511	53.560
4076	N4076	C31	protein	1	0.0401	-88.987	-385.320	161.280
4077	N4077	C28	transcript	1	0.0860	53.668	-131.208	187.406
4078	N4078	C1	metabolite	1	0.2198	-28.808	-309.091	90.850
4079	N4079	C24	bridge	1	0.8284	-91.020	-47.519	-38.044
4080	N4080	C14	protein	30	0.6508	-176.351	-96.469	384.677
4081	N4081	C24	transcript	1	0.6959	-94.309	-57.358	-62.421
4082	N4082	C34	metabolite	1	0.9719	-86.430	71.912	-118.106
4083	N4083	C23	bridge	2	0.6323	216.020	-19.101	-42.830
4084	N4084	C2	protein	2	0.4152	30.611	-60.283	-121.827
4085	N4085	C39	transcript	8	0.9872	-39.175	-135.648	-124.196
4086	N4086	C33	metabolite	1	0.2930	216.567	-150.786	94.055
4087	N4087	C15	bridge	8	0.6061	-152.190	36.399	-26.048
4088	N4088	C16	protein	1	0.4484	201.501	-19.934	162.599
4089	N4089	C15	transcript	1	0.5537	-118.736	64.370	-69.626
4090	N4090	C23	metabolite	1	0.4465	161.626	48.931	-9.799
4091	N4091	C19	bridge	1	0.8086	94.100	112.946	-89.718
4092	N4092	C29	protein	1	0.1895	-260.798	11.718	122.238
4093	N4093	C10	transcript	1	0.5937	132.862	-114.199	178.613
4094	N4094	C29	metabolite	1	0.0014	-143.946	-60.773	5.394
4095	N4095	C30	bridge	1	0.3018	-193.935	-48.638	30.638
4096	N4096	C15	protein	8	0.3050	-133.485	62.922	-61.942
4097	N4097	C39	transcript	5	0.6678	-45.546	-178.169	-161.826
4098	N4098	C17	metabolite	1	0.4726	45.019	0.575	-84.095
4099	N4099	C25	bridge	3	0.3465	-92.939	-116.130	-145.207
4100	N4100	C32	protein	1	0.5405	128.474	-27.842	-3.377
4101	N4101	C19	transcript	2	0.7720	-75.802	123.367	-160.796
4102	N4102	C28	metabolite	5	0.7166	20.301	-101.499	158.487
4103	N4103	C33	bridge	1	0.6476	209.867	-162.670	126.114
4104	N4104	C3	protein	1	0.1537	-49.764	192.962	141.417
4105	N4105	C12	transcript	1	0.1247	47.644	57.330	161.880
4106	N4106	C29	metabolite	1	0.3415	-244.232	56.819	141.695
4107	N4107	C15	bridge	2	0.0677	-140.542	45.783	-57.013
4108	N4108	C39	protein	1	0.3905	-32.572	-137.537	-132.715
4109	N4109	C37	transcript	1	0.4363	-64.421	64.383	64.999
4110	N4110	C20	metabolite	7	0.5849	-36.326	85.274	-44.668
4111	N4111	C20	bridge	7	0.5728	8.199	92.680	100.262
4112	N4112	C4	protein	1	0.6686	151.809	45.656	87.251
4113	N4113	C19	transcript	4	0.7349	67.710	71.415	-215.882
4114	N4114	C28	metabolite	1	0.7873	46.579	-97.576	220.233
4115	N4115	C38	bridge	1	0.6338	-96.093	63.725	58.395
4116	N4116	C20	protein	3	0.9414	-6.138	107.369	98.315
4117	N4117	C6	transcript	2	0.2467	73.000	-153.352	-30.530
4118	N4118	C1	metabolite	1	0.6394	5.551	-159.392	50.988
4119	N4119	C10	bridge	1	0.7668	111.719	-97.301	202.532
4120	N4120	C7	protein	1	0.1596	-34.304	110.212	-9.473
4121	N4121	C18	transcript	1	0.4330	-68.443	32.055	112.195
4122	N4122	C15	metabolite	1	0.5691	-129.374	57.826	-91.073
4123	N4123	C25	bridge	1	0.4739	-52.190	-123.646	-168.826
4124	N4124	C39	protein	1	0.7083	-18.635	-141.364	-121.797
4125	N4125	C30	transcript	1	0.8556	-252.795	-75.337	8.395
4126	N4126	C23	metabolite	1	0.5281	82.366	-22.118	-65.590
4127	N4127	C12	bridge	8	0.2106	81.618	64.706	117.311
4128	N4128	C26	protein	2	0.8503	-77.225	28.567	91.816
4129	N4129	C28	transcript	1	0.8473	-0.320	-136.654	196.150
4130	N4130	C33	metabolite	1	0.4893	241.829	-168.701	119.773
4131	N4131	C9	bridge	2	0.3760	264.855	-246.919	199.005
4132	N4132	C25	protein	2	0.3640	-94.733	-107.359	-189.492
4133	N4133	C4	transcript	1	0.0395	133.046	39.546	142.876
4134	N4134	C34	metabolite	3	0.2454	-73.949	69.210	-31.945
4135	N4135	C20	bridge	12	0.8997	42.677	142.241	120.742
4136	N4136	C21	protein	1	0.8384	-145.454	54.443	-109.660
4137	N4137	C23	transcript	1	0.7912	115.633	47.231	-44.560
4138	N4138	C16	metabolite	1	0.0778	193.808	-119.197	182.908
4139	N4139	C9	bridge	4	0.5273	206.272	-254.122	141.746
4140	N4140	C20	protein	1	0.7864	-27.776	158.599	103.290
4141	N4141	C38	transcript	1	0.0232	-111.522	32.290	50.206
4142	N4142	C24	metabolite	9	0.6730	-157.511	-27.927	-70.221
4143	N4143	C1	bridge	3	0.9458	-89.573	-174.282	57.087
4144	N4144	C19	protein	1	0.7399	49.921	60.900	-107.726
4145	N4145	C9	transcript	1	0.1396	245.432	-288.096	202.498
4146	N4146	C29	metabolite	2	0.7866	-184.980	76.643	234.217
4147	N4147	C30	bridge	1	0.0476	-240.211	-70.834	50.109
4148	N4148	C3	protein	1	0.1694	28.651	210.958	140.615
4149	N4149	C23	transcript	1	0.2876	132.219	-0.201	-40.345
4150	N4150	C33	metabolite	1	0.3145	192.672	-152.851	192.667
4151	N4151	C18	bridge	2	0.5014	-4.453	-10.688	122.779
4152	N4152	C34	protein	1	0.1573	-91.108	60.465	-148.547
4153	N4153	C5	transcript	1	0.1235	62.628	135.986	-51.173
4154	N4154	C34	metabolite	2	0.6336	-97.359	-5.063	-111.956
4155	N4155	C18	bridge	1	0.3020	-7.493	4.949	137.228
4156	N4156	C22	protein	1	0.9054	-68.741	95.894	66.793
4157	N4157	C4	transcript	4	0.7555	109.238	-54.036	140.977
4158	N4158	C26	metabolite	3	0.0921	-46.872	-62.302	-46.194
4159	N4159	C39	bridge	2	0.6683	15.374	-142.710	-126.881
4160	N4160	C29	protein	5	0.9481	-283.950	91.439	106.698
4161	N4161	C38	transcript	1	0.1356	-188.279	-107.046	80.828
4162	N4162	C34	metabolite	1	0.0153	-116.334	89.849	-151.477
4163	N4163	C28	bridge	1	0.4743	19.908	-106.354	191.911
4164	N4164	C35	protein	23	0.5090	-146.804	105.827	-49.680
4165	N4165	C38	transcript	1	0.0815	-111.583	47.254	26.193
4166	N4166	C16	metabolite	1	0.5490	181.185	-71.309	267.895
4167	N4167	C10	bridge	1	0.8106	40.820	-15.210	168.276
4168	N4168	C1	protein	1	0.0870	-36.354	-264.353	67.777
4169	N4169	C29	transcript	1	0.8732	-137.321	46.546	111.064
4170	N4170	C39	metabolite	1	0.2198	-66.499	-143.838	-129.772
4171	N4171	C34	bridge	3	0.2958	-127.306	93.842	-105.897
4172	N4172	C32	protein	1	0.3938	198.587	65.237	-63.804
4173	N4173	C37	transcript	1	0.7289	-105.613	39.308	134.531
4174	N4174	C28	metabolite	1	0.5230	70.995	-53.571	187.434
4175	N4175	C5	bridge	3	0.6361	115.703	95.875	-108.272
4176	N4176	C22	protein	2	0.6088	40.811	105.194	118.957
4177	N4177	C9	transcript	1	0.5674	223.329	-233.786	204.701
4178	N4178	C7	metabolite	3	0.7346	-65.537	154.523	75.168
4179	N4179	C7	bridge	5	0.1654	-59.191	148.571	30.386
4180	N4180	C34	protein	1	0.1957	-121.047	103.601	-127.688
4181	N4181	C9	transcript	1	0.3189	267.198	-272.400	156.769
4182	N4182	C3	metabolite	1	0.6234	15.217	232.742	181.466
4183	N4183	C0	bridge	2	0.1239	-205.635	-164.877	-72.263
4184	N4184	C31	protein	2	0.1801	-80.447	-316.095	181.071
4185	N4185	C20	transcript	9	0.8682	-46.594	35.955	70.893
4186	N4186	C37	metabolite	1	0.3695	-3.564	-3.702	46.064
4187	N4187	C11	bridge	4	0.2934	-5.038	38.630	14.929
4188	N4188	C0	protein	1	0.9404	-150.990	-67.662	-78.809
4189	N4189	C8	transcript	5	0.5894	-76.416	-29.482	93.782
4190	N4190	C13	metabolite	1	0.9404	-105.956	-122.294	24.185
4191	N4191	C29	bridge	2	0.2018	-280.419	1.134	227.702
4192	N4192	C35	protein	1	0.1058	-254.291	66.977	-88.346
4193	N4193	C39	transcript	1	0.0820	-32.808	-154.286	-142.218
4194	N4194	C1	metabolite	1	0.0500	-46.077	-223.477	40.675
4195	N4195	C35	bridge	1	0.6654	-120.450	150.010	-48.578
4196	N4196	C2	protein	1	0.5501	-19.604	-0.356	-132.399
4197	N4197	C7	transcript	2	0.9682	-69.528	166.142	44.026
4198	N4198	C15	metabolite	2	0.5713	-164.938	95.448	-60.311
4199	N4199	C1	bridge	1	0.0037	-44.839	-292.283	117.302
4200	N4200	C21	protein	1	0.2721	-154.672	88.596	-23.381
4201	N4201	C29	transcript	19	0.6614	-188.037	125.836	68.150
4202	N4202	C16	metabolite	1	0.4621	100.886	12.951	185.924
4203	N4203	C13	bridge	1	0.9180	-57.911	-102.059	64.157
4204	N4204	C33	protein	2	0.5992	211.175	-135.171	138.919
4205	N4205	C27	transcript	1	0.6612	-55.686	46.613	118.358
4206	N4206	C0	metabolite	1	0.8473	-139.867	-68.030	-116.777
4207	N4207	C24	bridge	1	0.7945	-102.323	-37.104	-41.384
4208	N4208	C21	protein	5	0.1799	-178.830	71.690	-43.085
4209	N4209	C11	transcript	1	0.2457	-86.664	-32.192	20.884
4210	N4210	C1	metabolite	3	0.0005	-18.003	-282.819	93.410
4211	N4211	C32	bridge	1	0.3034	204.497	23.515	-82.811
4212	N4212	C33	protein	3	0.8027	191.183	-178.689	93.038
4213	N4213	C24	transcript	1	0.2140	-116.432	-30.838	-88.924
4214	N4214	C13	metabolite	1	0.7360	-180.861	-108.083	-27.368
4215	N4215	C21	bridge	4	0.9693	-151.539	37.132	-63.000
4216	N4216	C29	protein	1	0.8686	-191.968	0.440	104.692
4217	N4217	C36	transcript	1	0.5970	29.676	-6.369	187.314
4218	N4218	C25	metabolite	1	0.5491	-154.525	-128.813	-42.630
4219	N4219	C17	bridge	1	0.5813	173.841	-109.425	-173.429
4220	N4220	C2	protein	3	0.2108	-89.470	17.892	-217.505
4221	N4221	C39	transcript	2	0.8956	4.942	-125.739	-151.407
4222	N4222	C3	metabolite	13	0.0493	10.510	290.352	214.129
4223	N4223	C37	bridge	1	0.6097	3.742	-16.780	95.977
4224	N4224	C23	protein	1	0.1751	136.687	21.359	-98.659
4225	N4225	C36	transcript	1	0.5245	62.519	-31.010	235.981
4226	N4226	C29	metabolite	1	0.5232	-199.717	26.317	27.389
4227	N4227	C13	bridge	2	0.7365	-101.119	-109.018	-37.620
4228	N4228	C4	protein	5	0.0358	56.020	-4.453	114.636
4229	N4229	C19	transcript	2	0.6638	94.398	83.519	-167.382
4230	N4230	C2	metabolite	3	0.7170	-56.158	-115.067	-105.786
4231	N4231	C31	bridge	1	0.8840	-185.745	-336.742	84.571
4232	N4232	C27	protein	7	0.4322	-27.616	45.608	138.086
4233	N4233	C31	transcript	24	0.1736	-188.276	-343.370	39.436
4234	N4234	C18	metabolite	1	0.9638	-35.357	66.090	139.843
4235	N4235	C21	bridge	1	0.8923	-131.222	82.446	-41.193
4236	N4236	C4	protein	1	0.0825	97.335	-69.067	142.410
4237	N4237	C3	transcript	1	0.5367	13.169	229.461	113.978
4238	N4238	C31	metabolite	1	0.0282	-121.779	-420.106	175.279
4239	N4239	C21	bridge	4	0.7719	-148.742	97.953	-44.149
4240	N4240	C37	protein	1	0.6722	-68.602	-56.719	45.915
4241	N4241	C27	transcript	1	0.1215	-18.602	72.086	74.092
4242	N4242	C26	metabolite	2	0.9461	-33.173	-27.391	39.423
4243	N4243	C10	bridge	5	0.4073	39.299	-119.118	168.546
4244	N4244	C34	protein	1	0.7424	-183.567	169.473	-73.818
4245	N4245	C31	transcript	6	0.1487	-111.002	-323.288	105.320
4246	N4246	C38	metabolite	1	0.6348	-98.810	-13.614	-55.751
4247	N4247	C0	bridge	2	0.6635	-221.115	-95.775	-42.185
4248	N4248	C19	protein	1	0.7103	17.325	75.494	-206.526
4249	N4249	C35	transcript	1	0.4280	-152.903	84.480	-66.162
4250	N4250	C29	metabolite	1	0.7156	-171.652	-10.194	40.495
4251	N4251	C18	bridge	7	0.6480	-34.554	61.915	141.497
4252	N4252	C27	protein	1	0.1317	-29.978	89.996	137.971
4253	N4253	C6	transcript	3	0.1885	17.467	-91.665	-60.788
4254	N4254	C9	metabolite	2	0.4450	257.409	-277.273	143.977
4255	N4255	C9	bridge	3	0.3955	205.917	-238.206	192.035
4256	N4256	C13	protein	1	0.2973	-142.034	-102.885	-93.764
4257	N4257	C38	transcript	1	0.3569	-144.911	13.900	69.119
4258	N4258	C19	metabolite	3	0.7824	34.904	54.350	-129.188
4259	N4259	C26	bridge	1	0.9039	-37.813	-41.450	19.104
4260	N4260	C36	protein	8	0.8560	37.594	-45.392	210.178
4261	N4261	C26	transcript	1	0.4774	-35.333	-21.328	-14.185
4262	N4262	C18	metabolite	1	0.8721	-51.832	70.617	114.082
4263	N4263	C22	bridge	1	0.9371	9.047	45.719	101.538
4264	N4264	C32	protein	1	0.9831	28.415	103.939	27.765
4265	N4265	C20	transcript	1	0.4181	32.898	177.265	-23.104
4266	N4266	C1	metabolite	1	0.9107	-17.398	-284.296	135.690
4267	N4267	C20	bridge	2	0.6966	-81.106	84.316	140.053
4268	N4268	C28	protein	1	0.9995	59.474	-119.702	201.987
4269	N4269	C22	transcript	6	0.2504	-28.242	56.461	93.084
4270	N4270	C36	metabolite	3	0.4978	11.475	-27.173	214.078
4271	N4271	C32	bridge	1	0.0199	164.450	13.127	22.683
4272	N4272	C18	protein	7	0.0807	-66.587	26.492	135.922
4273	N4273	C21	transcript	3	0.3907	-168.515	59.358	-65.549
4274	N4274	C18	metabolite	1	0.9814	-50.543	20.726	113.457
4275	N4275	C14	bridge	1	0.0899	-74.866	-132.508	253.293
4276	N4276	C28	protein	1	0.5130	40.595	-75.140	148.980
4277	N4277	C29	transcript	1	0.4174	-176.344	106.524	150.618
4278	N4278	C2	metabolite	4	0.9860	-131.214	44.985	-160.625
4279	N4279	C26	bridge	9	0.5185	18.682	-14.847	-28.199
4280	N4280	C10	protein	16	0.1741	-25.288	-93.441	147.951
4281	N4281	C6	transcript	1	0.5907	-12.841	-117.594	-90.722
4282	N4282	C27	metabolite	4	0.4383	3.254	35.476	117.444
4283	N4283	C13	bridge	1	0.4860	-102.249	-115.464	-58.134
4284	N4284	C4	protein	1	0.9109	115.852	13.946	130.879
4285	N4285	C28	transcript	1	0.4186	28.759	-123.816	204.986
4286	N4286	C15	metabolite	1	0.6873	-133.756	84.262	-85.409
4287	N4287	C4	bridge	4	0.3604	47.556	-0.313	191.325
4288	N4288	C36	protein	2	0.9620	37.104	-0.582	204.412
4289	N4289	C22	transcript	2	0.5394	42.249	101.604	80.154
4290	N4290	C27	metabolite	1	0.8478	-38.511	3.959	132.388
4291	N4291	C28	bridge	1	0.0591	116.995	-158.079	145.088
4292	N4292	C32	protein	1	0.8038	257.361	28.327	-94.688
4293	N4293	C14	transcript	1	0.4214	-152.897	-83.627	328.586
4294	N4294	C3	metabolite	1	0.7870	-51.755	203.510	127.060
4295	N4295	C27	bridge	1	0.0926	-30.873	88.897	96.908
4296	N4296	C19	protein	1	0.2246	72.382	106.273	-186.843
4297	N4297	C33	transcript	1	0.6349	185.208	-115.018	131.519
4298	N4298	C22	metabolite	2	0.4145	-26.560	106.251	39.335
4299	N4299	C20	bridge	1	0.7209	-23.561	159.910	60.503
4300	N4300	C11	protein	1	0.9100	-126.936	-153.270	31.987
4301	N4301	C2	transcript	1	0.7026	-58.209	-38.725	-105.820
4302	N4302	C10	metabolite	1	0.3748	45.367	-130.552	182.141
4303	N4303	C3	bridge	1	0.7519	4.820	184.445	125.746
4304	N4304	C37	protein	1	0.9292	-13.922	-9.700	40.292
4305	N4305	C6	transcript	1	0.2187	26.468	-126.142	-65.039
4306	N4306	C17	metabolite	1	0.1897	161.448	-60.036	-35.878
4307	N4307	C2	bridge	1	0.6047	-79.780	-89.765	-51.064
4308	N4308	C12	protein	1	0.3859	56.269	86.373	152.866
4309	N4309	C21	transcript	1	0.8494	-167.266	55.141	-74.873
4310	N4310	C0	metabolite	2	0.7442	-172.930	-116.136	-91.499
4311	N4311	C37	bridge	2	0.6440	-82.647	-101.835	180.966
4312	N4312	C22	protein	6	0.5041	11.407	80.537	61.693
4313	N4313	C24	transcript	1	0.5188	-87.333	-49.507	-72.907
4314	N4314	C26	metabolite	1	0.7074	-5.785	3.440	68.408
4315	N4315	C3	bridge	2	0.5052	-7.215	240.469	184.926
4316	N4316	C2	protein	1	0.0894	-29.797	12.550	-123.474
4317	N4317	C8	transcript	1	0.9380	17.357	-19.901	-46.849
4318	N4318	C39	metabolite	3	0.4370	-27.607	-145.520	-190.509
4319	N4319	C11	bridge	1	0.3982	34.572	-113.511	-55.579
4320	N4320	C30	protein	1	0.5581	-233.560	-54.062	59.188
4321	N4321	C38	transcript	1	0.6169	-62.567	-39.688	20.062
4322	N4322	C26	metabolite	2	0.9702	-29.189	-84.779	102.691
4323	N4323	C0	bridge	1	0.2642	-195.410	-88.762	-104.209
4324	N4324	C26	protein	1	0.4783	-134.171	6.129	12.850
4325	N4325	C11	transcript	1	0.2414	38.521	1.541	7.357
4326	N4326	C18	metabolite	1	0.2715	-50.221	-4.539	144.330
4327	N4327	C29	bridge	1	0.3571	-314.789	78.286	39.414
4328	N4328	C5	protein	1	0.5148	19.615	22.963	-147.742
4329	N4329	C35	transcript	1	0.6671	-201.024	18.914	-67.158
4330	N4330	C34	metabolite	1	0.7284	-110.272	127.363	-110.186
4331	N4331	C35	bridge	17	0.9078	-235.577	-49.352	-53.767
4332	N4332	C22	protein	1	0.4414	-16.565	143.489	124.361
4333	N4333	C13	transcript	7	0.3009	-159.660	-142.019	-15.116
4334	N4334	C10	metabolite	1	0.1114	51.745	-161.978	109.032
4335	N4335	C19	bridge	1	0.5947	-34.976	123.655	-147.377
4336	N4336	C14	protein	1	0.3622	-106.450	-137.659	265.194
4337	N4337	C32	transcript	1	0.5677	229.785	-65.396	-99.194
4338	N4338	C38	metabolite	2	0.4756	-73.928	-15.198	110.582
4339	N4339	C19	bridge	2	0.4641	6.624	75.603	-163.397
4340	N4340	C3	protein	1	0.6368	-37.849	158.383	143.140
4341	N4341	C31	transcript	1	0.1195	-96.314	-332.113	54.353
4342	N4342	C13	metabolite	1	0.2012	-93.270	-147.898	30.123
4343	N4343	C8	bridge	1	0.9534	5.962	28.604	-35.347
4344	N4344	C17	protein	1	0.3743	110.300	-96.102	-106.664
4345	N4345	C25	transcript	8	0.2673	-197.317	-155.117	-85.355
4346	N4346	C6	metabolite	2	0.7107	32.437	-154.071	-63.627
4347	N4347	C29	bridge	4	0.7074	-188.010	94.823	124.291
4348	N4348	C35	protein	1	0.3899	-180.538	69.453	-26.703
4349	N4349	C13	transcript	1	0.8302	-72.655	-15.997	-7.362
4350	N4350	C29	metabolite	5	0.6079	-105.727	69.425	137.361
4351	N4351	C26	bridge	1	0.6333	-54.252	-89.344	85.044
4352	N4352	C36	protein	2	0.1934	29.755	-18.459	249.243
4353	N4353	C13	transcript	1	0.6989	-71.709	-70.245	31.536
4354	N4354	C4	metabolite	1	0.5501	128.905	50.284	82.178
4355	N4355	C34	bridge	2	0.9112	-81.045	87.610	-180.872
4356	N4356	C12	protein	1	0.1785	53.426	75.943	104.087
4357	N4357	C14	transcript	1	0.8194	-73.237	-58.082	366.476
4358	N4358	C29	metabolite	1	0.2721	-200.547	3.078	48.749
4359	N4359	C38	bridge	3	0.2877	-36.630	-43.214	-8.242
4360	N4360	C27	protein	2	0.7313	-0.372	53.413	115.135
4361	N4361	C2	transcript	1	0.1336	18.600	-107.999	-115.989
4362	N4362	C33	metabolite	1	0.5186	177.484	-172.010	148.688
4363	N4363	C6	bridge	1	0.9595	18.226	-66.841	-84.393
4364	N4364	C29	protein	2	0.4965	-189.877	42.704	177.978
4365	N4365	C17	transcript	2	0.5794	135.570	44.079	-36.512
4366	N4366	C10	metabolite	23	0.3543	111.805	-39.222	152.014
4367	N4367	C22	bridge	1	0.2767	-28.627	23.041	107.870
4368	N4368	C14	protein	11	0.6320	-86.925	-80.679	342.540
4369	N4369	C36	transcript	1	0.1338	4.538	-63.389	185.572
4370	N4370	C19	metabolite	1	0.1614	22.197	76.613	-236.041
4371	N4371	C28	bridge	1	0.4153	53.249	-124.509	149.569
4372	N4372	C26	protein	2	0.5591	-115.975	-104.933	-48.026
4373	N4373	C2	transcript	1	0.0736	-48.112	-110.676	-115.984
4374	N4374	C7	metabolite	1	0.8312	1.814	138.750	88.557
4375	N4375	C33	bridge	1	0.4119	213.697	-147.384	154.043
4376	N4376	C14	protein	1	0.2018	-28.875	-59.946	262.367
4377	N4377	C35	transcript	1	0.8752	-241.044	49.806	-113.666
4378	N4378	C6	metabolite	1	0.5989	54.956	-107.833	-55.561
4379	N4379	C12	bridge	1	0.9147	81.570	76.600	86.800
4380	N4380	C24	protein	50	0.3463	-154.406	-5.991	-104.540
4381	N4381	C8	transcript	3	0.6587	40.226	-81.959	-36.076
4382	N4382	C31	metabolite	1	0.6915	-100.711	-344.283	182.940
4383	N4383	C4	bridge	2	0.0848	117.128	7.377	160.854
4384	N4384	C12	protein	7	0.0191	89.275	50.509	169.881
4385	N4385	C17	transcript	1	0.0773	172.558	-41.286	-91.123
4386	N4386	C24	metabolite	1	0.0258	-89.222	-83.578	-61.080
4387	N4387	C32	bridge	5	0.9102	180.683	81.931	-8.327
4388	N4388	C6	protein	2	0.2226	15.174	-170.379	9.633
4389	N4389	C6	transcript	1	0.4953	12.366	-144.616	-60.866
4390	N4390	C36	metabolite	1	0.7137	32.078	-34.230	205.320
4391	N4391	C18	bridge	1	0.3701	-61.607	34.191	108.993
4392	N4392	C16	protein	1	0.7139	187.799	10.039	191.722
4393	N4393	C36	transcript	1	0.5285	36.462	-53.784	203.819
4394	N4394	C24	metabolite	1	0.9459	-103.435	-40.206	-59.748
4395	N4395	C6	bridge	1	0.8989	62.987	-109.718	-86.336
4396	N4396	C0	protein	1	0.9521	-154.012	-85.693	-87.691
4397	N4397	C8	transcript	1	0.1146	11.081	-114.694	-89.878
4398	N4398	C11	metabolite	1	0.5082	-32.369	30.275	10.515
4399	N4399	C10	bridge	1	0.5930	77.142	-136.503	121.558
4400	N4400	C39	protein	1	0.2198	-47.098	-198.508	-102.378
4401	N4401	C13	transcript	1	0.0947	-105.933	-111.955	26.260
4402	N4402	C17	metabolite	2	0.8261	234.015	-40.700	-73.925
4403	N4403	C16	bridge	1	0.3614	222.839	-63.346	90.134
4404	N4404	C12	protein	2	0.6797	8.613	104.414	119.409
4405	N4405	C34	transcript	2	0.2803	-105.033	126.818	-29.886
4406	N4406	C22	metabolite	1	0.5049	-19.010	85.192	108.435
4407	N4407	C31	bridge	1	0.2351	-114.360	-354.926	87.352
4408	N4408	C19	protein	1	0.7763	38.571	90.074	-102.803
4409	N4409	C24	transcript	2	0.3722	-59.184	-61.322	-19.556
4410	N4410	C20	metabolite	1	0.2095	27.820	54.503	113.931
4411	N4411	C2	bridge	1	0.5410	44.449	-44.176	-173.152
4412	N4412	C33	protein	2	0.2104	240.498	-136.481	156.461
4413	N4413	C32	transcript	1	0.6191	144.276	24.905	-55.260
4414	N4414	C1	metabolite	1	0.6801	-82.706	-274.022	125.111
4415	N4415	C15	bridge	2	0.8433	-161.487	41.875	-82.836
4416	N4416	C16	protein	2	0.1747	140.775	-69.612	133.125
4417	N4417	C38	transcript	3	0.6685	-183.841	-10.655	10.898
4418	N4418	C5	metabolite	1	0.1192	-42.610	48.834	-120.385
4419	N4419	C1	bridge	1	0.6880	-91.707	-168.122	80.343
4420	N4420	C19	protein	1	0.8847	61.595	81.143	-173.095
4421	N4421	C11	transcript	5	0.4795	-35.684	-37.600	67.563
4422	N4422	C1	metabolite	1	0.0047	-87.973	-253.286	84.034
4423	N4423	C29	bridge	6	0.4122	-142.991	-12.250	76.394
4424	N4424	C7	protein	1	0.5812	-48.052	134.955	61.793
4425	N4425	C34	transcript	1	0.2052	-66.690	116.108	-89.434
4426	N4426	C22	metabolite	2	0.6409	18.576	89.840	62.944
4427	N4427	C27	bridge	2	0.1111	-27.732	52.363	89.892
4428	N4428	C14	protein	1	0.5395	-34.586	-120.846	215.936
4429	N4429	C23	transcript	1	0.8988	123.704	39.403	-66.356
4430	N4430	C5	metabolite	1	0.0392	53.128	-28.755	-119.109
4431	N4431	C25	bridge	1	0.2027	-114.590	-68.046	-75.143
4432	N4432	C33	protein	1	0.3979	215.367	-148.786	183.316
4433	N4433	C26	transcript	1	0.0123	-26.967	-54.834	58.188
4434	N4434	C0	metabolite	1	0.6687	-142.477	-95.279	-70.714
4435	N4435	C20	bridge	45	0.4939	34.086	99.789	101.660
4436	N4436	C24	protein	1	0.9577	-74.208	-51.098	-54.865
4437	N4437	C16	transcript	1	0.7675	162.461	-56.688	150.169
4438	N4438	C21	metabolite	1	0.8701	-174.074	51.093	-90.858
4439	N4439	C15	bridge	4	0.9826	-146.854	81.314	-74.168
4440	N4440	C22	protein	2	0.0399	18.875	93.472	35.962
4441	N4441	C37	transcript	1	0.7230	-16.333	-55.288	90.205
4442	N4442	C38	metabolite	2	0.3443	-104.184	-56.263	4.783
4443	N4443	C3	bridge	1	0.2908	-5.967	212.908	154.134
4444	N4444	C8	protein	3	0.0326	91.996	-33.784	-55.695
4445	N4445	C4	transcript	4	0.2514	132.411	-27.848	188.503
4446	N4446	C37	metabolite	1	0.4740	-129.000	15.308	102.812
4447	N4447	C12	bridge	18	0.1418	42.294	45.798	111.025
4448	N4448	C23	protein	1	0.0512	166.607	65.744	21.766
4449	N4449	C33	transcript	1	0.8560	197.047	-130.788	156.097
4450	N4450	C2	metabolite	1	0.9345	-90.679	-111.584	-167.891
4451	N4451	C26	bridge	3	0.4182	-79.511	-8.006	-84.864
4452	N4452	C15	protein	1	0.8801	-120.038	50.511	-78.723
4453	N4453	C10	transcript	2	0.4496	46.640	-121.628	124.590
4454	N4454	C14	metabolite	1	0.9244	-48.021	-166.252	338.586
4455	N4455	C31	bridge	1	0.5882	-145.820	-379.814	101.449
4456	N4456	C20	protein	1	0.0563	-117.612	180.772	76.512
4457	N4457	C39	transcript	1	0.4317	12.002	-125.986	-120.632
4458	N4458	C38	metabolite	1	0.9730	-104.392	32.612	82.432
4459	N4459	C2	bridge	3	0.6544	-200.978	-115.990	-127.505
4460	N4460	C11	protein	4	0.2852	-4.552	-64.076	168.312
4461	N4461	C39	transcript	1	0.1511	-8.832	-150.001	-173.338
4462	N4462	C26	metabolite	5	0.3274	-0.443	-100.872	47.452
4463	N4463	C38	bridge	2	0.5157	-126.914	-26.053	25.692
4464	N4464	C27	protein	1	0.1711	-20.316	67.741	81.365
4465	N4465	C15	transcript	1	0.5186	-107.406	103.146	-42.667
4466	N4466	C4	metabolite	2	0.1655	77.746	6.305	124.598
4467	N4467	C10	bridge	1	0.2406	107.428	-73.274	156.924
4468	N4468	C24	protein	1	0.8937	-130.757	-53.420	-27.488
4469	N4469	C4	transcript	13	0.4018	20.213	5.512	92.904
4470	N4470	C9	metabolite	1	0.7725	238.859	-265.142	197.423
4471	N4471	C32	bridge	4	0.3980	202.283	22.655	-31.319
4472	N4472	C7	protein	1	0.9785	47.747	159.740	102.416
4473	N4473	C2	transcript	2	0.1331	-36.541	-159.433	-222.773
4474	N4474	C1	metabolite	21	0.5915	-73.146	-194.792	73.465
4475	N4475	C21	bridge	1	0.5005	-156.979	37.864	-52.269
4476	N4476	C4	protein	1	0.0258	87.754	-9.181	109.161
4477	N4477	C24	transcript	1	0.4478	-117.188	-24.713	-35.668
4478	N4478	C1	metabolite	1	0.7304	-112.185	-285.408	55.178
4479	N4479	C10	bridge	2	0.4900	107.107	-62.467	13.618
4480	N4480	C7	protein	1	0.5215	-2.294	133.486	-15.635
4481	N4481	C17	transcript	3	0.8875	66.697	-43.311	-88.076
4482	N4482	C22	metabolite	2	0.1550	40.187	50.628	47.890
4483	N4483	C18	bridge	4	0.9436	-36.612	41.040	123.957
4484	N4484	C2	protein	1	0.5211	-113.668	-20.095	-121.759
4485	N4485	C29	transcript	1	0.0925	-192.647	3.482	97.005
4486	N4486	C27	metabolite	1	0.4314	-45.612	54.012	83.211
4487	N4487	C23	bridge	3	0.7498	181.188	59.050	-122.896
4488	N4488	C31	protein	1	0.7957	-118.081	-339.602	156.970
4489	N4489	C18	transcript	1	0.9432	-22.490	6.319	86.984
4490	N4490	C8	metabolite	10	0.5557	25.003	-102.582	-107.031
4491	N4491	C19	bridge	1	0.3084	6.484	106.927	-128.461
4492	N4492	C3	protein	1	0.3271	12.333	226.380	151.449
4493	N4493	C22	transcript	3	0.3023	21.754	147.329	21.602
4494	N4494	C31	metabolite	1	0.0135	-162.854	-375.834	106.978
4495	N4495	C21	bridge	1	0.0457	-176.189	91.240	-36.228
4496	N4496	C25	protein	1	0.4231	-118.882	-74.175	-183.704
4497	N4497	C0	transcript	1	0.1817	-138.951	-120.098	-77.605
4498	N4498	C37	metabolite	1	0.7702	-31.793	21.036	141.119
4499	N4499	C13	bridge	2	0.6425	-198.911	-138.691	-18.600
4500	N4500	C28	protein	2	0.7563	76.801	-167.911	218.719
4501	N4501	C17	transcript	1	0.7969	97.569	-59.836	-11.233
4502	N4502	C6	metabolite	5	0.6272	33.750	-98.690	-76.966
4503	N4503	C25	bridge	1	0.1259	-32.768	-176.022	-178.557
4504	N4504	C37	protein	3	0.4272	20.113	-18.036	79.839
4505	N4505	C6	transcript	2	0.5411	57.602	-111.430	-53.506
4506	N4506	C9	metabolite	1	0.3445	268.671	-219.642	214.231
4507	N4507	C23	bridge	2	0.0477	187.134	59.305	-23.740
4508	N4508	C39	protein	1	0.7331	-40.131	-124.178	-95.153
4509	N4509	C16	transcript	1	0.3536	173.545	9.741	189.655
4510	N4510	C35	metabolite	4	0.3877	-223.160	104.595	-154.852
4511	N4511	C34	bridge	1	0.2886	-68.400	134.879	-71.067
4512	N4512	C14	protein	1	0.5550	-72.559	-141.929	355.012
4513	N4513	C37	transcript	1	0.6514	-56.112	-117.511	10.107
4514	N4514	C21	metabolite	1	0.2360	-155.478	111.731	-45.977
4515	N4515	C10	bridge	1	0.5699	83.327	-51.153	129.008
4516	N4516	C36	protein	66	0.5815	-2.320	-55.441	240.709
4517	N4517	C25	transcript	1	0.0800	-133.212	-107.072	-196.538
4518	N4518	C13	metabolite	1	0.8190	-105.411	-128.827	-43.477
4519	N4519	C37	bridge	2	0.3090	-62.264	39.612	68.067
4520	N4520	C8	protein	1	0.6320	-56.543	-99.597	-85.656
4521	N4521	C28	transcript	2	0.1048	74.081	-135.589	88.227
4522	N4522	C38	metabolite	8	0.8057	-98.091	13.270	-18.824
4523	N4523	C27	bridge	1	0.4728	-21.525	53.550	102.042
4524	N4524	C24	protein	4	0.1670	-181.850	-62.848	-105.277
4525	N4525	C24	transcript	1	0.9814	-168.522	-50.128	-24.723
4526	N4526	C39	metabolite	1	0.8370	-47.351	-126.931	-123.896
4527	N4527	C3	bridge	2	0.7198	-45.063	256.602	181.552
4528	N4528	C22	protein	1	0.8889	-54.946	131.030	53.261
4529	N4529	C24	transcript	1	0.0525	-63.475	-64.654	-73.583
4530	N4530	C19	metabolite	1	0.9316	-9.304	29.981	-132.098
4531	N4531	C7	bridge	1	0.9005	-82.317	153.680	84.805
4532	N4532	C10	protein	3	0.7874	106.475	-111.845	90.240
4533	N4533	C22	transcript	2	0.4833	-37.792	94.484	93.169
4534	N4534	C2	metabolite	3	0.4971	-108.204	-171.761	-49.115
4535	N4535	C9	bridge	5	0.1442	234.959	-239.863	214.541
4536	N4536	C28	protein	1	0.7745	95.732	-120.791	142.035
4537	N4537	C12	transcript	5	0.9905	87.441	50.318	155.577
4538	N4538	C14	metabolite	1	0.2838	-91.992	-12.050	348.565
4539	N4539	C27	bridge	1	0.4249	-40.493	67.401	76.185
4540	N4540	C6	protein	1	0.3483	13.958	-132.652	-51.511
4541	N4541	C35	transcript	1	0.3465	-175.964	40.001	-2.141
4542	N4542	C26	metabolite	1	0.7812	-67.486	-106.143	115.267
4543	N4543	C23	bridge	2	0.1757	236.599	109.074	34.973
4544	N4544	C12	protein	10	0.7386	72.495	29.409	136.202
4545	N4545	C13	transcript	1	0.7288	-42.147	-107.322	-68.449
4546	N4546	C30	metabolite	1	0.4397	-228.513	-58.470	50.040
4547	N4547	C33	bridge	1	0.9650	205.808	-189.055	156.176
4548	N4548	C9	protein	11	0.4160	205.691	-261.072	246.100
4549	N4549	C2	transcript	1	0.7364	-74.173	-118.887	-37.173
4550	N4550	C38	metabolite	1	0.0638	-75.323	-182.412	63.738
4551	N4551	C9	bridge	3	0.6935	214.025	-256.146	181.925
4552	N4552	C19	protein	1	0.5282	-22.389	58.276	-154.732
4553	N4553	C25	transcript	1	0.9765	-44.797	-118.805	-144.118
4554	N4554	C25	metabolite	1	0.4618	-61.464	-98.961	-152.050
4555	N4555	C28	bridge	1	0.8020	-15.822	-114.317	125.693
4556	N4556	C25	protein	7	0.6810	-123.390	-36.279	-135.704
4557	N4557	C37	transcript	1	0.6942	6.184	-37.141	109.867
4558	N4558	C19	metabolite	1	0.2265	9.588	46.137	-208.063
4559	N4559	C5	bridge	1	0.6601	139.604	95.809	-105.292
4560	N4560	C31	protein	1	0.0631	-112.420	-328.681	147.799
4561	N4561	C2	transcript	3	0.6378	-74.069	-94.735	-187.005
4562	N4562	C7	metabolite	1	0.1583	-94.384	188.739	-37.513
4563	N4563	C35	bridge	2	0.7839	-219.303	-67.948	-144.016
4564	N4564	C4	protein	1	0.8041	95.845	20.448	114.769
4565	N4565	C22	transcript	2	0.1533	25.471	51.584	76.719
4566	N4566	C39	metabolite	1	0.2211	-42.099	-112.500	-134.432
4567	N4567	C34	bridge	1	0.7855	-62.025	65.672	-168.816
4568	N4568	C30	protein	1	0.2255	-232.700	-23.096	30.491
4569	N4569	C8	transcript	1	0.5694	-66.423	4.405	-6.539
4570	N4570	C15	metabolite	1	0.9063	-137.279	103.683	-79.356
4571	N4571	C20	bridge	2	0.8810	-8.748	64.827	69.457
4572	N4572	C23	protein	1	0.0243	159.292	104.314	-57.440
4573	N4573	C8	transcript	3	0.3029	43.197	-78.827	40.796
4574	N4574	C9	metabolite	1	0.8089	225.844	-269.702	118.889
4575	N4575	C37	bridge	1	0.7109	-32.675	-46.258	121.641
4576	N4576	C35	protein	4	0.3905	-252.156	175.690	-65.649
4577	N4577	C31	transcript	2	0.8197	-130.873	-355.676	161.503
4578	N4578	C28	metabolite	2	0.9523	88.600	-124.595	240.610
4579	N4579	C13	bridge	1	0.4886	-92.523	-112.781	0.023
4580	N4580	C15	protein	1	0.8925	-66.390	100.910	-70.015
4581	N4581	C30	transcript	3	0.6470	-214.965	-63.571	42.893
4582	N4582	C26	metabolite	3	0.0622	-79.951	-83.316	82.347
4583	N4583	C18	bridge	1	0.8672	-33.015	25.634	101.176
4584	N4584	C16	protein	2	0.2735	178.381	-65.861	122.104
4585	N4585	C30	transcript	3	0.8159	-267.193	-4.714	42.933
4586	N4586	C14	metabolite	2	0.0062	-165.835	44.782	340.024
4587	N4587	C28	bridge	2	0.7372	40.294	-124.064	208.848
4588	N4588	C18	protein	1	0.6564	-35.563	-24.769	102.623
4589	N4589	C32	transcript	1	0.1199	274.089	50.040	-13.557
4590	N4590	C31	metabolite	1	0.0133	-116.544	-384.259	182.133
4591	N4591	C39	bridge	2	0.7712	-28.779	-99.133	-73.004
4592	N4592	C26	protein	1	0.3518	-48.647	54.712	61.311
4593	N4593	C22	transcript	1	0.9752	-36.979	28.617	85.220
4594	N4594	C15	metabolite	1	0.9359	-181.900	79.509	-129.179
4595	N4595	C6	bridge	1	0.5843	22.167	-150.999	-59.041
4596	N4596	C15	protein	1	0.0587	-169.619	78.752	-66.302
4597	N4597	C10	transcript	1	0.2009	63.785	-97.702	126.302
4598	N4598	C17	metabolite	1	0.7521	219.608	-4.870	-64.898
4599	N4599	C29	bridge	3	0.6149	-137.238	61.762	149.040
4600	N4600	C0	protein	1	0.8904	-158.392	-107.997	-36.740
4601	N4601	C9	transcript	2	0.3772	175.562	-255.488	219.507
4602	N4602	C3	metabolite	2	0.0464	12.697	217.188	115.927
4603	N4603	C18	bridge	6	0.6557	-58.788	41.602	83.090
4604	N4604	C32	protein	1	0.3700	168.574	-27.428	-34.613
4605	N4605	C26	transcript	1	0.0180	44.521	-166.421	-36.863
4606	N4606	C21	metabolite	1	0.1936	-174.348	49.248	-14.107
4607	N4607	C24	bridge	1	0.9264	-92.985	-95.327	-55.586
4608	N4608	C0	protein	1	0.2038	-138.365	-142.743	-73.224
4609	N4609	C17	transcript	5	0.5135	147.990	-65.719	-71.551
4610	N4610	C20	metabolite	2	0.0070	38.254	104.711	33.888
4611	N4611	C16	bridge	2	0.7018	148.836	-59.510	210.241
4612	N4612	C5	protein	2	0.7954	-4.667	-31.803	-3.256
4613	N4613	C4	transcript	2	0.5919	94.569	6.688	209.599
4614	N4614	C9	metabolite	1	0.8117	211.391	-219.567	190.861
4615	N4615	C7	bridge	1	0.3856	21.041	14.678	14.044
4616	N4616	C1	protein	1	0.4193	-6.883	-252.682	82.814
4617	N4617	C37	transcript	1	0.8518	-42.793	-7.699	145.873
4618	N4618	C23	metabolite	2	0.6345	170.002	97.448	25.293
4619	N4619	C15	bridge	1	0.3325	-148.812	84.849	-112.459
4620	N4620	C39	protein	1	0.7408	-114.616	-112.357	-149.715
4621	N4621	C15	transcript	1	0.8453	-113.486	70.880	-69.735
4622	N4622	C9	metabolite	1	0.3610	225.350	-274.010	172.721
4623	N4623	C32	bridge	1	0.8013	184.757	-14.919	-65.872
4624	N4624	C9	protein	1	0.7174	265.798	-246.818	173.493
4625	N4625	C8	transcript	1	0.0189	47.897	-54.071	-54.773
4626	N4626	C14	metabolite	5	0.4431	-24.231	-15.610	322.300
4627	N4627	C36	bridge	1	0.1338	-3.927	-33.264	181.410
4628	N4628	C26	protein	2	0.3561	-49.874	6.310	21.998
4629	N4629	C39	transcript	1	0.9109	-44.782	-120.875	-110.903
4630	N4630	C31	metabolite	1	0.4214	-66.979	-352.353	89.604
4631	N4631	C19	bridge	1	0.8509	102.373	49.115	-153.084
4632	N4632	C11	protein	5	0.7338	-19.893	-9.531	12.365
4633	N4633	C9	transcript	2	0.4110	242.542	-255.505	173.286
4634	N4634	C16	metabolite	1	0.5929	145.627	-70.967	157.793
4635	N4635	C11	bridge	1	0.3583	85.601	-68.088	-13.027
4636	N4636	C13	protein	2	0.8196	-118.382	-106.405	-45.497
4637	N4637	C15	transcript	5	0.5667	-99.239	23.250	-76.793
4638	N4638	C14	metabolite	1	0.9791	-124.719	-86.539	354.440
4639	N4639	C12	bridge	1	0.2372	112.781	50.960	127.531
4640	N4640	C24	protein	1	0.8248	-77.009	-69.889	-94.392
4641	N4641	C27	transcript	3	0.8148	-16.677	77.478	95.269
4642	N4642	C26	metabolite	1	0.3153	-3.819	-150.604	57.162
4643	N4643	C25	bridge	1	0.0315	-61.708	-127.757	-127.935
4644	N4644	C10	protein	4	0.8457	14.623	-91.733	174.897
4645	N4645	C23	transcript	1	0.6019	82.392	11.901	-33.088
4646	N4646	C6	metabolite	1	0.3889	59.232	-158.522	-36.566
4647	N4647	C29	bridge	5	0.1507	-176.429	55.966	84.649
4648	N4648	C28	protein	1	0.7712	4.426	-139.543	154.116
4649	N4649	C39	transcript	1	0.2791	7.259	-121.787	-153.573
4650	N4650	C38	metabolite	2	0.7997	-158.559	14.204	23.892
4651	N4651	C9	bridge	3	0.4776	269.634	-254.946	181.124
4652	N4652	C13	protein	2	0.8650	-1.395	-82.053	-20.382
4653	N4653	C19	transcript	1	0.5860	33.296	75.235	-180.563
4654	N4654	C8	metabolite	10	0.5134	-0.950	-53.118	-75.473
4655	N4655	C17	bridge	3	0.6562	166.749	-53.103	-52.195
4656	N4656	C38	protein	1	0.0983	-2.229	-23.672	-7.113
4657	N4657	C0	transcript	1	0.9364	-144.670	-103.233	-113.061
4658	N4658	C7	metabolite	1	0.7305	-22.549	154.618	90.331
4659	N4659	C21	bridge	1	0.4842	-143.322	103.910	-77.496
4660	N4660	C6	protein	1	0.0100	59.538	-109.465	-92.282
4661	N4661	C15	transcript	6	0.4071	-132.892	44.628	-104.401
4662	N4662	C12	metabolite	1	0.3394	42.076	61.857	117.489
4663	N4663	C16	bridge	1	0.3160	203.518	5.201	143.125
4664	N4664	C39	protein	1	0.0531	-62.549	-140.964	-168.140
4665	N4665	C29	transcript	1	0.5676	-116.513	-18.596	152.398
4666	N4666	C37	metabolite	15	0.2345	-107.345	-1.441	92.850
4667	N4667	C21	bridge	1	0.6278	-174.811	76.245	-67.702
4668	N4668	C24	protein	33	0.3673	-119.953	-31.340	-73.331
4669	N4669	C16	transcript	1	0.9412	123.993	-57.153	178.096
4670	N4670	C10	metabolite	1	0.0137	-9.346	-172.269	151.301
4671	N4671	C4	bridge	2	0.3492	70.028	-49.440	169.977
4672	N4672	C8	protein	1	0.4050	9.657	-22.446	0.574
4673	N4673	C29	transcript	3	0.1366	-257.698	-2.346	-7.254
4674	N4674	C4	metabolite	1	0.9581	59.761	81.277	155.466
4675	N4675	C19	bridge	1	0.5231	92.130	132.704	-163.453
4676	N4676	C3	protein	1	0.7879	-15.921	238.850	153.950
4677	N4677	C36	transcript	1	0.4594	-2.223	2.026	199.838
4678	N4678	C22	metabolite	1	0.9395	-20.289	173.071	101.441
4679	N4679	C11	bridge	5	0.0100	-84.208	-20.876	112.827
4680	N4680	C30	protein	4	0.1424	-238.255	-49.998	33.720
4681	N4681	C13	transcript	1	0.6413	-219.702	-47.115	-30.003
4682	N4682	C1	metabolite	1	0.5400	-85.981	-219.366	8.236
4683	N4683	C13	bridge	1	0.8879	-62.922	-149.301	74.406
4684	N4684	C20	protein	7	0.3801	-7.892	158.353	62.181
4685	N4685	C13	transcript	1	0.7687	-11.229	-146.312	-30.378
4686	N4686	C37	metabolite	1	0.6025	35.677	-8.516	146.228
4687	N4687	C3	bridge	2	0.3414	-33.097	201.318	136.640
4688	N4688	C0	protein	3	0.7220	-110.206	-109.440	-33.468
4689	N4689	C36	transcript	3	0.9024	85.791	-6.908	231.593
4690	N4690	C12	metabolite	1	0.7881	76.857	84.351	159.571
4691	N4691	C8	bridge	1	0.0632	-37.713	-3.371	-101.326
4692	N4692	C0	protein	2	0.6713	-145.661	-89.246	-28.105
4693	N4693	C7	transcript	1	0.9446	21.133	100.763	48.330
4694	N4694	C12	metabolite	2	0.2528	84.252	61.565	101.146
4695	N4695	C20	bridge	1	0.9879	37.002	30.465	96.034
4696	N4696	C21	protein	1	0.6728	-178.353	116.581	-35.148
4697	N4697	C39	transcript	2	0.4887	-63.291	-123.292	-124.054
4698	N4698	C21	metabolite	1	0.4144	-157.004	40.665	-25.524
4699	N4699	C1	bridge	1	0.5242	-19.719	-323.223	35.656
4700	N4700	C26	protein	3	0.9273	-54.321	-90.623	18.404
4701	N4701	C22	transcript	1	0.7519	-3.449	87.303	59.884
4702	N4702	C26	metabolite	1	0.8351	-0.903	-16.254	100.477
4703	N4703	C33	bridge	1	0.1524	189.292	-214.347	165.316
4704	N4704	C36	protein	2	0.1639	-8.414	-28.636	241.409
4705	N4705	C8	transcript	1	0.3271	-20.439	-77.077	-109.135
4706	N4706	C38	metabolite	3	0.9862	-37.109	31.202	-83.299
4707	N4707	C8	bridge	1	0.6027	48.055	78.852	-41.533
4708	N4708	C25	protein	1	0.8688	-96.044	-58.797	-122.873
4709	N4709	C14	transcript	1	0.1952	-75.483	-146.414	284.098
4710	N4710	C23	metabolite	1	0.3572	91.446	106.551	-110.784
4711	N4711	C33	bridge	1	0.9200	218.880	-124.722	112.080
4712	N4712	C36	protein	1	0.3328	20.944	-51.982	233.317
4713	N4713	C27	transcript	2	0.3048	5.958	93.447	66.543
4714	N4714	C33	metabolite	1	0.3804	153.177	-145.493	95.946
4715	N4715	C1	bridge	4	0.3311	-106.675	-160.248	65.708
4716	N4716	C34	protein	1	0.0391	-57.201	114.328	-147.491
4717	N4717	C17	transcript	1	0.0568	68.182	-9.351	-14.130
4718	N4718	C4	metabolite	1	0.0310	91.277	28.173	145.621
4719	N4719	C1	bridge	1	0.8520	1.516	-255.002	15.079
4720	N4720	C1	protein	1	0.5513	-100.520	-228.524	38.963
4721	N4721	C6	transcript	1	0.0990	81.851	-130.861	-93.286
4722	N4722	C22	metabolite	1	0.2469	-45.518	186.758	113.907
4723	N4723	C24	bridge	136	0.1645	-93.547	-28.822	-80.702
4724	N4724	C13	protein	1	0.3936	-130.865	-103.177	-0.390
4725	N4725	C12	transcript	1	0.9582	68.966	70.342	157.043
4726	N4726	C15	metabolite	2	0.2777	-105.892	51.042	-77.682
4727	N4727	C26	bridge	1	0.3755	-40.063	-83.537	-76.489
4728	N4728	C37	protein	2	0.1923	-11.117	-0.386	144.455
4729	N4729	C4	transcript	1	0.1336	147.915	28.839	147.210
4730	N4730	C29	metabolite	5	0.6360	-246.019	6.118	109.454
4731	N4731	C35	bridge	1	0.6548	-234.287	62.300	-86.883
4732	N4732	C7	protein	2	0.0673	-13.551	195.118	82.240
4733	N4733	C29	transcript	2	0.8797	-157.180	81.713	135.734
4734	N4734	C32	metabolite	3	0.4978	199.603	108.550	-144.175
4735	N4735	C29	bridge	1	0.2910	-175.896	188.615	61.679
4736	N4736	C24	protein	1	0.0486	-107.452	-90.047	-54.415
4737	N4737	C16	transcript	5	0.7570	247.313	-6.295	119.559
4738	N4738	C24	metabolite	1	0.6322	-137.861	-11.613	-67.762
4739	N4739	C21	bridge	1	0.6391	-191.609	84.851	-39.340
4740	N4740	C9	protein	2	0.2204	227.578	-242.890	172.639
4741	N4741	C33	transcript	1	0.5469	209.298	-180.597	134.971
4742	N4742	C7	metabolite	2	0.1513	-47.233	189.008	26.571
4743	N4743	C7	bridge	3	0.5253	-15.083	89.635	-18.298
4744	N4744	C14	protein	2	0.3298	-160.875	-20.892	339.587
4745	N4745	C7	transcript	1	0.5028	13.773	170.081	23.966
4746	N4746	C22	metabolite	23	0.1579	-28.187	131.499	109.268
4747	N4747	C25	bridge	1	0.6330	-91.935	-140.839	-126.812
4748	N4748	C16	protein	1	0.9341	187.464	-64.207	95.606
4749	N4749	C24	transcript	1	0.4422	-123.809	-32.923	-68.861
4750	N4750	C18	metabolite	1	0.9003	-105.836	29.752	144.375
4751	N4751	C15	bridge	1	0.4240	-191.233	61.357	-90.326
4752	N4752	C21	protein	4	0.2538	-197.817	120.208	-50.671
4753	N4753	C4	transcript	1	0.0674	50.864	-6.468	157.273
4754	N4754	C13	metabolite	1	0.7780	-173.170	-116.665	-8.001
4755	N4755	C15	bridge	3	0.8710	-114.884	112.742	-14.030
4756	N4756	C31	protein	1	0.7714	-136.937	-390.041	125.019
4757	N4757	C39	transcript	3	0.4233	-41.680	-138.440	-138.843
4758	N4758	C38	metabolite	3	0.2938	-181.341	39.105	9.594
4759	N4759	C12	bridge	1	0.5004	33.768	42.821	98.773
4760	N4760	C7	protein	1	0.3519	-68.441	127.632	-7.051
4761	N4761	C0	transcript	1	0.4316	-120.318	-139.348	-130.436
4762	N4762	C23	metabolite	1	0.8776	114.417	113.265	-28.622
4763	N4763	C4	bridge	1	0.0212	155.458	44.518	123.898
4764	N4764	C7	protein	1	0.4483	-0.791	99.293	13.005
4765	N4765	C7	transcript	1	0.2957	-29.140	133.296	137.363
4766	N4766	C20	metabolite	1	0.4492	-5.122	149.713	132.949
4767	N4767	C33	bridge	1	0.0575	228.217	-166.645	127.533
4768	N4768	C19	protein	2	0.2052	50.511	144.078	-194.841
4769	N4769	C0	transcript	1	0.4324	-138.050	-125.505	-57.830
4770	N4770	C15	metabolite	1	0.6915	-92.585	94.865	-29.471
4771	N4771	C24	bridge	1	0.7726	-122.887	-29.007	-31.039
4772	N4772	C39	protein	3	0.1704	-49.336	-148.391	-155.253
4773	N4773	C37	transcript	1	0.4555	26.873	-41.360	42.670
4774	N4774	C36	metabolite	6	0.3775	-17.939	-22.572	217.411
4775	N4775	C26	bridge	1	0.9140	-16.159	-27.912	-4.667
4776	N4776	C16	protein	3	0.1460	208.255	4.214	129.097
4777	N4777	C25	transcript	1	0.8974	-157.566	-84.286	-193.894
4778	N4778	C3	metabolite	2	0.8885	-32.021	217.170	149.908
4779	N4779	C6	bridge	1	0.2350	31.975	-93.850	-45.607
4780	N4780	C39	protein	2	0.3699	-5.855	-188.309	-79.931
4781	N4781	C1	transcript	1	0.1854	41.035	-211.169	38.573
4782	N4782	C7	metabolite	3	0.7304	-43.257	118.372	-20.735
4783	N4783	C22	bridge	1	0.5240	-34.970	48.465	21.122
4784	N4784	C18	protein	1	0.6369	-48.891	47.517	157.141
4785	N4785	C11	transcript	1	0.4312	-8.303	-29.355	69.772
4786	N4786	C33	metabolite	4	0.1301	174.228	-161.512	132.612
4787	N4787	C14	bridge	2	0.7846	-56.129	-108.592	349.539
4788	N4788	C16	protein	1	0.7898	146.515	-52.834	111.445
4789	N4789	C4	transcript	1	0.7053	92.039	37.669	162.810
4790	N4790	C12	metabolite	1	0.5785	55.216	42.024	156.894
4791	N4791	C13	bridge	1	0.2064	-97.049	-100.368	-69.885
4792	N4792	C15	protein	1	0.5764	-101.475	120.690	-58.796
4793	N4793	C36	transcript	1	0.3095	6.614	-7.582	164.151
4794	N4794	C18	metabolite	2	0.0891	-35.838	39.314	102.577
4795	N4795	C5	bridge	1	0.8774	37.135	7.334	-130.267
4796	N4796	C10	protein	1	0.5823	80.245	-144.867	172.014
4797	N4797	C29	transcript	2	0.2050	-219.163	140.526	119.797
4798	N4798	C22	metabolite	1	0.9742	-69.143	147.001	91.822
4799	N4799	C3	bridge	1	0.3252	22.521	226.088	132.517
4800	N4800	C9	protein	1	0.1349	259.675	-278.206	214.499
4801	N4801	C27	transcript	3	0.6553	-45.350	80.517	139.187
4802	N4802	C12	metabolite	1	0.5043	58.390	58.353	59.497
4803	N4803	C33	bridge	1	0.1882	174.149	-132.458	140.222
4804	N4804	C29	protein	4	0.9185	-241.110	97.221	39.193
4805	N4805	C23	transcript	1	0.0300	63.168	132.994	-21.319
4806	N4806	C6	metabolite	4	0.3633	5.075	-119.370	-22.065
4807	N4807	C2	bridge	1	0.9020	-104.776	29.460	-159.532
4808	N4808	C23	protein	1	0.7676	87.188	-5.068	-60.501
4809	N4809	C2	transcript	1	0.4681	-115.894	-31.119	-201.695
4810	N4810	C14	metabolite	1	0.2949	-27.376	23.553	355.415
4811	N4811	C25	bridge	1	0.3810	-58.502	-110.028	-137.328
4812	N4812	C29	protein	1	0.4383	-244.633	13.517	113.201
4813	N4813	C10	transcript	1	0.1251	20.901	-142.896	163.520
4814	N4814	C39	metabolite	1	0.0539	-45.894	-123.073	-100.059
4815	N4815	C30	bridge	1	0.1194	-301.075	-33.780	48.845
4816	N4816	C30	protein	1	0.9803	-191.332	-4.616	36.698
4817	N4817	C24	transcript	1	0.5383	-102.124	-74.929	-49.726
4818	N4818	C11	metabolite	1	0.0977	-1.444	-132.348	-5.419
4819	N4819	C16	bridge	1	0.0790	196.492	-143.551	148.976
4820	N4820	C30	protein	1	0.8902	-251.775	-112.282	58.240
4821	N4821	C3	transcript	10	0.0510	-45.055	211.268	149.412
4822	N4822	C4	metabolite	1	0.9455	46.972	-38.992	126.614
4823	N4823	C17	bridge	1	0.0580	121.723	-89.003	-215.521
4824	N4824	C33	protein	1	0.2121	234.811	-127.567	102.128
4825	N4825	C9	transcript	1	0.1143	248.856	-277.955	168.109
4826	N4826	C15	metabolite	4	0.3868	-159.983	78.950	14.152
4827	N4827	C2	bridge	2	0.2771	-109.503	-105.070	-125.859
4828	N4828	C34	protein	5	0.2102	-133.419	86.757	-142.476
4829	N4829	C14	transcript	1	0.1669	-71.044	-113.073	269.055
4830	N4830	C37	metabolite	1	0.2186	-34.470	-9.505	82.606
4831	N4831	C11	bridge	2	0.6321	38.792	-160.814	75.811
4832	N4832	C14	protein	3	0.2232	-58.912	-82.172	262.176
4833	N4833	C21	transcript	1	0.5158	-151.047	11.775	-97.150
4834	N4834	C29	metabolite	1	0.1443	-32.825	60.984	32.884
4835	N4835	C30	bridge	1	0.8998	-272.643	-39.258	42.761
4836	N4836	C13	protein	1	0.9552	-131.913	-104.063	-60.447
4837	N4837	C31	transcript	1	0.2347	-76.177	-397.111	173.074
4838	N4838	C22	metabolite	2	0.0471	-11.146	152.258	59.789
4839	N4839	C19	bridge	1	0.1199	89.211	87.029	-158.576
4840	N4840	C19	protein	1	0.7974	61.519	38.622	-158.564
4841	N4841	C6	transcript	4	0.4715	93.787	-132.844	-52.316
4842	N4842	C2	metabolite	1	0.0075	24.520	-25.331	-121.748
4843	N4843	C7	bridge	1	0.2935	-60.930	167.361	47.040
4844	N4844	C34	protein	2	0.1954	-141.429	92.243	-130.436
4845	N4845	C35	transcript	2	0.7805	-158.723	49.999	-61.113
4846	N4846	C33	metabolite	1	0.0826	217.753	-128.199	65.356
4847	N4847	C21	bridge	1	0.6882	-173.256	62.159	-29.077
4848	N4848	C32	protein	1	0.9080	173.244	39.152	-108.865
4849	N4849	C8	transcript	2	0.1249	42.483	-22.260	-35.305
4850	N4850	C19	metabolite	1	0.9588	33.222	74.566	-180.670
4851	N4851	C39	bridge	1	0.2450	-8.250	-154.892	-189.278
4852	N4852	C38	protein	1	0.5511	-89.741	-70.355	-47.813
4853	N4853	C14	transcript	4	0.0807	-140.344	-101.376	304.487
4854	N4854	C29	metabolite	1	0.7579	-178.355	-3.740	133.499
4855	N4855	C17	bridge	1	0.8169	149.305	15.900	-99.123
4856	N4856	C9	protein	1	0.2141	255.226	-248.938	141.074
4857	N4857	C23	transcript	3	0.2634	160.689	83.878	51.950
4858	N4858	C24	metabolite	2	0.5232	-111.701	-72.623	-104.430
4859	N4859	C24	bridge	1	0.6449	-114.178	-23.028	-55.186
4860	N4860	C36	protein	1	0.8103	-29.267	20.554	159.298
4861	N4861	C2	transcript	2	0.9749	-154.730	-83.073	-184.024
4862	N4862	C5	metabolite	3	0.2171	31.933	34.593	-63.803
4863	N4863	C12	bridge	1	0.2619	42.353	75.110	155.607
4864	N4864	C13	protein	3	0.5956	-139.042	-117.743	40.113
4865	N4865	C28	transcript	2	0.6277	43.806	-117.120	148.117
4866	N4866	C34	metabolite	1	0.4536	-66.248	6.852	-74.916
4867	N4867	C21	bridge	9	0.7546	-126.306	95.590	-45.803
4868	N4868	C10	protein	4	0.1730	42.760	-128.923	151.516
4869	N4869	C27	transcript	2	0.6984	-24.754	56.840	42.419
4870	N4870	C0	metabolite	1	0.5144	-153.365	-100.419	-42.906
4871	N4871	C16	bridge	1	0.4551	151.762	-27.968	173.635
4872	N4872	C33	protein	2	0.3341	218.713	-149.205	147.534
4873	N4873	C39	transcript	1	0.2816	-39.267	-120.193	-131.060
4874	N4874	C7	metabolite	1	0.2965	1.085	94.031	26.078
4875	N4875	C8	bridge	1	0.7877	1.079	-32.468	18.324
4876	N4876	C18	protein	1	0.6431	-82.683	72.415	111.269
4877	N4877	C36	transcript	1	0.7340	30.452	-12.537	234.592
4878	N4878	C13	metabolite	1	0.8890	-105.149	-122.652	-56.603
4879	N4879	C10	bridge	1	0.3040	-11.753	-72.061	109.915
4880	N4880	C2	protein	1	0.4973	-108.385	34.136	-124.402
4881	N4881	C5	transcript	1	0.9877	18.299	42.765	-118.543
4882	N4882	C16	metabolite	1	0.4065	161.051	-99.901	126.132
4883	N4883	C25	bridge	1	0.9537	-158.150	-57.031	-134.636
4884	N4884	C38	protein	2	0.7877	-255.435	8.031	78.278
4885	N4885	C35	transcript	2	0.9890	-49.940	129.220	-32.151
4886	N4886	C8	metabolite	1	0.0447	-161.653	-38.163	0.787
4887	N4887	C18	bridge	1	0.6888	-6.672	22.639	171.932
4888	N4888	C1	protein	1	0.6181	-64.728	-258.986	73.495
4889	N4889	C36	transcript	2	0.7131	1.245	20.909	232.466
4890	N4890	C5	metabolite	3	0.7322	15.089	156.961	-163.772
4891	N4891	C39	bridge	1	0.8213	-34.381	-137.212	-130.697
4892	N4892	C12	protein	1	0.9422	37.909	50.461	152.435
4893	N4893	C13	transcript	1	0.5795	-160.911	-76.339	-50.168
4894	N4894	C5	metabolite	4	0.1957	135.645	19.929	-151.353
4895	N4895	C16	bridge	6	0.3377	142.320	-2.047	101.466
4896	N4896	C18	protein	1	0.8819	-39.726	19.489	98.021
4897	N4897	C18	transcript	19	0.8694	-67.698	22.951	141.906
4898	N4898	C11	metabolite	1	0.6279	9.612	-16.028	138.468
4899	N4899	C36	bridge	1	0.6523	55.119	-6.059	190.736
4900	N4900	C38	protein	2	0.8900	-110.988	-41.651	124.119
4901	N4901	C33	transcript	2	0.1378	195.433	-167.799	125.363
4902	N4902	C25	metabolite	31	0.3749	-65.732	-104.985	-156.594
4903	N4903	C17	bridge	1	0.4734	179.126	-87.168	-67.129
4904	N4904	C5	protein	1	0.0277	44.248	138.931	-30.284
4905	N4905	C36	transcript	3	0.1674	-19.807	-21.474	173.039
4906	N4906	C35	metabolite	1	0.0554	-282.716	34.344	-51.513
4907	N4907	C27	bridge	4	0.6671	48.968	46.000	118.433
4908	N4908	C15	protein	1	0.0200	-109.002	108.458	-83.371
4909	N4909	C9	transcript	2	0.5916	250.452	-274.440	197.171
4910	N4910	C17	metabolite	9	0.9288	91.885	-29.592	-16.873
4911	N4911	C29	bridge	1	0.8882	-238.553	102.900	126.598
4912	N4912	C23	protein	1	0.9498	124.610	92.624	-8.175
4913	N4913	C36	transcript	3	0.0711	3.352	-62.337	189.940
4914	N4914	C30	metabolite	1	0.4400	-241.287	-53.045	44.687
4915	N4915	C18	bridge	17	0.7881	-49.314	36.352	123.678
4916	N4916	C25	protein	1	0.1703	-48.365	-109.176	-133.871
4917	N4917	C20	transcript	1	0.4479	-83.852	83.361	201.612
4918	N4918	C11	metabolite	1	0.4540	3.867	-100.489	82.783
4919	N4919	C23	bridge	1	0.7823	136.839	38.564	-116.527
4920	N4920	C29	protein	2	0.7224	-166.050	-25.084	98.094
4921	N4921	C17	transcript	1	0.8746	131.291	-29.142	-109.155
4922	N4922	C17	metabolite	1	0.2953	160.824	-89.494	-44.625
4923	N4923	C16	bridge	1	0.1826	185.101	-25.554	100.739
4924	N4924	C21	protein	1	0.8068	-159.236	59.810	-32.169
4925	N4925	C23	transcript	1	0.9638	151.570	42.731	-92.928
4926	N4926	C19	metabolite	1	0.4924	6.017	3.208	-109.282
4927	N4927	C21	bridge	1	0.2919	-144.921	34.183	-15.955
4928	N4928	C14	protein	1	0.7595	-49.560	-29.475	341.982
4929	N4929	C31	transcript	1	0.4919	-85.962	-420.110	138.474
4930	N4930	C17	metabolite	2	0.1383	208.262	-119.532	-72.639
4931	N4931	C9	bridge	2	0.3737	193.725	-254.201	155.476
4932	N4932	C20	protein	5	0.9371	-74.771	143.349	12.875
4933	N4933	C12	transcript	4	0.1767	82.530	55.664	76.627
4934	N4934	C36	metabolite	1	0.7601	57.730	-50.645	185.811
4935	N4935	C21	bridge	1	0.6763	-178.920	81.659	-48.356
4936	N4936	C6	protein	4	0.9560	-0.429	-133.792	-67.153
4937	N4937	C31	transcript	4	0.0254	-145.055	-332.310	220.912
4938	N4938	C5	metabolite	6	0.0428	-17.879	77.333	-109.446
4939	N4939	C25	bridge	2	0.9666	-103.044	-97.594	-95.830
4940	N4940	C11	protein	1	0.4029	59.488	-47.178	127.945
4941	N4941	C35	transcript	1	0.1696	-123.904	64.373	-6.516
4942	N4942	C24	metabolite	1	0.1735	-89.155	-42.920	-47.024
4943	N4943	C0	bridge	1	0.1955	-118.257	-64.259	-55.908
4944	N4944	C4	protein	4	0.3471	73.416	18.993	95.542
4945	N4945	C32	transcript	1	0.8834	168.051	-51.100	-92.392
4946	N4946	C27	metabolite	4	0.0613	-64.019	73.935	67.878
4947	N4947	C7	bridge	2	0.4739	-50.567	214.907	41.321
4948	N4948	C30	protein	1	0.4030	-210.874	-42.350	61.350
4949	N4949	C15	transcript	2	0.2242	-152.994	57.075	-33.493
4950	N4950	C13	metabolite	1	0.1378	-93.904	-106.456	-73.148
4951	N4951	C14	bridge	1	0.3584	-71.968	-118.761	366.783
4952	N4952	C32	protein	1	0.1463	226.977	150.651	-43.308
4953	N4953	C8	transcript	1	0.9408	-87.905	-72.208	85.944
4954	N4954	C7	metabolite	3	0.9421	-31.426	123.174	37.598
4955	N4955	C34	bridge	2	0.2753	-108.076	69.666	-119.063
4956	N4956	C37	protein	1	0.9777	32.557	-1.542	-0.417
4957	N4957	C15	transcript	1	0.2949	-113.445	61.498	-64.571
4958	N4958	C39	metabolite	2	0.7823	-32.605	-115.631	-157.206
4959	N4959	C6	bridge	3	0.5550	73.448	-111.847	-51.838
4960	N4960	C13	protein	2	0.8962	-97.421	-77.446	46.095
4961	N4961	C31	transcript	7	0.1091	-154.922	-437.267	158.441
4962	N4962	C12	metabolite	1	0.5300	33.969	99.137	153.641
4963	N4963	C28	bridge	2	0.6587	19.965	-144.970	170.188
4964	N4964	C1	protein	1	0.0989	-130.813	-229.439	-22.964
4965	N4965	C3	transcript	5	0.9046	-13.731	224.982	140.370
4966	N4966	C4	metabolite	1	0.2067	73.920	61.199	202.285
4967	N4967	C23	bridge	5	0.5825	223.167	-55.407	-28.091
4968	N4968	C1	protein	3	0.5660	-67.880	-215.427	75.760
4969	N4969	C3	transcript	6	0.8072	6.268	237.115	138.258
4970	N4970	C24	metabolite	7	0.2941	-82.529	-53.655	-67.079
4971	N4971	C4	bridge	4	0.1068	57.900	29.125	147.292
4972	N4972	C2	protein	1	0.7812	-94.568	-86.031	-128.963
4973	N4973	C37	transcript	1	0.0017	39.895	-4.508	113.101
4974	N4974	C34	metabolite	11	0.2765	-160.640	113.980	-128.037
4975	N4975	C20	bridge	1	0.3084	-13.584	132.922	76.743
4976	N4976	C34	protein	1	0.9807	-71.024	144.445	-174.045
4977	N4977	C31	transcript	1	0.8845	-140.505	-401.340	180.771
4978	N4978	C34	metabolite	1	0.8292	-100.400	112.572	-125.998
4979	N4979	C10	bridge	2	0.9449	106.540	-126.084	169.456
4980	N4980	C8	protein	1	0.2401	-18.041	1.709	-61.768
4981	N4981	C6	transcript	17	0.1902	-11.406	-143.517	-33.725
4982	N4982	C9	metabolite	1	0.9346	232.691	-322.234	164.350
4983	N4983	C19	bridge	1	0.8733	82.108	104.986	-200.333
4984	N4984	C4	protein	2	0.3415	85.820	88.457	138.122
4985	N4985	C28	transcript	1	0.5785	45.909	-146.156	165.003
4986	N4986	C28	metabolite	1	0.3478	53.929	-115.493	185.101
4987	N4987	C3	bridge	1	0.1595	4.156	179.024	139.647
4988	N4988	C28	protein	3	0.9626	3.207	-135.355	226.905
4989	N4989	C18	transcript	1	0.1955	3.711	8.205	66.874
4990	N4990	C25	metabolite	1	0.8019	-124.554	-25.841	-107.695
4991	N4991	C26	bridge	2	0.2100	33.154	-81.368	78.805
4992	N4992	C34	protein	1	0.8373	-106.633	154.074	-192.955
4993	N4993	C39	transcript	1	0.7456	-109.870	-166.627	-142.485
4994	N4994	C28	metabolite	1	0.5282	59.733	-80.625	199.543
4995	N4995	C6	bridge	1	0.2884	-6.798	-115.751	-13.741
4996	N4996	C36	protein	1	0.3195	25.110	18.045	203.080
4997	N4997	C1	transcript	1	0.7988	14.547	-180.929	120.145
4998	N4998	C23	metabolite	1	0.3001	151.938	56.242	-19.151
4999	N4999	C25	bridge	1	0.4453	-172.384	-124.417	-79.049
