source	target	edge_type_c	type_simple_c	edge_type_agg_c	test
0	486	protein-transcript	proteinprotein	protein-transcript
0	230	transcript-transcript	proteinprotein	transcript-transcript
0	48	transcript-transcript	proteinprotein	transcript-transcript
0	889	transcript-transcript	proteinprotein	transcript-transcript
0	644	transcript-transcript	proteinprotein	transcript-transcript
0	784	transcript-transcript	proteinprotein	transcript-transcript
0	303	transcript-transcript	proteinprotein	transcript-transcript
0	238	transcript-transcript	proteinprotein	transcript-transcript
0	566	protein-transcript	proteinprotein	protein-transcript
0	326	transcript-transcript	proteinprotein	transcript-transcript
0	688	transcript-transcript	proteinprotein	transcript-transcript
0	802	transcript-transcript	proteinprotein	transcript-transcript
1	682	bridge-bridge	proteinprotein	bridge-bridge
2	427	metabolite-metabolite	metabolitemetabolite	metabolite-metabolite
2	839	metabolite-metabolite	metabolitemetabolite	metabolite-metabolite
2	95	metabolite-metabolite	metabolitemetabolite	metabolite-metabolite
2	10	metabolite-metabolite	metabolitemetabolite	metabolite-metabolite
2	490	metabolite-metabolite	metabolitemetabolite	metabolite-metabolite
2	766	metabolite-metabolite	metabolitemetabolite	metabolite-metabolite
2	341	metabolite-metabolite	metabolitemetabolite	metabolite-metabolite
2	339	metabolite-metabolite	metabolitemetabolite	metabolite-metabolite
3	715	metabolite-metabolite	metabolitemetabolite	metabolite-metabolite
4	480	transcript-transcript	proteinprotein	transcript-transcript
4	705	transcript-transcript	proteinprotein	transcript-transcript
4	500	transcript-transcript	proteinprotein	transcript-transcript
6	775	bridge-bridge	proteinprotein	bridge-bridge
7	657	transcript-bridge	proteinprotein	bridge-transcript
8	56	metabolite-metabolite	metabolitemetabolite	metabolite-metabolite
9	831	protein-bridge	proteinprotein	bridge-protein
9	551	bridge-bridge	proteinprotein	bridge-bridge
10	95	metabolite-metabolite	metabolitemetabolite	metabolite-metabolite
10	66	metabolite-metabolite	metabolitemetabolite	metabolite-metabolite
10	847	metabolite-metabolite	metabolitemetabolite	metabolite-metabolite
10	603	metabolite-metabolite	metabolitemetabolite	metabolite-metabolite
10	83	metabolite-metabolite	metabolitemetabolite	metabolite-metabolite
12	845	transcript-transcript	proteinprotein	transcript-transcript
12	76	transcript-transcript	proteinprotein	transcript-transcript
12	758	transcript-transcript	proteinprotein	transcript-transcript
12	86	transcript-transcript	proteinprotein	transcript-transcript
12	18	transcript-transcript	proteinprotein	transcript-transcript
13	573	protein-bridge	proteinprotein	bridge-protein
14	37	transcript-transcript	proteinprotein	transcript-transcript
15	449	protein-protein	proteinprotein	protein-protein
15	694	protein-protein	proteinprotein	protein-protein
15	61	protein-protein	proteinprotein	protein-protein
15	211	protein-protein	proteinprotein	protein-protein
16	81	protein-transcript	proteinprotein	protein-transcript
16	863	protein-transcript	proteinprotein	protein-transcript
16	508	protein-transcript	proteinprotein	protein-transcript
16	604	protein-transcript	proteinprotein	protein-transcript
16	799	protein-transcript	proteinprotein	protein-transcript
16	512	protein-transcript	proteinprotein	protein-transcript
16	149	protein-transcript	proteinprotein	protein-transcript
16	843	protein-transcript	proteinprotein	protein-transcript
17	715	metabolite-metabolite	metabolitemetabolite	metabolite-metabolite
17	299	metabolite-metabolite	metabolitemetabolite	metabolite-metabolite
17	52	metabolite-metabolite	metabolitemetabolite	metabolite-metabolite
17	286	metabolite-metabolite	metabolitemetabolite	metabolite-metabolite
17	122	metabolite-metabolite	metabolitemetabolite	metabolite-metabolite
18	244	transcript-transcript	proteinprotein	transcript-transcript
18	470	transcript-transcript	proteinprotein	transcript-transcript
18	480	transcript-transcript	proteinprotein	transcript-transcript
18	845	transcript-transcript	proteinprotein	transcript-transcript
18	71	transcript-transcript	proteinprotein	transcript-transcript
18	880	transcript-transcript	proteinprotein	transcript-transcript
18	788	transcript-transcript	proteinprotein	transcript-transcript
18	412	transcript-transcript	proteinprotein	transcript-transcript
19	252	protein-bridge	proteinprotein	bridge-protein
19	309	protein-bridge	proteinprotein	bridge-protein
19	90	protein-bridge	proteinprotein	bridge-protein
19	727	bridge-bridge	proteinprotein	bridge-bridge
20	464	protein-protein	proteinprotein	protein-protein
20	690	protein-protein	proteinprotein	protein-protein
20	881	protein-protein	proteinprotein	protein-protein
20	536	protein-protein	proteinprotein	protein-protein
20	355	protein-protein	proteinprotein	protein-protein
20	515	protein-protein	proteinprotein	protein-protein
20	579	protein-protein	proteinprotein	protein-protein
20	803	protein-transcript	proteinprotein	protein-transcript
20	860	protein-protein	proteinprotein	protein-protein
20	626	protein-protein	proteinprotein	protein-protein
20	787	protein-protein	proteinprotein	protein-protein
20	213	protein-protein	proteinprotein	protein-protein
20	128	protein-protein	proteinprotein	protein-protein
20	838	protein-protein	proteinprotein	protein-protein
20	573	protein-protein	proteinprotein	protein-protein
21	715	metabolite-metabolite	metabolitemetabolite	metabolite-metabolite
21	129	metabolite-metabolite	metabolitemetabolite	metabolite-metabolite
21	66	metabolite-metabolite	metabolitemetabolite	metabolite-metabolite
21	23	metabolite-metabolite	metabolitemetabolite	metabolite-metabolite
21	192	metabolite-metabolite	metabolitemetabolite	metabolite-metabolite
22	310	metabolite-metabolite	metabolitemetabolite	metabolite-metabolite
22	100	metabolite-metabolite	metabolitemetabolite	metabolite-metabolite
22	131	metabolite-metabolite	metabolitemetabolite	metabolite-metabolite
23	561	metabolite-metabolite	metabolitemetabolite	metabolite-metabolite
23	625	metabolite-metabolite	metabolitemetabolite	metabolite-metabolite
23	638	metabolite-metabolite	metabolitemetabolite	metabolite-metabolite
25	123	metabolite-metabolite	metabolitemetabolite	metabolite-metabolite
26	299	metabolite-metabolite	metabolitemetabolite	metabolite-metabolite
26	814	metabolite-metabolite	metabolitemetabolite	metabolite-metabolite
27	91	protein-protein	proteinprotein	protein-protein
27	727	protein-bridge	proteinprotein	bridge-protein
28	299	metabolite-metabolite	metabolitemetabolite	metabolite-metabolite
28	743	metabolite-metabolite	metabolitemetabolite	metabolite-metabolite
29	514	protein-protein	proteinprotein	protein-protein
29	108	protein-protein	proteinprotein	protein-protein
29	896	protein-bridge	proteinprotein	bridge-protein
30	451	protein-transcript	proteinprotein	protein-transcript
30	431	protein-transcript	proteinprotein	protein-transcript
31	353	protein-transcript	proteinprotein	protein-transcript
33	706	transcript-transcript	proteinprotein	transcript-transcript
33	718	transcript-transcript	proteinprotein	transcript-transcript
33	784	transcript-transcript	proteinprotein	transcript-transcript
33	513	transcript-transcript	proteinprotein	transcript-transcript
35	710	transcript-bridge	proteinprotein	bridge-transcript
35	374	transcript-bridge	proteinprotein	bridge-transcript
36	792	protein-bridge	proteinprotein	bridge-protein
36	639	bridge-bridge	proteinprotein	bridge-bridge
36	130	bridge-bridge	proteinprotein	bridge-bridge
37	589	transcript-transcript	proteinprotein	transcript-transcript
37	662	transcript-transcript	proteinprotein	transcript-transcript
37	735	transcript-transcript	proteinprotein	transcript-transcript
37	868	transcript-transcript	proteinprotein	transcript-transcript
38	287	metabolite-metabolite	metabolitemetabolite	metabolite-metabolite
39	449	protein-protein	proteinprotein	protein-protein
39	459	protein-protein	proteinprotein	protein-protein
39	522	protein-transcript	proteinprotein	protein-transcript
39	58	protein-transcript	proteinprotein	protein-transcript
40	853	transcript-transcript	proteinprotein	transcript-transcript
40	882	transcript-transcript	proteinprotein	transcript-transcript
40	567	transcript-transcript	proteinprotein	transcript-transcript
40	439	protein-transcript	proteinprotein	protein-transcript
40	173	transcript-transcript	proteinprotein	transcript-transcript
41	830	protein-bridge	proteinprotein	bridge-protein
41	147	bridge-bridge	proteinprotein	bridge-bridge
42	715	metabolite-metabolite	metabolitemetabolite	metabolite-metabolite
42	299	metabolite-metabolite	metabolitemetabolite	metabolite-metabolite
42	125	metabolite-metabolite	metabolitemetabolite	metabolite-metabolite
43	490	metabolite-metabolite	metabolitemetabolite	metabolite-metabolite
43	74	metabolite-metabolite	metabolitemetabolite	metabolite-metabolite
44	719	metabolite-metabolite	metabolitemetabolite	metabolite-metabolite
44	273	metabolite-metabolite	metabolitemetabolite	metabolite-metabolite
44	847	metabolite-metabolite	metabolitemetabolite	metabolite-metabolite
44	301	metabolite-metabolite	metabolitemetabolite	metabolite-metabolite
44	520	metabolite-metabolite	metabolitemetabolite	metabolite-metabolite
44	83	metabolite-metabolite	metabolitemetabolite	metabolite-metabolite
45	464	protein-protein	proteinprotein	protein-protein
45	498	protein-protein	proteinprotein	protein-protein
45	872	protein-protein	proteinprotein	protein-protein
45	585	protein-protein	proteinprotein	protein-protein
45	795	protein-protein	proteinprotein	protein-protein
45	167	protein-bridge	proteinprotein	bridge-protein
45	309	protein-protein	proteinprotein	protein-protein
45	121	protein-transcript	proteinprotein	protein-transcript
45	896	protein-bridge	proteinprotein	bridge-protein
46	256	metabolite-metabolite	metabolitemetabolite	metabolite-metabolite
46	483	metabolite-metabolite	metabolitemetabolite	metabolite-metabolite
46	654	metabolite-metabolite	metabolitemetabolite	metabolite-metabolite
48	644	transcript-transcript	proteinprotein	transcript-transcript
48	586	transcript-transcript	proteinprotein	transcript-transcript
48	781	transcript-transcript	proteinprotein	transcript-transcript
48	528	transcript-transcript	proteinprotein	transcript-transcript
48	619	transcript-transcript	proteinprotein	transcript-transcript
48	566	protein-transcript	proteinprotein	protein-transcript
48	326	transcript-transcript	proteinprotein	transcript-transcript
48	556	transcript-transcript	proteinprotein	transcript-transcript
50	56	metabolite-metabolite	metabolitemetabolite	metabolite-metabolite
51	559	transcript-transcript	proteinprotein	transcript-transcript
51	584	transcript-transcript	proteinprotein	transcript-transcript
51	619	transcript-transcript	proteinprotein	transcript-transcript
52	299	metabolite-metabolite	metabolitemetabolite	metabolite-metabolite
54	710	transcript-bridge	proteinprotein	bridge-transcript
54	333	bridge-bridge	proteinprotein	bridge-bridge
55	690	protein-protein	proteinprotein	protein-protein
55	376	protein-protein	proteinprotein	protein-protein
55	91	protein-protein	proteinprotein	protein-protein
55	176	protein-bridge	proteinprotein	bridge-protein
55	563	protein-protein	proteinprotein	protein-protein
55	182	protein-protein	proteinprotein	protein-protein
56	472	metabolite-metabolite	metabolitemetabolite	metabolite-metabolite
56	250	metabolite-metabolite	metabolitemetabolite	metabolite-metabolite
56	716	metabolite-metabolite	metabolitemetabolite	metabolite-metabolite
56	415	metabolite-metabolite	metabolitemetabolite	metabolite-metabolite
56	386	metabolite-metabolite	metabolitemetabolite	metabolite-metabolite
56	66	metabolite-metabolite	metabolitemetabolite	metabolite-metabolite
56	638	metabolite-metabolite	metabolitemetabolite	metabolite-metabolite
56	222	metabolite-metabolite	metabolitemetabolite	metabolite-metabolite
56	561	metabolite-metabolite	metabolitemetabolite	metabolite-metabolite
56	591	metabolite-metabolite	metabolitemetabolite	metabolite-metabolite
56	405	metabolite-metabolite	metabolitemetabolite	metabolite-metabolite
56	599	metabolite-metabolite	metabolitemetabolite	metabolite-metabolite
57	831	protein-protein	proteinprotein	protein-protein
57	657	protein-transcript	proteinprotein	protein-transcript
57	833	protein-protein	proteinprotein	protein-protein
58	462	protein-transcript	proteinprotein	protein-transcript
58	228	protein-transcript	proteinprotein	protein-transcript
58	803	transcript-transcript	proteinprotein	transcript-transcript
58	617	protein-transcript	proteinprotein	protein-transcript
59	427	metabolite-metabolite	metabolitemetabolite	metabolite-metabolite
59	95	metabolite-metabolite	metabolitemetabolite	metabolite-metabolite
59	66	metabolite-metabolite	metabolitemetabolite	metabolite-metabolite
60	277	metabolite-metabolite	metabolitemetabolite	metabolite-metabolite
60	732	metabolite-metabolite	metabolitemetabolite	metabolite-metabolite
60	427	metabolite-metabolite	metabolitemetabolite	metabolite-metabolite
60	66	metabolite-metabolite	metabolitemetabolite	metabolite-metabolite
61	378	protein-protein	proteinprotein	protein-protein
61	208	protein-protein	proteinprotein	protein-protein
61	361	protein-protein	proteinprotein	protein-protein
61	441	protein-bridge	proteinprotein	bridge-protein
61	333	protein-bridge	proteinprotein	bridge-protein
61	823	protein-protein	proteinprotein	protein-protein
62	690	protein-protein	proteinprotein	protein-protein
62	887	protein-bridge	proteinprotein	bridge-protein
63	457	protein-transcript	proteinprotein	protein-transcript
63	508	transcript-transcript	proteinprotein	transcript-transcript
63	636	transcript-transcript	proteinprotein	transcript-transcript
63	81	transcript-transcript	proteinprotein	transcript-transcript
63	439	protein-transcript	proteinprotein	protein-transcript
63	765	transcript-transcript	proteinprotein	transcript-transcript
63	677	transcript-transcript	proteinprotein	transcript-transcript
63	843	transcript-transcript	proteinprotein	transcript-transcript
63	581	transcript-transcript	proteinprotein	transcript-transcript
64	448	bridge-bridge	proteinprotein	bridge-bridge
64	823	protein-bridge	proteinprotein	bridge-protein
65	779	protein-protein	proteinprotein	protein-protein
65	570	protein-transcript	proteinprotein	protein-transcript
65	119	protein-transcript	proteinprotein	protein-transcript
65	170	protein-transcript	proteinprotein	protein-transcript
65	398	protein-transcript	proteinprotein	protein-transcript
66	450	metabolite-metabolite	metabolitemetabolite	metabolite-metabolite
66	490	metabolite-metabolite	metabolitemetabolite	metabolite-metabolite
66	715	metabolite-metabolite	metabolitemetabolite	metabolite-metabolite
66	268	metabolite-metabolite	metabolitemetabolite	metabolite-metabolite
66	273	metabolite-metabolite	metabolitemetabolite	metabolite-metabolite
66	277	metabolite-metabolite	metabolitemetabolite	metabolite-metabolite
66	726	metabolite-metabolite	metabolitemetabolite	metabolite-metabolite
66	737	metabolite-metabolite	metabolitemetabolite	metabolite-metabolite
66	520	metabolite-metabolite	metabolitemetabolite	metabolite-metabolite
66	290	metabolite-metabolite	metabolitemetabolite	metabolite-metabolite
66	126	metabolite-metabolite	metabolitemetabolite	metabolite-metabolite
66	116	metabolite-metabolite	metabolitemetabolite	metabolite-metabolite
66	427	metabolite-metabolite	metabolitemetabolite	metabolite-metabolite
66	774	metabolite-metabolite	metabolitemetabolite	metabolite-metabolite
66	627	metabolite-metabolite	metabolitemetabolite	metabolite-metabolite
66	435	metabolite-metabolite	metabolitemetabolite	metabolite-metabolite
66	839	metabolite-metabolite	metabolitemetabolite	metabolite-metabolite
66	95	metabolite-metabolite	metabolitemetabolite	metabolite-metabolite
66	847	metabolite-metabolite	metabolitemetabolite	metabolite-metabolite
66	530	metabolite-metabolite	metabolitemetabolite	metabolite-metabolite
66	565	metabolite-metabolite	metabolitemetabolite	metabolite-metabolite
66	780	metabolite-metabolite	metabolitemetabolite	metabolite-metabolite
66	841	metabolite-metabolite	metabolitemetabolite	metabolite-metabolite
66	625	metabolite-metabolite	metabolitemetabolite	metabolite-metabolite
66	537	metabolite-metabolite	metabolitemetabolite	metabolite-metabolite
66	299	metabolite-metabolite	metabolitemetabolite	metabolite-metabolite
66	139	metabolite-metabolite	metabolitemetabolite	metabolite-metabolite
66	766	metabolite-metabolite	metabolitemetabolite	metabolite-metabolite
66	397	metabolite-metabolite	metabolitemetabolite	metabolite-metabolite
66	624	metabolite-metabolite	metabolitemetabolite	metabolite-metabolite
66	641	metabolite-metabolite	metabolitemetabolite	metabolite-metabolite
66	870	metabolite-metabolite	metabolitemetabolite	metabolite-metabolite
66	83	metabolite-metabolite	metabolitemetabolite	metabolite-metabolite
66	352	metabolite-metabolite	metabolitemetabolite	metabolite-metabolite
66	846	metabolite-metabolite	metabolitemetabolite	metabolite-metabolite
66	861	metabolite-metabolite	metabolitemetabolite	metabolite-metabolite
66	392	metabolite-metabolite	metabolitemetabolite	metabolite-metabolite
66	156	metabolite-metabolite	metabolitemetabolite	metabolite-metabolite
66	552	metabolite-metabolite	metabolitemetabolite	metabolite-metabolite
66	603	metabolite-metabolite	metabolitemetabolite	metabolite-metabolite
66	851	metabolite-metabolite	metabolitemetabolite	metabolite-metabolite
66	760	metabolite-metabolite	metabolitemetabolite	metabolite-metabolite
66	671	metabolite-metabolite	metabolitemetabolite	metabolite-metabolite
66	418	metabolite-metabolite	metabolitemetabolite	metabolite-metabolite
66	770	metabolite-metabolite	metabolitemetabolite	metabolite-metabolite
66	209	metabolite-metabolite	metabolitemetabolite	metabolite-metabolite
67	715	metabolite-metabolite	metabolitemetabolite	metabolite-metabolite
68	802	transcript-transcript	proteinprotein	transcript-transcript
69	664	metabolite-metabolite	metabolitemetabolite	metabolite-metabolite
70	74	metabolite-metabolite	metabolitemetabolite	metabolite-metabolite
70	797	metabolite-metabolite	metabolitemetabolite	metabolite-metabolite
71	497	transcript-transcript	proteinprotein	transcript-transcript
71	500	transcript-transcript	proteinprotein	transcript-transcript
71	276	transcript-transcript	proteinprotein	transcript-transcript
71	771	transcript-transcript	proteinprotein	transcript-transcript
71	845	transcript-transcript	proteinprotein	transcript-transcript
71	169	transcript-transcript	proteinprotein	transcript-transcript
72	230	transcript-transcript	proteinprotein	transcript-transcript
72	328	transcript-transcript	proteinprotein	transcript-transcript
72	802	transcript-transcript	proteinprotein	transcript-transcript
72	431	transcript-transcript	proteinprotein	transcript-transcript
73	97	transcript-transcript	proteinprotein	transcript-transcript
74	458	metabolite-metabolite	metabolitemetabolite	metabolite-metabolite
74	481	metabolite-metabolite	metabolitemetabolite	metabolite-metabolite
74	741	metabolite-metabolite	metabolitemetabolite	metabolite-metabolite
74	797	metabolite-metabolite	metabolitemetabolite	metabolite-metabolite
75	543	protein-protein	proteinprotein	protein-protein
76	416	transcript-transcript	proteinprotein	transcript-transcript
76	776	transcript-transcript	proteinprotein	transcript-transcript
76	880	transcript-transcript	proteinprotein	transcript-transcript
76	788	transcript-transcript	proteinprotein	transcript-transcript
76	163	transcript-transcript	proteinprotein	transcript-transcript
76	86	transcript-transcript	proteinprotein	transcript-transcript
76	312	transcript-transcript	proteinprotein	transcript-transcript
76	79	transcript-transcript	proteinprotein	transcript-transcript
77	659	transcript-bridge	proteinprotein	bridge-transcript
78	299	metabolite-metabolite	metabolitemetabolite	metabolite-metabolite
78	814	metabolite-metabolite	metabolitemetabolite	metabolite-metabolite
79	454	transcript-transcript	proteinprotein	transcript-transcript
79	372	transcript-transcript	proteinprotein	transcript-transcript
79	313	transcript-transcript	proteinprotein	transcript-transcript
79	678	transcript-transcript	proteinprotein	transcript-transcript
79	810	transcript-transcript	proteinprotein	transcript-transcript
81	526	transcript-transcript	proteinprotein	transcript-transcript
81	672	transcript-transcript	proteinprotein	transcript-transcript
81	863	transcript-transcript	proteinprotein	transcript-transcript
81	813	transcript-transcript	proteinprotein	transcript-transcript
82	730	metabolite-metabolite	metabolitemetabolite	metabolite-metabolite
84	474	transcript-bridge	proteinprotein	bridge-transcript
84	494	bridge-bridge	proteinprotein	bridge-bridge
84	447	bridge-bridge	proteinprotein	bridge-bridge
84	186	bridge-bridge	proteinprotein	bridge-bridge
85	465	metabolite-metabolite	metabolitemetabolite	metabolite-metabolite
85	715	metabolite-metabolite	metabolitemetabolite	metabolite-metabolite
85	299	metabolite-metabolite	metabolitemetabolite	metabolite-metabolite
85	839	metabolite-metabolite	metabolitemetabolite	metabolite-metabolite
86	695	transcript-transcript	proteinprotein	transcript-transcript
86	845	transcript-transcript	proteinprotein	transcript-transcript
86	880	transcript-transcript	proteinprotein	transcript-transcript
86	788	transcript-transcript	proteinprotein	transcript-transcript
86	805	transcript-transcript	proteinprotein	transcript-transcript
88	512	protein-transcript	proteinprotein	protein-transcript
88	118	protein-transcript	proteinprotein	protein-transcript
88	173	protein-transcript	proteinprotein	protein-transcript
89	480	protein-transcript	proteinprotein	protein-transcript
89	714	protein-transcript	proteinprotein	protein-transcript
89	734	protein-transcript	proteinprotein	protein-transcript
89	651	protein-protein	proteinprotein	protein-protein
90	278	protein-protein	proteinprotein	protein-protein
90	302	protein-bridge	proteinprotein	bridge-protein
90	213	protein-protein	proteinprotein	protein-protein
91	694	protein-protein	proteinprotein	protein-protein
91	247	protein-protein	proteinprotein	protein-protein
91	733	protein-protein	proteinprotein	protein-protein
91	749	protein-protein	proteinprotein	protein-protein
91	793	protein-protein	proteinprotein	protein-protein
91	181	protein-protein	proteinprotein	protein-protein
91	213	protein-protein	proteinprotein	protein-protein
92	449	protein-bridge	proteinprotein	bridge-protein
92	687	bridge-bridge	proteinprotein	bridge-bridge
93	422	transcript-bridge	proteinprotein	bridge-transcript
94	374	transcript-bridge	proteinprotein	bridge-transcript
94	424	protein-bridge	proteinprotein	bridge-protein
95	490	metabolite-metabolite	metabolitemetabolite	metabolite-metabolite
95	164	metabolite-metabolite	metabolitemetabolite	metabolite-metabolite
95	839	metabolite-metabolite	metabolitemetabolite	metabolite-metabolite
95	603	metabolite-metabolite	metabolitemetabolite	metabolite-metabolite
96	299	metabolite-metabolite	metabolitemetabolite	metabolite-metabolite
98	575	protein-transcript	proteinprotein	protein-transcript
98	390	transcript-bridge	proteinprotein	bridge-transcript
98	205	transcript-bridge	proteinprotein	bridge-transcript
99	525	bridge-bridge	proteinprotein	bridge-bridge
99	542	protein-bridge	proteinprotein	bridge-protein
99	640	bridge-bridge	proteinprotein	bridge-bridge
99	205	bridge-bridge	proteinprotein	bridge-bridge
100	684	metabolite-metabolite	metabolitemetabolite	metabolite-metabolite
101	388	protein-bridge	proteinprotein	bridge-protein
101	440	bridge-bridge	proteinprotein	bridge-bridge
102	715	metabolite-metabolite	metabolitemetabolite	metabolite-metabolite
102	358	metabolite-metabolite	metabolitemetabolite	metabolite-metabolite
103	690	protein-protein	proteinprotein	protein-protein
103	750	protein-protein	proteinprotein	protein-protein
103	228	protein-protein	proteinprotein	protein-protein
104	523	bridge-bridge	proteinprotein	bridge-bridge
104	150	protein-bridge	proteinprotein	bridge-protein
105	848	protein-transcript	proteinprotein	protein-transcript
106	476	transcript-bridge	proteinprotein	bridge-transcript
106	191	transcript-bridge	proteinprotein	bridge-transcript
106	817	protein-transcript	proteinprotein	protein-transcript
108	752	protein-protein	proteinprotein	protein-protein
108	881	protein-protein	proteinprotein	protein-protein
109	407	transcript-transcript	proteinprotein	transcript-transcript
111	738	protein-protein	proteinprotein	protein-protein
111	213	protein-protein	proteinprotein	protein-protein
111	864	protein-protein	proteinprotein	protein-protein
111	363	protein-protein	proteinprotein	protein-protein
112	115	transcript-transcript	proteinprotein	transcript-transcript
114	570	protein-transcript	proteinprotein	protein-transcript
114	802	protein-transcript	proteinprotein	protein-transcript
114	889	protein-transcript	proteinprotein	protein-transcript
115	526	transcript-transcript	proteinprotein	transcript-transcript
116	715	metabolite-metabolite	metabolitemetabolite	metabolite-metabolite
116	299	metabolite-metabolite	metabolitemetabolite	metabolite-metabolite
117	160	transcript-transcript	proteinprotein	transcript-transcript
118	508	transcript-transcript	proteinprotein	transcript-transcript
118	512	transcript-transcript	proteinprotein	transcript-transcript
118	636	transcript-transcript	proteinprotein	transcript-transcript
118	863	transcript-transcript	proteinprotein	transcript-transcript
118	198	transcript-transcript	proteinprotein	transcript-transcript
118	613	transcript-transcript	proteinprotein	transcript-transcript
118	843	transcript-transcript	proteinprotein	transcript-transcript
118	596	transcript-transcript	proteinprotein	transcript-transcript
119	779	protein-transcript	proteinprotein	protein-transcript
120	481	metabolite-metabolite	metabolitemetabolite	metabolite-metabolite
120	717	metabolite-metabolite	metabolitemetabolite	metabolite-metabolite
121	585	protein-transcript	proteinprotein	protein-transcript
121	151	transcript-bridge	proteinprotein	bridge-transcript
122	754	metabolite-metabolite	metabolitemetabolite	metabolite-metabolite
123	354	metabolite-metabolite	metabolitemetabolite	metabolite-metabolite
124	701	metabolite-metabolite	metabolitemetabolite	metabolite-metabolite
124	299	metabolite-metabolite	metabolitemetabolite	metabolite-metabolite
124	814	metabolite-metabolite	metabolitemetabolite	metabolite-metabolite
125	715	metabolite-metabolite	metabolitemetabolite	metabolite-metabolite
125	299	metabolite-metabolite	metabolitemetabolite	metabolite-metabolite
128	690	protein-protein	proteinprotein	protein-protein
128	696	protein-bridge	proteinprotein	bridge-protein
128	543	protein-protein	proteinprotein	protein-protein
128	213	protein-protein	proteinprotein	protein-protein
128	896	protein-bridge	proteinprotein	bridge-protein
128	657	protein-transcript	proteinprotein	protein-transcript
129	236	metabolite-metabolite	metabolitemetabolite	metabolite-metabolite
129	473	metabolite-metabolite	metabolitemetabolite	metabolite-metabolite
129	251	metabolite-metabolite	metabolitemetabolite	metabolite-metabolite
129	475	metabolite-metabolite	metabolitemetabolite	metabolite-metabolite
129	715	metabolite-metabolite	metabolitemetabolite	metabolite-metabolite
129	740	metabolite-metabolite	metabolitemetabolite	metabolite-metabolite
129	534	metabolite-metabolite	metabolitemetabolite	metabolite-metabolite
129	557	metabolite-metabolite	metabolitemetabolite	metabolite-metabolite
129	593	metabolite-metabolite	metabolitemetabolite	metabolite-metabolite
129	221	metabolite-metabolite	metabolitemetabolite	metabolite-metabolite
129	377	metabolite-metabolite	metabolitemetabolite	metabolite-metabolite
129	193	metabolite-metabolite	metabolitemetabolite	metabolite-metabolite
131	539	metabolite-metabolite	metabolitemetabolite	metabolite-metabolite
131	541	metabolite-metabolite	metabolitemetabolite	metabolite-metabolite
132	701	metabolite-metabolite	metabolitemetabolite	metabolite-metabolite
132	533	metabolite-metabolite	metabolitemetabolite	metabolite-metabolite
132	299	metabolite-metabolite	metabolitemetabolite	metabolite-metabolite
132	814	metabolite-metabolite	metabolitemetabolite	metabolite-metabolite
133	814	metabolite-metabolite	metabolitemetabolite	metabolite-metabolite
134	230	transcript-transcript	proteinprotein	transcript-transcript
134	889	transcript-transcript	proteinprotein	transcript-transcript
135	517	metabolite-metabolite	metabolitemetabolite	metabolite-metabolite
137	500	transcript-transcript	proteinprotein	transcript-transcript
137	771	transcript-transcript	proteinprotein	transcript-transcript
137	571	transcript-transcript	proteinprotein	transcript-transcript
137	845	transcript-transcript	proteinprotein	transcript-transcript
137	818	protein-transcript	proteinprotein	protein-transcript
137	169	transcript-transcript	proteinprotein	transcript-transcript
139	715	metabolite-metabolite	metabolitemetabolite	metabolite-metabolite
139	841	metabolite-metabolite	metabolitemetabolite	metabolite-metabolite
139	625	metabolite-metabolite	metabolitemetabolite	metabolite-metabolite
140	570	transcript-transcript	proteinprotein	transcript-transcript
140	574	transcript-transcript	proteinprotein	transcript-transcript
140	349	transcript-transcript	proteinprotein	transcript-transcript
140	398	transcript-transcript	proteinprotein	transcript-transcript
140	170	transcript-transcript	proteinprotein	transcript-transcript
141	269	metabolite-metabolite	metabolitemetabolite	metabolite-metabolite
141	796	metabolite-metabolite	metabolitemetabolite	metabolite-metabolite
141	814	metabolite-metabolite	metabolitemetabolite	metabolite-metabolite
141	870	metabolite-metabolite	metabolitemetabolite	metabolite-metabolite
142	247	protein-protein	proteinprotein	protein-protein
142	773	protein-protein	proteinprotein	protein-protein
142	376	protein-protein	proteinprotein	protein-protein
142	380	protein-protein	proteinprotein	protein-protein
143	242	bridge-bridge	proteinprotein	bridge-bridge
143	373	bridge-bridge	proteinprotein	bridge-bridge
146	508	transcript-transcript	proteinprotein	transcript-transcript
146	725	transcript-transcript	proteinprotein	transcript-transcript
146	855	transcript-transcript	proteinprotein	transcript-transcript
146	436	transcript-transcript	proteinprotein	transcript-transcript
146	442	transcript-transcript	proteinprotein	transcript-transcript
146	431	transcript-transcript	proteinprotein	transcript-transcript
147	201	protein-bridge	proteinprotein	bridge-protein
147	873	transcript-bridge	proteinprotein	bridge-transcript
147	659	transcript-bridge	proteinprotein	bridge-transcript
148	658	protein-bridge	proteinprotein	bridge-protein
149	596	transcript-transcript	proteinprotein	transcript-transcript
149	799	transcript-transcript	proteinprotein	transcript-transcript
149	604	transcript-transcript	proteinprotein	transcript-transcript
150	498	protein-protein	proteinprotein	protein-protein
150	509	protein-protein	proteinprotein	protein-protein
150	872	protein-protein	proteinprotein	protein-protein
151	204	bridge-bridge	proteinprotein	bridge-bridge
152	690	protein-protein	proteinprotein	protein-protein
152	750	protein-protein	proteinprotein	protein-protein
153	244	transcript-transcript	proteinprotein	transcript-transcript
153	470	transcript-transcript	proteinprotein	transcript-transcript
153	480	transcript-transcript	proteinprotein	transcript-transcript
153	497	transcript-transcript	proteinprotein	transcript-transcript
153	734	transcript-transcript	proteinprotein	transcript-transcript
153	747	transcript-transcript	proteinprotein	transcript-transcript
153	605	transcript-transcript	proteinprotein	transcript-transcript
153	844	transcript-transcript	proteinprotein	transcript-transcript
155	256	metabolite-metabolite	metabolitemetabolite	metabolite-metabolite
157	451	transcript-transcript	proteinprotein	transcript-transcript
157	725	transcript-transcript	proteinprotein	transcript-transcript
157	518	protein-transcript	proteinprotein	protein-transcript
157	855	transcript-transcript	proteinprotein	transcript-transcript
157	436	transcript-transcript	proteinprotein	transcript-transcript
157	857	transcript-transcript	proteinprotein	transcript-transcript
157	442	transcript-transcript	proteinprotein	transcript-transcript
159	448	bridge-bridge	proteinprotein	bridge-bridge
160	234	protein-transcript	proteinprotein	protein-transcript
162	333	bridge-bridge	proteinprotein	bridge-bridge
163	478	transcript-transcript	proteinprotein	transcript-transcript
163	513	transcript-transcript	proteinprotein	transcript-transcript
163	312	transcript-transcript	proteinprotein	transcript-transcript
163	788	transcript-transcript	proteinprotein	transcript-transcript
163	416	transcript-transcript	proteinprotein	transcript-transcript
163	845	transcript-transcript	proteinprotein	transcript-transcript
163	880	transcript-transcript	proteinprotein	transcript-transcript
164	490	metabolite-metabolite	metabolitemetabolite	metabolite-metabolite
164	766	metabolite-metabolite	metabolitemetabolite	metabolite-metabolite
164	782	metabolite-metabolite	metabolitemetabolite	metabolite-metabolite
164	814	metabolite-metabolite	metabolitemetabolite	metabolite-metabolite
164	876	metabolite-metabolite	metabolitemetabolite	metabolite-metabolite
165	299	metabolite-metabolite	metabolitemetabolite	metabolite-metabolite
165	381	metabolite-metabolite	metabolitemetabolite	metabolite-metabolite
166	705	transcript-transcript	proteinprotein	transcript-transcript
166	807	protein-transcript	proteinprotein	protein-transcript
167	794	bridge-bridge	proteinprotein	bridge-bridge
167	363	protein-bridge	proteinprotein	bridge-protein
167	848	protein-bridge	proteinprotein	bridge-protein
168	284	metabolite-metabolite	metabolitemetabolite	metabolite-metabolite
168	797	metabolite-metabolite	metabolitemetabolite	metabolite-metabolite
169	567	transcript-transcript	proteinprotein	transcript-transcript
169	813	transcript-transcript	proteinprotein	transcript-transcript
169	818	protein-transcript	proteinprotein	protein-transcript
170	570	transcript-transcript	proteinprotein	transcript-transcript
170	574	transcript-transcript	proteinprotein	transcript-transcript
170	801	transcript-transcript	proteinprotein	transcript-transcript
170	349	transcript-transcript	proteinprotein	transcript-transcript
170	882	transcript-transcript	proteinprotein	transcript-transcript
170	173	transcript-transcript	proteinprotein	transcript-transcript
170	398	transcript-transcript	proteinprotein	transcript-transcript
171	713	bridge-bridge	proteinprotein	bridge-bridge
171	736	bridge-bridge	proteinprotein	bridge-bridge
171	617	protein-bridge	proteinprotein	bridge-protein
171	659	transcript-bridge	proteinprotein	bridge-transcript
172	707	protein-bridge	proteinprotein	bridge-protein
172	494	bridge-bridge	proteinprotein	bridge-bridge
172	426	bridge-bridge	proteinprotein	bridge-bridge
173	567	transcript-transcript	proteinprotein	transcript-transcript
173	801	transcript-transcript	proteinprotein	transcript-transcript
173	439	protein-transcript	proteinprotein	protein-transcript
174	299	metabolite-metabolite	metabolitemetabolite	metabolite-metabolite
174	427	metabolite-metabolite	metabolitemetabolite	metabolite-metabolite
175	732	metabolite-metabolite	metabolitemetabolite	metabolite-metabolite
175	339	metabolite-metabolite	metabolitemetabolite	metabolite-metabolite
176	501	bridge-bridge	proteinprotein	bridge-bridge
176	786	bridge-bridge	proteinprotein	bridge-bridge
176	376	protein-bridge	proteinprotein	bridge-protein
177	694	protein-protein	proteinprotein	protein-protein
177	376	protein-protein	proteinprotein	protein-protein
178	481	metabolite-metabolite	metabolitemetabolite	metabolite-metabolite
179	449	protein-bridge	proteinprotein	bridge-protein
179	462	protein-bridge	proteinprotein	bridge-protein
179	501	bridge-bridge	proteinprotein	bridge-bridge
179	424	protein-bridge	proteinprotein	bridge-protein
180	682	bridge-bridge	proteinprotein	bridge-bridge
180	318	protein-bridge	proteinprotein	bridge-protein
180	873	transcript-bridge	proteinprotein	bridge-transcript
181	585	protein-protein	proteinprotein	protein-protein
181	873	protein-transcript	proteinprotein	protein-transcript
181	659	protein-transcript	proteinprotein	protein-transcript
182	690	protein-protein	proteinprotein	protein-protein
182	501	protein-bridge	proteinprotein	bridge-protein
184	806	metabolite-metabolite	metabolitemetabolite	metabolite-metabolite
185	459	protein-bridge	proteinprotein	bridge-protein
186	494	bridge-bridge	proteinprotein	bridge-bridge
187	366	transcript-transcript	proteinprotein	transcript-transcript
188	405	metabolite-metabolite	metabolitemetabolite	metabolite-metabolite
189	699	metabolite-metabolite	metabolitemetabolite	metabolite-metabolite
189	728	metabolite-metabolite	metabolitemetabolite	metabolite-metabolite
190	523	bridge-bridge	proteinprotein	bridge-bridge
190	804	protein-bridge	proteinprotein	bridge-protein
190	881	protein-bridge	proteinprotein	bridge-protein
190	420	bridge-bridge	proteinprotein	bridge-bridge
191	590	bridge-bridge	proteinprotein	bridge-bridge
191	648	bridge-bridge	proteinprotein	bridge-bridge
193	490	metabolite-metabolite	metabolitemetabolite	metabolite-metabolite
193	529	metabolite-metabolite	metabolitemetabolite	metabolite-metabolite
193	534	metabolite-metabolite	metabolitemetabolite	metabolite-metabolite
193	299	metabolite-metabolite	metabolitemetabolite	metabolite-metabolite
195	454	transcript-transcript	proteinprotein	transcript-transcript
196	888	bridge-bridge	proteinprotein	bridge-bridge
197	523	bridge-bridge	proteinprotein	bridge-bridge
197	789	bridge-bridge	proteinprotein	bridge-bridge
198	499	transcript-transcript	proteinprotein	transcript-transcript
198	328	transcript-transcript	proteinprotein	transcript-transcript
198	596	transcript-transcript	proteinprotein	transcript-transcript
198	604	transcript-transcript	proteinprotein	transcript-transcript
198	634	transcript-transcript	proteinprotein	transcript-transcript
198	636	transcript-transcript	proteinprotein	transcript-transcript
198	843	transcript-transcript	proteinprotein	transcript-transcript
198	642	transcript-transcript	proteinprotein	transcript-transcript
198	850	transcript-transcript	proteinprotein	transcript-transcript
198	408	transcript-transcript	proteinprotein	transcript-transcript
198	862	transcript-transcript	proteinprotein	transcript-transcript
198	431	transcript-transcript	proteinprotein	transcript-transcript
199	247	protein-protein	proteinprotein	protein-protein
200	374	transcript-bridge	proteinprotein	bridge-transcript
201	333	protein-bridge	proteinprotein	bridge-protein
202	634	transcript-transcript	proteinprotein	transcript-transcript
203	299	metabolite-metabolite	metabolitemetabolite	metabolite-metabolite
203	814	metabolite-metabolite	metabolitemetabolite	metabolite-metabolite
204	476	bridge-bridge	proteinprotein	bridge-bridge
205	293	bridge-bridge	proteinprotein	bridge-bridge
206	703	transcript-bridge	proteinprotein	bridge-transcript
206	676	bridge-bridge	proteinprotein	bridge-bridge
207	715	metabolite-metabolite	metabolitemetabolite	metabolite-metabolite
207	661	metabolite-metabolite	metabolitemetabolite	metabolite-metabolite
208	694	protein-protein	proteinprotein	protein-protein
209	552	metabolite-metabolite	metabolitemetabolite	metabolite-metabolite
210	623	bridge-bridge	proteinprotein	bridge-bridge
210	881	protein-bridge	proteinprotein	bridge-protein
211	449	protein-protein	proteinprotein	protein-protein
211	459	protein-protein	proteinprotein	protein-protein
211	279	protein-bridge	proteinprotein	bridge-protein
211	803	protein-transcript	proteinprotein	protein-transcript
211	838	protein-protein	proteinprotein	protein-protein
211	640	protein-bridge	proteinprotein	bridge-protein
211	228	protein-protein	proteinprotein	protein-protein
212	509	protein-bridge	proteinprotein	bridge-protein
212	804	protein-bridge	proteinprotein	bridge-protein
212	606	bridge-bridge	proteinprotein	bridge-bridge
212	611	bridge-bridge	proteinprotein	bridge-bridge
213	689	protein-protein	proteinprotein	protein-protein
213	247	protein-protein	proteinprotein	protein-protein
213	252	protein-protein	proteinprotein	protein-protein
213	543	protein-protein	proteinprotein	protein-protein
213	562	protein-protein	proteinprotein	protein-protein
213	563	protein-protein	proteinprotein	protein-protein
213	311	protein-protein	proteinprotein	protein-protein
213	575	protein-protein	proteinprotein	protein-protein
213	617	protein-protein	proteinprotein	protein-protein
213	622	protein-transcript	proteinprotein	protein-transcript
213	827	protein-protein	proteinprotein	protein-protein
213	833	protein-protein	proteinprotein	protein-protein
213	669	protein-transcript	proteinprotein	protein-transcript
213	881	protein-protein	proteinprotein	protein-protein
215	553	metabolite-metabolite	metabolitemetabolite	metabolite-metabolite
215	637	metabolite-metabolite	metabolitemetabolite	metabolite-metabolite
216	617	protein-bridge	proteinprotein	bridge-protein
216	639	bridge-bridge	proteinprotein	bridge-bridge
217	731	transcript-transcript	proteinprotein	transcript-transcript
219	551	bridge-bridge	proteinprotein	bridge-bridge
219	750	protein-bridge	proteinprotein	bridge-protein
219	793	protein-bridge	proteinprotein	bridge-protein
219	228	protein-bridge	proteinprotein	bridge-protein
220	749	protein-protein	proteinprotein	protein-protein
220	563	protein-protein	proteinprotein	protein-protein
220	594	protein-bridge	proteinprotein	bridge-protein
221	715	metabolite-metabolite	metabolitemetabolite	metabolite-metabolite
221	273	metabolite-metabolite	metabolitemetabolite	metabolite-metabolite
221	554	metabolite-metabolite	metabolitemetabolite	metabolite-metabolite
223	843	transcript-transcript	proteinprotein	transcript-transcript
224	419	transcript-transcript	proteinprotein	transcript-transcript
225	490	metabolite-metabolite	metabolitemetabolite	metabolite-metabolite
225	538	metabolite-metabolite	metabolitemetabolite	metabolite-metabolite
225	299	metabolite-metabolite	metabolitemetabolite	metabolite-metabolite
226	239	metabolite-metabolite	metabolitemetabolite	metabolite-metabolite
226	814	metabolite-metabolite	metabolitemetabolite	metabolite-metabolite
227	700	protein-transcript	proteinprotein	protein-transcript
227	442	protein-transcript	proteinprotein	protein-transcript
228	738	protein-protein	proteinprotein	protein-protein
228	750	protein-protein	proteinprotein	protein-protein
228	804	protein-protein	proteinprotein	protein-protein
230	303	transcript-transcript	proteinprotein	transcript-transcript
231	687	bridge-bridge	proteinprotein	bridge-bridge
231	258	transcript-bridge	proteinprotein	bridge-transcript
232	715	metabolite-metabolite	metabolitemetabolite	metabolite-metabolite
232	299	metabolite-metabolite	metabolitemetabolite	metabolite-metabolite
232	625	metabolite-metabolite	metabolitemetabolite	metabolite-metabolite
233	574	transcript-transcript	proteinprotein	transcript-transcript
234	519	protein-transcript	proteinprotein	protein-transcript
234	325	protein-transcript	proteinprotein	protein-transcript
236	715	metabolite-metabolite	metabolitemetabolite	metabolite-metabolite
237	623	bridge-bridge	proteinprotein	bridge-bridge
238	486	protein-transcript	proteinprotein	protein-transcript
238	303	transcript-transcript	proteinprotein	transcript-transcript
238	317	transcript-transcript	proteinprotein	transcript-transcript
239	425	metabolite-metabolite	metabolitemetabolite	metabolite-metabolite
239	240	metabolite-metabolite	metabolitemetabolite	metabolite-metabolite
239	625	metabolite-metabolite	metabolitemetabolite	metabolite-metabolite
239	766	metabolite-metabolite	metabolitemetabolite	metabolite-metabolite
240	425	metabolite-metabolite	metabolitemetabolite	metabolite-metabolite
240	593	metabolite-metabolite	metabolitemetabolite	metabolite-metabolite
240	625	metabolite-metabolite	metabolitemetabolite	metabolite-metabolite
241	568	bridge-bridge	proteinprotein	bridge-bridge
241	710	transcript-bridge	proteinprotein	bridge-transcript
242	631	bridge-bridge	proteinprotein	bridge-bridge
242	291	bridge-bridge	proteinprotein	bridge-bridge
244	470	transcript-transcript	proteinprotein	transcript-transcript
244	771	transcript-transcript	proteinprotein	transcript-transcript
244	799	transcript-transcript	proteinprotein	transcript-transcript
244	863	transcript-transcript	proteinprotein	transcript-transcript
244	500	transcript-transcript	proteinprotein	transcript-transcript
246	834	metabolite-metabolite	metabolitemetabolite	metabolite-metabolite
247	462	protein-protein	proteinprotein	protein-protein
247	575	protein-protein	proteinprotein	protein-protein
247	622	protein-transcript	proteinprotein	protein-transcript
247	563	protein-protein	proteinprotein	protein-protein
247	543	protein-protein	proteinprotein	protein-protein
247	669	protein-transcript	proteinprotein	protein-transcript
248	593	metabolite-metabolite	metabolitemetabolite	metabolite-metabolite
248	354	metabolite-metabolite	metabolitemetabolite	metabolite-metabolite
248	532	metabolite-metabolite	metabolitemetabolite	metabolite-metabolite
248	272	metabolite-metabolite	metabolitemetabolite	metabolite-metabolite
248	645	metabolite-metabolite	metabolitemetabolite	metabolite-metabolite
249	598	transcript-transcript	proteinprotein	transcript-transcript
249	267	transcript-transcript	proteinprotein	transcript-transcript
249	395	transcript-transcript	proteinprotein	transcript-transcript
251	684	metabolite-metabolite	metabolitemetabolite	metabolite-metabolite
251	473	metabolite-metabolite	metabolitemetabolite	metabolite-metabolite
251	715	metabolite-metabolite	metabolitemetabolite	metabolite-metabolite
252	348	protein-protein	proteinprotein	protein-protein
255	324	bridge-bridge	proteinprotein	bridge-bridge
255	568	bridge-bridge	proteinprotein	bridge-bridge
256	699	metabolite-metabolite	metabolitemetabolite	metabolite-metabolite
256	798	metabolite-metabolite	metabolitemetabolite	metabolite-metabolite
256	285	metabolite-metabolite	metabolitemetabolite	metabolite-metabolite
256	819	metabolite-metabolite	metabolitemetabolite	metabolite-metabolite
256	319	metabolite-metabolite	metabolitemetabolite	metabolite-metabolite
256	336	metabolite-metabolite	metabolitemetabolite	metabolite-metabolite
256	263	metabolite-metabolite	metabolitemetabolite	metabolite-metabolite
256	835	metabolite-metabolite	metabolitemetabolite	metabolite-metabolite
257	439	protein-protein	proteinprotein	protein-protein
257	508	protein-transcript	proteinprotein	protein-transcript
257	725	protein-transcript	proteinprotein	protein-transcript
257	672	protein-transcript	proteinprotein	protein-transcript
257	596	protein-transcript	proteinprotein	protein-transcript
257	581	protein-transcript	proteinprotein	protein-transcript
258	281	protein-transcript	proteinprotein	protein-transcript
259	433	bridge-bridge	proteinprotein	bridge-bridge
260	430	metabolite-metabolite	metabolitemetabolite	metabolite-metabolite
260	299	metabolite-metabolite	metabolitemetabolite	metabolite-metabolite
260	625	metabolite-metabolite	metabolitemetabolite	metabolite-metabolite
260	814	metabolite-metabolite	metabolitemetabolite	metabolite-metabolite
261	896	bridge-bridge	proteinprotein	bridge-bridge
262	791	bridge-bridge	proteinprotein	bridge-bridge
262	443	transcript-bridge	proteinprotein	bridge-transcript
262	794	bridge-bridge	proteinprotein	bridge-bridge
262	343	bridge-bridge	proteinprotein	bridge-bridge
265	795	protein-bridge	proteinprotein	bridge-protein
265	291	bridge-bridge	proteinprotein	bridge-bridge
267	886	transcript-transcript	proteinprotein	transcript-transcript
269	299	metabolite-metabolite	metabolitemetabolite	metabolite-metabolite
270	869	protein-protein	proteinprotein	protein-protein
271	299	metabolite-metabolite	metabolitemetabolite	metabolite-metabolite
271	432	metabolite-metabolite	metabolitemetabolite	metabolite-metabolite
272	593	metabolite-metabolite	metabolitemetabolite	metabolite-metabolite
273	841	metabolite-metabolite	metabolitemetabolite	metabolite-metabolite
273	814	metabolite-metabolite	metabolitemetabolite	metabolite-metabolite
274	459	protein-protein	proteinprotein	protein-protein
274	690	protein-protein	proteinprotein	protein-protein
274	694	protein-protein	proteinprotein	protein-protein
275	690	protein-protein	proteinprotein	protein-protein
276	500	transcript-transcript	proteinprotein	transcript-transcript
276	800	transcript-transcript	proteinprotein	transcript-transcript
277	732	metabolite-metabolite	metabolitemetabolite	metabolite-metabolite
277	726	metabolite-metabolite	metabolitemetabolite	metabolite-metabolite
277	839	metabolite-metabolite	metabolitemetabolite	metabolite-metabolite
277	397	metabolite-metabolite	metabolitemetabolite	metabolite-metabolite
277	641	metabolite-metabolite	metabolitemetabolite	metabolite-metabolite
277	766	metabolite-metabolite	metabolitemetabolite	metabolite-metabolite
278	821	protein-protein	proteinprotein	protein-protein
278	438	protein-protein	proteinprotein	protein-protein
278	282	protein-bridge	proteinprotein	bridge-protein
278	514	protein-protein	proteinprotein	protein-protein
278	617	protein-protein	proteinprotein	protein-protein
279	696	bridge-bridge	proteinprotein	bridge-bridge
279	775	bridge-bridge	proteinprotein	bridge-bridge
279	379	bridge-bridge	proteinprotein	bridge-bridge
280	889	transcript-transcript	proteinprotein	transcript-transcript
281	690	protein-protein	proteinprotein	protein-protein
282	459	protein-bridge	proteinprotein	bridge-protein
282	474	transcript-bridge	proteinprotein	bridge-transcript
282	657	transcript-bridge	proteinprotein	bridge-transcript
283	715	metabolite-metabolite	metabolitemetabolite	metabolite-metabolite
283	299	metabolite-metabolite	metabolitemetabolite	metabolite-metabolite
283	840	metabolite-metabolite	metabolitemetabolite	metabolite-metabolite
284	797	metabolite-metabolite	metabolitemetabolite	metabolite-metabolite
286	715	metabolite-metabolite	metabolitemetabolite	metabolite-metabolite
286	299	metabolite-metabolite	metabolitemetabolite	metabolite-metabolite
287	715	metabolite-metabolite	metabolitemetabolite	metabolite-metabolite
288	692	bridge-bridge	proteinprotein	bridge-bridge
288	775	bridge-bridge	proteinprotein	bridge-bridge
289	354	metabolite-metabolite	metabolitemetabolite	metabolite-metabolite
289	405	metabolite-metabolite	metabolitemetabolite	metabolite-metabolite
290	490	metabolite-metabolite	metabolitemetabolite	metabolite-metabolite
291	522	transcript-bridge	proteinprotein	bridge-transcript
291	424	protein-bridge	proteinprotein	bridge-protein
291	540	bridge-bridge	proteinprotein	bridge-bridge
291	385	bridge-bridge	proteinprotein	bridge-bridge
292	875	transcript-transcript	proteinprotein	transcript-transcript
293	540	bridge-bridge	proteinprotein	bridge-bridge
294	652	metabolite-metabolite	metabolitemetabolite	metabolite-metabolite
295	538	metabolite-metabolite	metabolitemetabolite	metabolite-metabolite
295	299	metabolite-metabolite	metabolitemetabolite	metabolite-metabolite
295	849	metabolite-metabolite	metabolitemetabolite	metabolite-metabolite
298	609	bridge-bridge	proteinprotein	bridge-bridge
298	440	bridge-bridge	proteinprotein	bridge-bridge
299	463	metabolite-metabolite	metabolitemetabolite	metabolite-metabolite
299	465	metabolite-metabolite	metabolitemetabolite	metabolite-metabolite
299	697	metabolite-metabolite	metabolitemetabolite	metabolite-metabolite
299	701	metabolite-metabolite	metabolitemetabolite	metabolite-metabolite
299	702	metabolite-metabolite	metabolitemetabolite	metabolite-metabolite
299	479	metabolite-metabolite	metabolitemetabolite	metabolite-metabolite
299	481	metabolite-metabolite	metabolitemetabolite	metabolite-metabolite
299	488	metabolite-metabolite	metabolitemetabolite	metabolite-metabolite
299	715	metabolite-metabolite	metabolitemetabolite	metabolite-metabolite
299	492	metabolite-metabolite	metabolitemetabolite	metabolite-metabolite
299	495	metabolite-metabolite	metabolitemetabolite	metabolite-metabolite
299	726	metabolite-metabolite	metabolitemetabolite	metabolite-metabolite
299	529	metabolite-metabolite	metabolitemetabolite	metabolite-metabolite
299	533	metabolite-metabolite	metabolitemetabolite	metabolite-metabolite
299	534	metabolite-metabolite	metabolitemetabolite	metabolite-metabolite
299	535	metabolite-metabolite	metabolitemetabolite	metabolite-metabolite
299	538	metabolite-metabolite	metabolitemetabolite	metabolite-metabolite
299	743	metabolite-metabolite	metabolitemetabolite	metabolite-metabolite
299	569	metabolite-metabolite	metabolitemetabolite	metabolite-metabolite
299	370	metabolite-metabolite	metabolitemetabolite	metabolite-metabolite
299	381	metabolite-metabolite	metabolitemetabolite	metabolite-metabolite
299	588	metabolite-metabolite	metabolitemetabolite	metabolite-metabolite
299	673	metabolite-metabolite	metabolitemetabolite	metabolite-metabolite
299	782	metabolite-metabolite	metabolitemetabolite	metabolite-metabolite
299	315	metabolite-metabolite	metabolitemetabolite	metabolite-metabolite
299	394	metabolite-metabolite	metabolitemetabolite	metabolite-metabolite
299	666	metabolite-metabolite	metabolitemetabolite	metabolite-metabolite
299	841	metabolite-metabolite	metabolitemetabolite	metabolite-metabolite
299	766	metabolite-metabolite	metabolitemetabolite	metabolite-metabolite
299	397	metabolite-metabolite	metabolitemetabolite	metabolite-metabolite
299	322	metabolite-metabolite	metabolitemetabolite	metabolite-metabolite
299	603	metabolite-metabolite	metabolitemetabolite	metabolite-metabolite
299	899	metabolite-metabolite	metabolitemetabolite	metabolite-metabolite
299	620	metabolite-metabolite	metabolitemetabolite	metabolite-metabolite
299	849	metabolite-metabolite	metabolitemetabolite	metabolite-metabolite
299	428	metabolite-metabolite	metabolitemetabolite	metabolite-metabolite
299	329	metabolite-metabolite	metabolitemetabolite	metabolite-metabolite
299	406	metabolite-metabolite	metabolitemetabolite	metabolite-metabolite
299	815	metabolite-metabolite	metabolitemetabolite	metabolite-metabolite
299	577	metabolite-metabolite	metabolitemetabolite	metabolite-metabolite
299	437	metabolite-metabolite	metabolitemetabolite	metabolite-metabolite
299	429	metabolite-metabolite	metabolitemetabolite	metabolite-metabolite
299	674	metabolite-metabolite	metabolitemetabolite	metabolite-metabolite
299	814	metabolite-metabolite	metabolitemetabolite	metabolite-metabolite
299	655	metabolite-metabolite	metabolitemetabolite	metabolite-metabolite
299	764	metabolite-metabolite	metabolitemetabolite	metabolite-metabolite
299	432	metabolite-metabolite	metabolitemetabolite	metabolite-metabolite
299	307	metabolite-metabolite	metabolitemetabolite	metabolite-metabolite
299	681	metabolite-metabolite	metabolitemetabolite	metabolite-metabolite
299	858	metabolite-metabolite	metabolitemetabolite	metabolite-metabolite
299	414	metabolite-metabolite	metabolitemetabolite	metabolite-metabolite
299	822	metabolite-metabolite	metabolitemetabolite	metabolite-metabolite
300	623	bridge-bridge	proteinprotein	bridge-bridge
301	386	metabolite-metabolite	metabolitemetabolite	metabolite-metabolite
301	847	metabolite-metabolite	metabolitemetabolite	metabolite-metabolite
301	826	metabolite-metabolite	metabolitemetabolite	metabolite-metabolite
302	639	bridge-bridge	proteinprotein	bridge-bridge
303	559	transcript-transcript	proteinprotein	transcript-transcript
303	781	transcript-transcript	proteinprotein	transcript-transcript
304	715	metabolite-metabolite	metabolitemetabolite	metabolite-metabolite
304	796	metabolite-metabolite	metabolitemetabolite	metabolite-metabolite
305	688	protein-transcript	proteinprotein	protein-transcript
307	569	metabolite-metabolite	metabolitemetabolite	metabolite-metabolite
308	433	bridge-bridge	proteinprotein	bridge-bridge
309	459	protein-protein	proteinprotein	protein-protein
309	547	protein-protein	proteinprotein	protein-protein
309	390	protein-bridge	proteinprotein	bridge-protein
311	669	protein-transcript	proteinprotein	protein-transcript
312	480	transcript-transcript	proteinprotein	transcript-transcript
312	416	transcript-transcript	proteinprotein	transcript-transcript
312	776	transcript-transcript	proteinprotein	transcript-transcript
313	784	transcript-transcript	proteinprotein	transcript-transcript
315	715	metabolite-metabolite	metabolitemetabolite	metabolite-metabolite
316	690	protein-protein	proteinprotein	protein-protein
316	749	protein-protein	proteinprotein	protein-protein
316	615	protein-transcript	proteinprotein	protein-transcript
317	566	protein-transcript	proteinprotein	protein-transcript
317	781	transcript-transcript	proteinprotein	transcript-transcript
318	563	protein-protein	proteinprotein	protein-protein
318	380	protein-protein	proteinprotein	protein-protein
319	650	metabolite-metabolite	metabolitemetabolite	metabolite-metabolite
320	323	transcript-transcript	proteinprotein	transcript-transcript
321	694	protein-protein	proteinprotein	protein-protein
324	579	protein-bridge	proteinprotein	bridge-protein
324	340	bridge-bridge	proteinprotein	bridge-bridge
325	731	transcript-transcript	proteinprotein	transcript-transcript
326	688	transcript-transcript	proteinprotein	transcript-transcript
326	486	protein-transcript	proteinprotein	protein-transcript
326	513	transcript-transcript	proteinprotein	transcript-transcript
326	566	protein-transcript	proteinprotein	protein-transcript
326	784	transcript-transcript	proteinprotein	transcript-transcript
326	781	transcript-transcript	proteinprotein	transcript-transcript
327	510	bridge-bridge	proteinprotein	bridge-bridge
327	373	bridge-bridge	proteinprotein	bridge-bridge
328	843	transcript-transcript	proteinprotein	transcript-transcript
330	715	metabolite-metabolite	metabolitemetabolite	metabolite-metabolite
330	628	metabolite-metabolite	metabolitemetabolite	metabolite-metabolite
333	524	transcript-bridge	proteinprotein	bridge-transcript
333	595	bridge-bridge	proteinprotein	bridge-bridge
333	873	transcript-bridge	proteinprotein	bridge-transcript
333	803	transcript-bridge	proteinprotein	bridge-transcript
333	441	bridge-bridge	proteinprotein	bridge-bridge
333	369	bridge-bridge	proteinprotein	bridge-bridge
334	715	metabolite-metabolite	metabolitemetabolite	metabolite-metabolite
339	732	metabolite-metabolite	metabolitemetabolite	metabolite-metabolite
339	557	metabolite-metabolite	metabolitemetabolite	metabolite-metabolite
340	742	bridge-bridge	proteinprotein	bridge-bridge
340	898	bridge-bridge	proteinprotein	bridge-bridge
340	659	transcript-bridge	proteinprotein	bridge-transcript
341	715	metabolite-metabolite	metabolitemetabolite	metabolite-metabolite
342	726	metabolite-metabolite	metabolitemetabolite	metabolite-metabolite
343	682	bridge-bridge	proteinprotein	bridge-bridge
343	573	protein-bridge	proteinprotein	bridge-protein
346	605	transcript-transcript	proteinprotein	transcript-transcript
347	470	protein-transcript	proteinprotein	protein-transcript
347	480	protein-transcript	proteinprotein	protein-transcript
348	831	protein-protein	proteinprotein	protein-protein
348	896	protein-bridge	proteinprotein	bridge-protein
349	574	transcript-transcript	proteinprotein	transcript-transcript
350	573	protein-transcript	proteinprotein	protein-transcript
351	715	metabolite-metabolite	metabolitemetabolite	metabolite-metabolite
354	532	metabolite-metabolite	metabolitemetabolite	metabolite-metabolite
354	745	metabolite-metabolite	metabolitemetabolite	metabolite-metabolite
354	664	metabolite-metabolite	metabolitemetabolite	metabolite-metabolite
354	645	metabolite-metabolite	metabolitemetabolite	metabolite-metabolite
354	891	metabolite-metabolite	metabolitemetabolite	metabolite-metabolite
355	752	protein-protein	proteinprotein	protein-protein
356	568	bridge-bridge	proteinprotein	bridge-bridge
358	715	metabolite-metabolite	metabolitemetabolite	metabolite-metabolite
358	841	metabolite-metabolite	metabolitemetabolite	metabolite-metabolite
359	729	bridge-bridge	proteinprotein	bridge-bridge
361	694	protein-protein	proteinprotein	protein-protein
362	852	transcript-transcript	proteinprotein	transcript-transcript
363	543	protein-protein	proteinprotein	protein-protein
365	715	metabolite-metabolite	metabolitemetabolite	metabolite-metabolite
365	527	metabolite-metabolite	metabolitemetabolite	metabolite-metabolite
368	715	metabolite-metabolite	metabolitemetabolite	metabolite-metabolite
370	715	metabolite-metabolite	metabolitemetabolite	metabolite-metabolite
370	814	metabolite-metabolite	metabolitemetabolite	metabolite-metabolite
371	715	metabolite-metabolite	metabolitemetabolite	metabolite-metabolite
373	710	transcript-bridge	proteinprotein	bridge-transcript
373	668	transcript-bridge	proteinprotein	bridge-transcript
374	713	transcript-bridge	proteinprotein	bridge-transcript
374	744	transcript-transcript	proteinprotein	transcript-transcript
374	750	protein-transcript	proteinprotein	protein-transcript
374	753	transcript-bridge	proteinprotein	bridge-transcript
374	413	transcript-bridge	proteinprotein	bridge-transcript
374	424	protein-transcript	proteinprotein	protein-transcript
376	501	protein-bridge	proteinprotein	bridge-protein
376	888	protein-bridge	proteinprotein	bridge-protein
376	440	protein-bridge	proteinprotein	bridge-protein
377	715	metabolite-metabolite	metabolitemetabolite	metabolite-metabolite
377	557	metabolite-metabolite	metabolitemetabolite	metabolite-metabolite
378	694	protein-protein	proteinprotein	protein-protein
379	817	protein-bridge	proteinprotein	bridge-protein
380	690	protein-protein	proteinprotein	protein-protein
380	615	protein-transcript	proteinprotein	protein-transcript
380	447	protein-bridge	proteinprotein	bridge-protein
380	869	protein-protein	proteinprotein	protein-protein
382	544	transcript-transcript	proteinprotein	transcript-transcript
382	820	transcript-transcript	proteinprotein	transcript-transcript
383	897	transcript-transcript	proteinprotein	transcript-transcript
385	738	protein-bridge	proteinprotein	bridge-protein
385	400	bridge-bridge	proteinprotein	bridge-bridge
386	719	metabolite-metabolite	metabolitemetabolite	metabolite-metabolite
388	568	protein-bridge	proteinprotein	bridge-protein
388	413	protein-bridge	proteinprotein	bridge-protein
389	707	protein-bridge	proteinprotein	bridge-protein
390	709	transcript-bridge	proteinprotein	bridge-transcript
390	445	bridge-bridge	proteinprotein	bridge-bridge
390	896	bridge-bridge	proteinprotein	bridge-bridge
390	422	transcript-bridge	proteinprotein	bridge-transcript
393	694	protein-protein	proteinprotein	protein-protein
393	585	protein-protein	proteinprotein	protein-protein
395	461	transcript-transcript	proteinprotein	transcript-transcript
395	598	transcript-transcript	proteinprotein	transcript-transcript
395	886	transcript-transcript	proteinprotein	transcript-transcript
397	490	metabolite-metabolite	metabolitemetabolite	metabolite-metabolite
397	726	metabolite-metabolite	metabolitemetabolite	metabolite-metabolite
397	766	metabolite-metabolite	metabolitemetabolite	metabolite-metabolite
397	641	metabolite-metabolite	metabolitemetabolite	metabolite-metabolite
398	570	transcript-transcript	proteinprotein	transcript-transcript
398	597	transcript-transcript	proteinprotein	transcript-transcript
398	680	transcript-transcript	proteinprotein	transcript-transcript
399	807	protein-protein	proteinprotein	protein-protein
401	597	transcript-transcript	proteinprotein	transcript-transcript
401	850	transcript-transcript	proteinprotein	transcript-transcript
403	841	metabolite-metabolite	metabolitemetabolite	metabolite-metabolite
405	561	metabolite-metabolite	metabolitemetabolite	metabolite-metabolite
405	599	metabolite-metabolite	metabolitemetabolite	metabolite-metabolite
405	894	metabolite-metabolite	metabolitemetabolite	metabolite-metabolite
408	734	transcript-transcript	proteinprotein	transcript-transcript
408	526	transcript-transcript	proteinprotein	transcript-transcript
408	747	transcript-transcript	proteinprotein	transcript-transcript
408	765	transcript-transcript	proteinprotein	transcript-transcript
408	584	transcript-transcript	proteinprotein	transcript-transcript
408	596	transcript-transcript	proteinprotein	transcript-transcript
408	605	transcript-transcript	proteinprotein	transcript-transcript
408	636	transcript-transcript	proteinprotein	transcript-transcript
408	844	transcript-transcript	proteinprotein	transcript-transcript
411	771	transcript-transcript	proteinprotein	transcript-transcript
411	592	protein-transcript	proteinprotein	protein-transcript
411	605	transcript-transcript	proteinprotein	transcript-transcript
412	758	transcript-transcript	proteinprotein	transcript-transcript
412	845	transcript-transcript	proteinprotein	transcript-transcript
413	750	protein-bridge	proteinprotein	bridge-protein
414	766	metabolite-metabolite	metabolitemetabolite	metabolite-metabolite
414	628	metabolite-metabolite	metabolitemetabolite	metabolite-metabolite
416	776	transcript-transcript	proteinprotein	transcript-transcript
416	880	transcript-transcript	proteinprotein	transcript-transcript
417	611	bridge-bridge	proteinprotein	bridge-bridge
417	821	protein-bridge	proteinprotein	bridge-protein
420	590	bridge-bridge	proteinprotein	bridge-bridge
420	611	bridge-bridge	proteinprotein	bridge-bridge
420	676	bridge-bridge	proteinprotein	bridge-bridge
421	775	protein-bridge	proteinprotein	bridge-protein
421	602	protein-bridge	proteinprotein	bridge-protein
422	707	protein-transcript	proteinprotein	protein-transcript
422	887	transcript-bridge	proteinprotein	bridge-transcript
424	449	protein-protein	proteinprotein	protein-protein
424	514	protein-protein	proteinprotein	protein-protein
424	736	protein-bridge	proteinprotein	bridge-protein
424	824	protein-bridge	proteinprotein	bridge-protein
424	881	protein-protein	proteinprotein	protein-protein
427	456	metabolite-metabolite	metabolitemetabolite	metabolite-metabolite
427	530	metabolite-metabolite	metabolitemetabolite	metabolite-metabolite
427	552	metabolite-metabolite	metabolitemetabolite	metabolite-metabolite
427	766	metabolite-metabolite	metabolitemetabolite	metabolite-metabolite
427	767	metabolite-metabolite	metabolitemetabolite	metabolite-metabolite
427	782	metabolite-metabolite	metabolitemetabolite	metabolite-metabolite
427	819	metabolite-metabolite	metabolitemetabolite	metabolite-metabolite
427	633	metabolite-metabolite	metabolitemetabolite	metabolite-metabolite
427	876	metabolite-metabolite	metabolitemetabolite	metabolite-metabolite
428	715	metabolite-metabolite	metabolitemetabolite	metabolite-metabolite
429	899	metabolite-metabolite	metabolitemetabolite	metabolite-metabolite
431	508	transcript-transcript	proteinprotein	transcript-transcript
431	765	transcript-transcript	proteinprotein	transcript-transcript
431	581	transcript-transcript	proteinprotein	transcript-transcript
431	596	transcript-transcript	proteinprotein	transcript-transcript
431	634	transcript-transcript	proteinprotein	transcript-transcript
431	636	transcript-transcript	proteinprotein	transcript-transcript
431	863	transcript-transcript	proteinprotein	transcript-transcript
431	885	protein-transcript	proteinprotein	protein-transcript
433	576	bridge-bridge	proteinprotein	bridge-bridge
433	609	bridge-bridge	proteinprotein	bridge-bridge
434	509	protein-protein	proteinprotein	protein-protein
434	606	protein-bridge	proteinprotein	bridge-protein
434	611	protein-bridge	proteinprotein	bridge-protein
436	457	protein-transcript	proteinprotein	protein-transcript
436	725	transcript-transcript	proteinprotein	transcript-transcript
436	854	transcript-transcript	proteinprotein	transcript-transcript
438	440	protein-bridge	proteinprotein	bridge-protein
439	512	protein-transcript	proteinprotein	protein-transcript
439	526	protein-transcript	proteinprotein	protein-transcript
439	765	protein-transcript	proteinprotein	protein-transcript
439	592	protein-protein	proteinprotein	protein-protein
439	596	protein-transcript	proteinprotein	protein-transcript
439	813	protein-transcript	proteinprotein	protein-transcript
439	643	protein-transcript	proteinprotein	protein-transcript
439	863	protein-transcript	proteinprotein	protein-transcript
439	672	protein-transcript	proteinprotein	protein-transcript
439	882	protein-transcript	proteinprotein	protein-transcript
440	763	bridge-bridge	proteinprotein	bridge-bridge
440	568	bridge-bridge	proteinprotein	bridge-bridge
440	573	protein-bridge	proteinprotein	bridge-protein
440	789	bridge-bridge	proteinprotein	bridge-bridge
440	793	protein-bridge	proteinprotein	bridge-protein
440	448	bridge-bridge	proteinprotein	bridge-bridge
442	700	transcript-transcript	proteinprotein	transcript-transcript
442	854	transcript-transcript	proteinprotein	transcript-transcript
442	675	transcript-transcript	proteinprotein	transcript-transcript
443	476	transcript-bridge	proteinprotein	bridge-transcript
443	617	protein-transcript	proteinprotein	protein-transcript
445	848	protein-bridge	proteinprotein	bridge-protein
446	558	transcript-transcript	proteinprotein	transcript-transcript
446	567	transcript-transcript	proteinprotein	transcript-transcript
446	769	transcript-transcript	proteinprotein	transcript-transcript
446	853	transcript-transcript	proteinprotein	transcript-transcript
449	881	protein-protein	proteinprotein	protein-protein
449	631	protein-bridge	proteinprotein	bridge-protein
449	712	protein-protein	proteinprotein	protein-protein
449	821	protein-protein	proteinprotein	protein-protein
449	803	protein-transcript	proteinprotein	protein-transcript
449	568	protein-bridge	proteinprotein	bridge-protein
449	727	protein-bridge	proteinprotein	bridge-protein
449	459	protein-protein	proteinprotein	protein-protein
451	857	transcript-transcript	proteinprotein	transcript-transcript
452	747	transcript-transcript	proteinprotein	transcript-transcript
452	651	protein-transcript	proteinprotein	protein-transcript
456	766	metabolite-metabolite	metabolitemetabolite	metabolite-metabolite
456	834	metabolite-metabolite	metabolitemetabolite	metabolite-metabolite
456	481	metabolite-metabolite	metabolitemetabolite	metabolite-metabolite
457	863	protein-transcript	proteinprotein	protein-transcript
457	508	protein-transcript	proteinprotein	protein-transcript
457	581	protein-transcript	proteinprotein	protein-transcript
459	525	protein-bridge	proteinprotein	bridge-protein
459	804	protein-protein	proteinprotein	protein-protein
459	738	protein-protein	proteinprotein	protein-protein
459	878	protein-bridge	proteinprotein	bridge-protein
459	462	protein-protein	proteinprotein	protein-protein
462	736	protein-bridge	proteinprotein	bridge-protein
462	896	protein-bridge	proteinprotein	bridge-protein
462	562	protein-protein	proteinprotein	protein-protein
464	525	protein-bridge	proteinprotein	bridge-protein
466	847	metabolite-metabolite	metabolitemetabolite	metabolite-metabolite
466	723	metabolite-metabolite	metabolitemetabolite	metabolite-metabolite
469	751	transcript-transcript	proteinprotein	transcript-transcript
469	548	transcript-transcript	proteinprotein	transcript-transcript
469	572	transcript-transcript	proteinprotein	transcript-transcript
470	714	transcript-transcript	proteinprotein	transcript-transcript
470	785	transcript-transcript	proteinprotein	transcript-transcript
470	480	transcript-transcript	proteinprotein	transcript-transcript
470	497	transcript-transcript	proteinprotein	transcript-transcript
470	605	transcript-transcript	proteinprotein	transcript-transcript
472	847	metabolite-metabolite	metabolitemetabolite	metabolite-metabolite
473	684	metabolite-metabolite	metabolitemetabolite	metabolite-metabolite
473	715	metabolite-metabolite	metabolitemetabolite	metabolite-metabolite
474	630	transcript-bridge	proteinprotein	bridge-transcript
474	549	protein-transcript	proteinprotein	protein-transcript
474	877	transcript-bridge	proteinprotein	bridge-transcript
475	715	metabolite-metabolite	metabolitemetabolite	metabolite-metabolite
477	690	protein-protein	proteinprotein	protein-protein
478	807	protein-transcript	proteinprotein	protein-transcript
479	715	metabolite-metabolite	metabolitemetabolite	metabolite-metabolite
480	695	transcript-transcript	proteinprotein	transcript-transcript
480	865	transcript-transcript	proteinprotein	transcript-transcript
480	714	transcript-transcript	proteinprotein	transcript-transcript
480	500	transcript-transcript	proteinprotein	transcript-transcript
480	761	transcript-transcript	proteinprotein	transcript-transcript
480	785	transcript-transcript	proteinprotein	transcript-transcript
480	880	transcript-transcript	proteinprotein	transcript-transcript
480	497	transcript-transcript	proteinprotein	transcript-transcript
481	715	metabolite-metabolite	metabolitemetabolite	metabolite-metabolite
481	766	metabolite-metabolite	metabolitemetabolite	metabolite-metabolite
481	834	metabolite-metabolite	metabolitemetabolite	metabolite-metabolite
481	505	metabolite-metabolite	metabolitemetabolite	metabolite-metabolite
481	628	metabolite-metabolite	metabolitemetabolite	metabolite-metabolite
481	832	metabolite-metabolite	metabolitemetabolite	metabolite-metabolite
483	552	metabolite-metabolite	metabolitemetabolite	metabolite-metabolite
486	784	protein-transcript	proteinprotein	protein-transcript
486	566	protein-protein	proteinprotein	protein-protein
488	814	metabolite-metabolite	metabolitemetabolite	metabolite-metabolite
489	519	transcript-transcript	proteinprotein	transcript-transcript
490	782	metabolite-metabolite	metabolitemetabolite	metabolite-metabolite
490	593	metabolite-metabolite	metabolitemetabolite	metabolite-metabolite
490	839	metabolite-metabolite	metabolitemetabolite	metabolite-metabolite
490	557	metabolite-metabolite	metabolitemetabolite	metabolite-metabolite
490	530	metabolite-metabolite	metabolitemetabolite	metabolite-metabolite
490	618	metabolite-metabolite	metabolitemetabolite	metabolite-metabolite
490	534	metabolite-metabolite	metabolitemetabolite	metabolite-metabolite
490	766	metabolite-metabolite	metabolitemetabolite	metabolite-metabolite
490	628	metabolite-metabolite	metabolitemetabolite	metabolite-metabolite
490	624	metabolite-metabolite	metabolitemetabolite	metabolite-metabolite
490	841	metabolite-metabolite	metabolitemetabolite	metabolite-metabolite
490	876	metabolite-metabolite	metabolitemetabolite	metabolite-metabolite
491	694	protein-protein	proteinprotein	protein-protein
491	823	protein-protein	proteinprotein	protein-protein
493	563	protein-protein	proteinprotein	protein-protein
495	814	metabolite-metabolite	metabolitemetabolite	metabolite-metabolite
497	705	transcript-transcript	proteinprotein	transcript-transcript
497	845	transcript-transcript	proteinprotein	transcript-transcript
498	872	protein-protein	proteinprotein	protein-protein
498	830	protein-protein	proteinprotein	protein-protein
498	795	protein-protein	proteinprotein	protein-protein
499	642	transcript-transcript	proteinprotein	transcript-transcript
499	850	transcript-transcript	proteinprotein	transcript-transcript
500	771	transcript-transcript	proteinprotein	transcript-transcript
500	526	transcript-transcript	proteinprotein	transcript-transcript
501	511	protein-bridge	proteinprotein	bridge-protein
502	687	transcript-bridge	proteinprotein	bridge-transcript
504	747	transcript-transcript	proteinprotein	transcript-transcript
505	834	metabolite-metabolite	metabolitemetabolite	metabolite-metabolite
508	691	transcript-transcript	proteinprotein	transcript-transcript
508	863	transcript-transcript	proteinprotein	transcript-transcript
508	672	transcript-transcript	proteinprotein	transcript-transcript
508	526	transcript-transcript	proteinprotein	transcript-transcript
508	581	transcript-transcript	proteinprotein	transcript-transcript
508	854	transcript-transcript	proteinprotein	transcript-transcript
509	611	protein-bridge	proteinprotein	bridge-protein
509	545	protein-bridge	proteinprotein	bridge-protein
511	711	protein-protein	proteinprotein	protein-protein
511	563	protein-protein	proteinprotein	protein-protein
512	882	transcript-transcript	proteinprotein	transcript-transcript
512	567	transcript-transcript	proteinprotein	transcript-transcript
512	758	transcript-transcript	proteinprotein	transcript-transcript
512	813	transcript-transcript	proteinprotein	transcript-transcript
512	818	protein-transcript	proteinprotein	protein-transcript
512	571	transcript-transcript	proteinprotein	transcript-transcript
512	672	transcript-transcript	proteinprotein	transcript-transcript
513	688	transcript-transcript	proteinprotein	transcript-transcript
513	784	transcript-transcript	proteinprotein	transcript-transcript
514	712	protein-protein	proteinprotein	protein-protein
514	753	protein-bridge	proteinprotein	bridge-protein
514	888	protein-bridge	proteinprotein	bridge-protein
516	715	metabolite-metabolite	metabolitemetabolite	metabolite-metabolite
517	699	metabolite-metabolite	metabolitemetabolite	metabolite-metabolite
518	855	protein-transcript	proteinprotein	protein-transcript
521	685	transcript-transcript	proteinprotein	transcript-transcript
521	560	transcript-transcript	proteinprotein	transcript-transcript
523	888	bridge-bridge	proteinprotein	bridge-bridge
526	596	transcript-transcript	proteinprotein	transcript-transcript
526	581	transcript-transcript	proteinprotein	transcript-transcript
528	734	transcript-transcript	proteinprotein	transcript-transcript
528	586	transcript-transcript	proteinprotein	transcript-transcript
528	747	transcript-transcript	proteinprotein	transcript-transcript
528	781	transcript-transcript	proteinprotein	transcript-transcript
528	564	transcript-transcript	proteinprotein	transcript-transcript
530	715	metabolite-metabolite	metabolitemetabolite	metabolite-metabolite
530	732	metabolite-metabolite	metabolitemetabolite	metabolite-metabolite
530	782	metabolite-metabolite	metabolitemetabolite	metabolite-metabolite
530	552	metabolite-metabolite	metabolitemetabolite	metabolite-metabolite
530	876	metabolite-metabolite	metabolitemetabolite	metabolite-metabolite
534	715	metabolite-metabolite	metabolitemetabolite	metabolite-metabolite
535	814	metabolite-metabolite	metabolitemetabolite	metabolite-metabolite
536	893	protein-protein	proteinprotein	protein-protein
542	738	protein-protein	proteinprotein	protein-protein
543	689	protein-protein	proteinprotein	protein-protein
543	622	protein-transcript	proteinprotein	protein-transcript
545	676	bridge-bridge	proteinprotein	bridge-bridge
547	690	protein-protein	proteinprotein	protein-protein
551	602	bridge-bridge	proteinprotein	bridge-bridge
551	579	protein-bridge	proteinprotein	bridge-protein
551	623	bridge-bridge	proteinprotein	bridge-bridge
552	847	metabolite-metabolite	metabolitemetabolite	metabolite-metabolite
552	861	metabolite-metabolite	metabolitemetabolite	metabolite-metabolite
553	819	metabolite-metabolite	metabolitemetabolite	metabolite-metabolite
554	557	metabolite-metabolite	metabolitemetabolite	metabolite-metabolite
554	625	metabolite-metabolite	metabolitemetabolite	metabolite-metabolite
555	866	protein-transcript	proteinprotein	protein-transcript
556	688	transcript-transcript	proteinprotein	transcript-transcript
556	776	transcript-transcript	proteinprotein	transcript-transcript
557	715	metabolite-metabolite	metabolitemetabolite	metabolite-metabolite
557	740	metabolite-metabolite	metabolitemetabolite	metabolite-metabolite
557	841	metabolite-metabolite	metabolitemetabolite	metabolite-metabolite
557	625	metabolite-metabolite	metabolitemetabolite	metabolite-metabolite
557	624	metabolite-metabolite	metabolitemetabolite	metabolite-metabolite
557	899	metabolite-metabolite	metabolitemetabolite	metabolite-metabolite
557	832	metabolite-metabolite	metabolitemetabolite	metabolite-metabolite
558	758	transcript-transcript	proteinprotein	transcript-transcript
558	813	transcript-transcript	proteinprotein	transcript-transcript
561	730	metabolite-metabolite	metabolitemetabolite	metabolite-metabolite
562	575	protein-protein	proteinprotein	protein-protein
562	669	protein-transcript	proteinprotein	protein-transcript
565	737	metabolite-metabolite	metabolitemetabolite	metabolite-metabolite
566	688	protein-transcript	proteinprotein	protein-transcript
566	779	protein-protein	proteinprotein	protein-protein
566	644	protein-transcript	proteinprotein	protein-transcript
566	784	protein-transcript	proteinprotein	protein-transcript
567	755	transcript-transcript	proteinprotein	transcript-transcript
567	758	transcript-transcript	proteinprotein	transcript-transcript
567	853	transcript-transcript	proteinprotein	transcript-transcript
567	818	protein-transcript	proteinprotein	protein-transcript
568	722	protein-bridge	proteinprotein	bridge-protein
568	594	bridge-bridge	proteinprotein	bridge-bridge
570	680	transcript-transcript	proteinprotein	transcript-transcript
570	597	transcript-transcript	proteinprotein	transcript-transcript
572	751	transcript-transcript	proteinprotein	transcript-transcript
573	777	protein-bridge	proteinprotein	bridge-protein
573	824	protein-bridge	proteinprotein	bridge-protein
573	893	protein-protein	proteinprotein	protein-protein
574	663	transcript-transcript	proteinprotein	transcript-transcript
574	801	transcript-transcript	proteinprotein	transcript-transcript
575	669	protein-transcript	proteinprotein	protein-transcript
576	585	protein-bridge	proteinprotein	bridge-protein
580	848	protein-bridge	proteinprotein	bridge-protein
581	765	transcript-transcript	proteinprotein	transcript-transcript
581	863	transcript-transcript	proteinprotein	transcript-transcript
581	885	protein-transcript	proteinprotein	protein-transcript
581	672	transcript-transcript	proteinprotein	transcript-transcript
581	854	transcript-transcript	proteinprotein	transcript-transcript
583	715	metabolite-metabolite	metabolitemetabolite	metabolite-metabolite
585	753	protein-bridge	proteinprotein	bridge-protein
585	609	protein-bridge	proteinprotein	bridge-protein
585	860	protein-protein	proteinprotein	protein-protein
585	804	protein-protein	proteinprotein	protein-protein
586	761	transcript-transcript	proteinprotein	transcript-transcript
588	814	metabolite-metabolite	metabolitemetabolite	metabolite-metabolite
590	739	bridge-bridge	proteinprotein	bridge-bridge
591	723	metabolite-metabolite	metabolitemetabolite	metabolite-metabolite
591	599	metabolite-metabolite	metabolitemetabolite	metabolite-metabolite
593	766	metabolite-metabolite	metabolitemetabolite	metabolite-metabolite
593	819	metabolite-metabolite	metabolitemetabolite	metabolite-metabolite
593	625	metabolite-metabolite	metabolitemetabolite	metabolite-metabolite
594	623	bridge-bridge	proteinprotein	bridge-bridge
595	773	protein-bridge	proteinprotein	bridge-protein
596	747	transcript-transcript	proteinprotein	transcript-transcript
596	765	transcript-transcript	proteinprotein	transcript-transcript
596	844	transcript-transcript	proteinprotein	transcript-transcript
596	636	transcript-transcript	proteinprotein	transcript-transcript
596	862	transcript-transcript	proteinprotein	transcript-transcript
596	863	transcript-transcript	proteinprotein	transcript-transcript
596	642	transcript-transcript	proteinprotein	transcript-transcript
596	677	transcript-transcript	proteinprotein	transcript-transcript
596	604	transcript-transcript	proteinprotein	transcript-transcript
596	799	transcript-transcript	proteinprotein	transcript-transcript
596	605	transcript-transcript	proteinprotein	transcript-transcript
596	843	transcript-transcript	proteinprotein	transcript-transcript
596	672	transcript-transcript	proteinprotein	transcript-transcript
597	663	transcript-transcript	proteinprotein	transcript-transcript
597	680	transcript-transcript	proteinprotein	transcript-transcript
597	843	transcript-transcript	proteinprotein	transcript-transcript
597	850	transcript-transcript	proteinprotein	transcript-transcript
598	886	transcript-transcript	proteinprotein	transcript-transcript
600	694	protein-protein	proteinprotein	protein-protein
600	823	protein-protein	proteinprotein	protein-protein
601	623	bridge-bridge	proteinprotein	bridge-bridge
603	715	metabolite-metabolite	metabolitemetabolite	metabolite-metabolite
604	799	transcript-transcript	proteinprotein	transcript-transcript
604	844	transcript-transcript	proteinprotein	transcript-transcript
604	636	transcript-transcript	proteinprotein	transcript-transcript
604	862	transcript-transcript	proteinprotein	transcript-transcript
604	865	transcript-transcript	proteinprotein	transcript-transcript
604	672	transcript-transcript	proteinprotein	transcript-transcript
605	714	transcript-transcript	proteinprotein	transcript-transcript
605	734	transcript-transcript	proteinprotein	transcript-transcript
605	747	transcript-transcript	proteinprotein	transcript-transcript
605	799	transcript-transcript	proteinprotein	transcript-transcript
605	844	transcript-transcript	proteinprotein	transcript-transcript
605	636	transcript-transcript	proteinprotein	transcript-transcript
605	862	transcript-transcript	proteinprotein	transcript-transcript
605	863	transcript-transcript	proteinprotein	transcript-transcript
605	642	transcript-transcript	proteinprotein	transcript-transcript
606	611	bridge-bridge	proteinprotein	bridge-bridge
608	805	transcript-transcript	proteinprotein	transcript-transcript
609	791	bridge-bridge	proteinprotein	bridge-bridge
612	704	metabolite-metabolite	metabolitemetabolite	metabolite-metabolite
612	715	metabolite-metabolite	metabolitemetabolite	metabolite-metabolite
613	680	transcript-transcript	proteinprotein	transcript-transcript
613	843	transcript-transcript	proteinprotein	transcript-transcript
615	622	transcript-transcript	proteinprotein	transcript-transcript
617	821	protein-protein	proteinprotein	protein-protein
620	715	metabolite-metabolite	metabolitemetabolite	metabolite-metabolite
621	852	transcript-transcript	proteinprotein	transcript-transcript
622	792	protein-transcript	proteinprotein	protein-transcript
622	823	protein-transcript	proteinprotein	protein-transcript
622	872	protein-transcript	proteinprotein	protein-transcript
623	692	bridge-bridge	proteinprotein	bridge-bridge
624	819	metabolite-metabolite	metabolitemetabolite	metabolite-metabolite
625	766	metabolite-metabolite	metabolitemetabolite	metabolite-metabolite
627	841	metabolite-metabolite	metabolitemetabolite	metabolite-metabolite
627	870	metabolite-metabolite	metabolitemetabolite	metabolite-metabolite
629	757	metabolite-metabolite	metabolitemetabolite	metabolite-metabolite
629	870	metabolite-metabolite	metabolitemetabolite	metabolite-metabolite
632	694	protein-protein	proteinprotein	protein-protein
633	814	metabolite-metabolite	metabolitemetabolite	metabolite-metabolite
634	765	transcript-transcript	proteinprotein	transcript-transcript
634	843	transcript-transcript	proteinprotein	transcript-transcript
634	885	protein-transcript	proteinprotein	protein-transcript
634	642	transcript-transcript	proteinprotein	transcript-transcript
636	843	transcript-transcript	proteinprotein	transcript-transcript
636	863	transcript-transcript	proteinprotein	transcript-transcript
636	642	transcript-transcript	proteinprotein	transcript-transcript
637	728	metabolite-metabolite	metabolitemetabolite	metabolite-metabolite
639	711	protein-bridge	proteinprotein	bridge-protein
639	808	bridge-bridge	proteinprotein	bridge-bridge
641	766	metabolite-metabolite	metabolitemetabolite	metabolite-metabolite
642	734	transcript-transcript	proteinprotein	transcript-transcript
642	747	transcript-transcript	proteinprotein	transcript-transcript
643	755	transcript-transcript	proteinprotein	transcript-transcript
644	802	transcript-transcript	proteinprotein	transcript-transcript
646	687	bridge-bridge	proteinprotein	bridge-bridge
647	731	transcript-transcript	proteinprotein	transcript-transcript
648	837	bridge-bridge	proteinprotein	bridge-bridge
651	714	protein-transcript	proteinprotein	protein-transcript
651	734	protein-transcript	proteinprotein	protein-transcript
651	747	protein-transcript	proteinprotein	protein-transcript
657	775	transcript-bridge	proteinprotein	bridge-transcript
657	823	protein-transcript	proteinprotein	protein-transcript
658	727	bridge-bridge	proteinprotein	bridge-bridge
660	833	protein-protein	proteinprotein	protein-protein
661	715	metabolite-metabolite	metabolitemetabolite	metabolite-metabolite
661	732	metabolite-metabolite	metabolitemetabolite	metabolite-metabolite
662	735	transcript-transcript	proteinprotein	transcript-transcript
664	890	metabolite-metabolite	metabolitemetabolite	metabolite-metabolite
666	814	metabolite-metabolite	metabolitemetabolite	metabolite-metabolite
669	707	protein-transcript	proteinprotein	protein-transcript
669	750	protein-transcript	proteinprotein	protein-transcript
672	854	transcript-transcript	proteinprotein	transcript-transcript
672	863	transcript-transcript	proteinprotein	transcript-transcript
676	856	bridge-bridge	proteinprotein	bridge-bridge
677	843	transcript-transcript	proteinprotein	transcript-transcript
677	850	transcript-transcript	proteinprotein	transcript-transcript
678	788	transcript-transcript	proteinprotein	transcript-transcript
678	805	transcript-transcript	proteinprotein	transcript-transcript
681	814	metabolite-metabolite	metabolitemetabolite	metabolite-metabolite
682	742	bridge-bridge	proteinprotein	bridge-bridge
686	715	metabolite-metabolite	metabolitemetabolite	metabolite-metabolite
687	856	bridge-bridge	proteinprotein	bridge-bridge
688	784	transcript-transcript	proteinprotein	transcript-transcript
689	752	protein-protein	proteinprotein	protein-protein
689	821	protein-protein	proteinprotein	protein-protein
689	837	protein-bridge	proteinprotein	bridge-protein
689	864	protein-protein	proteinprotein	protein-protein
690	773	protein-protein	proteinprotein	protein-protein
693	816	metabolite-metabolite	metabolitemetabolite	metabolite-metabolite
694	830	protein-protein	proteinprotein	protein-protein
694	879	protein-protein	proteinprotein	protein-protein
694	762	protein-protein	proteinprotein	protein-protein
695	845	transcript-transcript	proteinprotein	transcript-transcript
695	880	transcript-transcript	proteinprotein	transcript-transcript
696	738	protein-bridge	proteinprotein	bridge-protein
697	814	metabolite-metabolite	metabolitemetabolite	metabolite-metabolite
698	715	metabolite-metabolite	metabolitemetabolite	metabolite-metabolite
701	814	metabolite-metabolite	metabolitemetabolite	metabolite-metabolite
702	715	metabolite-metabolite	metabolitemetabolite	metabolite-metabolite
704	715	metabolite-metabolite	metabolitemetabolite	metabolite-metabolite
705	761	transcript-transcript	proteinprotein	transcript-transcript
705	788	transcript-transcript	proteinprotein	transcript-transcript
706	718	transcript-transcript	proteinprotein	transcript-transcript
706	801	transcript-transcript	proteinprotein	transcript-transcript
707	827	protein-protein	proteinprotein	protein-protein
708	870	metabolite-metabolite	metabolitemetabolite	metabolite-metabolite
712	848	protein-protein	proteinprotein	protein-protein
714	844	transcript-transcript	proteinprotein	transcript-transcript
714	734	transcript-transcript	proteinprotein	transcript-transcript
714	747	transcript-transcript	proteinprotein	transcript-transcript
715	740	metabolite-metabolite	metabolitemetabolite	metabolite-metabolite
715	841	metabolite-metabolite	metabolitemetabolite	metabolite-metabolite
715	839	metabolite-metabolite	metabolitemetabolite	metabolite-metabolite
715	840	metabolite-metabolite	metabolitemetabolite	metabolite-metabolite
715	816	metabolite-metabolite	metabolitemetabolite	metabolite-metabolite
723	847	metabolite-metabolite	metabolitemetabolite	metabolite-metabolite
724	745	metabolite-metabolite	metabolitemetabolite	metabolite-metabolite
725	854	transcript-transcript	proteinprotein	transcript-transcript
726	782	metabolite-metabolite	metabolitemetabolite	metabolite-metabolite
726	766	metabolite-metabolite	metabolitemetabolite	metabolite-metabolite
726	876	metabolite-metabolite	metabolitemetabolite	metabolite-metabolite
726	839	metabolite-metabolite	metabolitemetabolite	metabolite-metabolite
727	829	bridge-bridge	proteinprotein	bridge-bridge
729	896	bridge-bridge	proteinprotein	bridge-bridge
732	766	metabolite-metabolite	metabolitemetabolite	metabolite-metabolite
732	768	metabolite-metabolite	metabolitemetabolite	metabolite-metabolite
733	786	protein-bridge	proteinprotein	bridge-protein
734	844	transcript-transcript	proteinprotein	transcript-transcript
734	747	transcript-transcript	proteinprotein	transcript-transcript
734	785	transcript-transcript	proteinprotein	transcript-transcript
734	862	transcript-transcript	proteinprotein	transcript-transcript
740	832	metabolite-metabolite	metabolitemetabolite	metabolite-metabolite
743	814	metabolite-metabolite	metabolitemetabolite	metabolite-metabolite
749	833	protein-protein	proteinprotein	protein-protein
749	848	protein-protein	proteinprotein	protein-protein
750	829	protein-bridge	proteinprotein	bridge-protein
750	878	protein-bridge	proteinprotein	bridge-protein
751	868	transcript-transcript	proteinprotein	transcript-transcript
752	881	protein-protein	proteinprotein	protein-protein
756	803	protein-transcript	proteinprotein	protein-transcript
756	775	protein-bridge	proteinprotein	bridge-protein
757	870	metabolite-metabolite	metabolitemetabolite	metabolite-metabolite
758	882	transcript-transcript	proteinprotein	transcript-transcript
760	851	metabolite-metabolite	metabolitemetabolite	metabolite-metabolite
761	781	transcript-transcript	proteinprotein	transcript-transcript
763	848	protein-bridge	proteinprotein	bridge-protein
764	814	metabolite-metabolite	metabolitemetabolite	metabolite-metabolite
765	863	transcript-transcript	proteinprotein	transcript-transcript
766	839	metabolite-metabolite	metabolitemetabolite	metabolite-metabolite
766	834	metabolite-metabolite	metabolitemetabolite	metabolite-metabolite
769	818	protein-transcript	proteinprotein	protein-transcript
770	774	metabolite-metabolite	metabolitemetabolite	metabolite-metabolite
771	799	transcript-transcript	proteinprotein	transcript-transcript
771	863	transcript-transcript	proteinprotein	transcript-transcript
771	813	transcript-transcript	proteinprotein	transcript-transcript
776	845	transcript-transcript	proteinprotein	transcript-transcript
776	788	transcript-transcript	proteinprotein	transcript-transcript
776	880	transcript-transcript	proteinprotein	transcript-transcript
777	803	transcript-bridge	proteinprotein	bridge-transcript
779	889	protein-transcript	proteinprotein	protein-transcript
782	876	metabolite-metabolite	metabolitemetabolite	metabolite-metabolite
782	839	metabolite-metabolite	metabolitemetabolite	metabolite-metabolite
787	893	protein-protein	proteinprotein	protein-protein
788	845	transcript-transcript	proteinprotein	transcript-transcript
796	814	metabolite-metabolite	metabolitemetabolite	metabolite-metabolite
799	862	transcript-transcript	proteinprotein	transcript-transcript
799	863	transcript-transcript	proteinprotein	transcript-transcript
801	805	transcript-transcript	proteinprotein	transcript-transcript
803	821	protein-transcript	proteinprotein	protein-transcript
803	893	protein-transcript	proteinprotein	protein-transcript
805	845	transcript-transcript	proteinprotein	transcript-transcript
811	890	metabolite-metabolite	metabolitemetabolite	metabolite-metabolite
813	818	protein-transcript	proteinprotein	protein-transcript
814	858	metabolite-metabolite	metabolitemetabolite	metabolite-metabolite
814	822	metabolite-metabolite	metabolitemetabolite	metabolite-metabolite
814	870	metabolite-metabolite	metabolitemetabolite	metabolite-metabolite
817	836	protein-bridge	proteinprotein	bridge-protein
817	827	protein-protein	proteinprotein	protein-protein
818	882	protein-transcript	proteinprotein	protein-transcript
819	874	metabolite-metabolite	metabolitemetabolite	metabolite-metabolite
823	873	protein-transcript	proteinprotein	protein-transcript
826	847	metabolite-metabolite	metabolitemetabolite	metabolite-metabolite
828	883	transcript-transcript	proteinprotein	transcript-transcript
830	873	protein-transcript	proteinprotein	protein-transcript
834	899	metabolite-metabolite	metabolitemetabolite	metabolite-metabolite
838	893	protein-protein	proteinprotein	protein-protein
839	876	metabolite-metabolite	metabolitemetabolite	metabolite-metabolite
845	880	transcript-transcript	proteinprotein	transcript-transcript
854	855	transcript-transcript	proteinprotein	transcript-transcript
862	863	transcript-transcript	proteinprotein	transcript-transcript
875	897	transcript-transcript	proteinprotein	transcript-transcript
878	896	bridge-bridge	proteinprotein	bridge-bridge
6	767	metabolite-bridge	proteinmetabolite	bridge-metabolite
6	797	metabolite-bridge	proteinmetabolite	bridge-metabolite
6	458	metabolite-bridge	proteinmetabolite	bridge-metabolite
10	58	metabolite-transcript	proteinmetabolite	metabolite-transcript
10	462	metabolite-protein	proteinmetabolite	metabolite-protein
17	159	metabolite-bridge	proteinmetabolite	bridge-metabolite
17	196	metabolite-bridge	proteinmetabolite	bridge-metabolite
20	526	protein-transcript	proteinprotein	protein-transcript
21	400	metabolite-bridge	proteinmetabolite	bridge-metabolite
22	639	metabolite-bridge	proteinmetabolite	bridge-metabolite
22	856	metabolite-bridge	proteinmetabolite	bridge-metabolite
23	400	metabolite-bridge	proteinmetabolite	bridge-metabolite
25	185	metabolite-bridge	proteinmetabolite	bridge-metabolite
30	98	protein-transcript	proteinprotein	protein-transcript
42	159	metabolite-bridge	proteinmetabolite	bridge-metabolite
44	742	metabolite-bridge	proteinmetabolite	bridge-metabolite
44	186	metabolite-bridge	proteinmetabolite	bridge-metabolite
46	262	metabolite-bridge	proteinmetabolite	bridge-metabolite
47	177	metabolite-protein	proteinmetabolite	metabolite-protein
52	159	metabolite-bridge	proteinmetabolite	bridge-metabolite
56	400	metabolite-bridge	proteinmetabolite	bridge-metabolite
58	552	metabolite-transcript	proteinmetabolite	metabolite-transcript
59	211	metabolite-protein	proteinmetabolite	metabolite-protein
59	108	metabolite-protein	proteinmetabolite	metabolite-protein
59	159	metabolite-bridge	proteinmetabolite	bridge-metabolite
60	159	metabolite-bridge	proteinmetabolite	bridge-metabolite
65	105	protein-transcript	proteinprotein	protein-transcript
66	106	metabolite-transcript	proteinmetabolite	metabolite-transcript
66	159	metabolite-bridge	proteinmetabolite	bridge-metabolite
66	562	metabolite-protein	proteinmetabolite	metabolite-protein
67	422	metabolite-transcript	proteinmetabolite	metabolite-transcript
74	417	metabolite-bridge	proteinmetabolite	bridge-metabolite
88	615	protein-transcript	proteinprotein	protein-transcript
90	407	protein-transcript	proteinprotein	protein-transcript
95	159	metabolite-bridge	proteinmetabolite	bridge-metabolite
99	473	metabolite-bridge	proteinmetabolite	bridge-metabolite
100	639	metabolite-bridge	proteinmetabolite	bridge-metabolite
102	237	metabolite-bridge	proteinmetabolite	bridge-metabolite
106	841	metabolite-transcript	proteinmetabolite	metabolite-transcript
106	139	metabolite-transcript	proteinmetabolite	metabolite-transcript
120	709	metabolite-transcript	proteinmetabolite	metabolite-transcript
121	814	metabolite-transcript	proteinmetabolite	metabolite-transcript
121	870	metabolite-transcript	proteinmetabolite	metabolite-transcript
121	633	metabolite-transcript	proteinmetabolite	metabolite-transcript
121	796	metabolite-transcript	proteinmetabolite	metabolite-transcript
121	141	metabolite-transcript	proteinmetabolite	metabolite-transcript
122	196	metabolite-bridge	proteinmetabolite	bridge-metabolite
123	274	metabolite-protein	proteinmetabolite	metabolite-protein
123	147	metabolite-bridge	proteinmetabolite	bridge-metabolite
125	159	metabolite-bridge	proteinmetabolite	bridge-metabolite
125	196	metabolite-bridge	proteinmetabolite	bridge-metabolite
129	159	metabolite-bridge	proteinmetabolite	bridge-metabolite
131	639	metabolite-bridge	proteinmetabolite	bridge-metabolite
131	856	metabolite-bridge	proteinmetabolite	bridge-metabolite
141	443	metabolite-transcript	proteinmetabolite	metabolite-transcript
143	299	metabolite-bridge	proteinmetabolite	bridge-metabolite
143	394	metabolite-bridge	proteinmetabolite	bridge-metabolite
147	593	metabolite-bridge	proteinmetabolite	bridge-metabolite
147	354	metabolite-bridge	proteinmetabolite	bridge-metabolite
147	664	metabolite-bridge	proteinmetabolite	bridge-metabolite
154	374	metabolite-transcript	proteinmetabolite	metabolite-transcript
155	877	metabolite-bridge	proteinmetabolite	bridge-metabolite
156	177	metabolite-protein	proteinmetabolite	metabolite-protein
159	715	metabolite-bridge	proteinmetabolite	bridge-metabolite
159	299	metabolite-bridge	proteinmetabolite	bridge-metabolite
159	534	metabolite-bridge	proteinmetabolite	bridge-metabolite
159	839	metabolite-bridge	proteinmetabolite	bridge-metabolite
159	193	metabolite-bridge	proteinmetabolite	bridge-metabolite
159	531	metabolite-bridge	proteinmetabolite	bridge-metabolite
159	296	metabolite-bridge	proteinmetabolite	bridge-metabolite
159	529	metabolite-bridge	proteinmetabolite	bridge-metabolite
159	851	metabolite-bridge	proteinmetabolite	bridge-metabolite
159	286	metabolite-bridge	proteinmetabolite	bridge-metabolite
159	352	metabolite-bridge	proteinmetabolite	bridge-metabolite
159	435	metabolite-bridge	proteinmetabolite	bridge-metabolite
159	760	metabolite-bridge	proteinmetabolite	bridge-metabolite
159	774	metabolite-bridge	proteinmetabolite	bridge-metabolite
159	671	metabolite-bridge	proteinmetabolite	bridge-metabolite
159	418	metabolite-bridge	proteinmetabolite	bridge-metabolite
159	770	metabolite-bridge	proteinmetabolite	bridge-metabolite
172	847	metabolite-bridge	proteinmetabolite	bridge-metabolite
177	847	metabolite-protein	proteinmetabolite	metabolite-protein
177	273	metabolite-protein	proteinmetabolite	metabolite-protein
177	251	metabolite-protein	proteinmetabolite	metabolite-protein
184	237	metabolite-bridge	proteinmetabolite	bridge-metabolite
185	745	metabolite-bridge	proteinmetabolite	bridge-metabolite
186	354	metabolite-bridge	proteinmetabolite	bridge-metabolite
186	664	metabolite-bridge	proteinmetabolite	bridge-metabolite
186	289	metabolite-bridge	proteinmetabolite	bridge-metabolite
189	524	metabolite-transcript	proteinmetabolite	metabolite-transcript
191	841	metabolite-bridge	proteinmetabolite	bridge-metabolite
191	627	metabolite-bridge	proteinmetabolite	bridge-metabolite
196	726	metabolite-bridge	proteinmetabolite	bridge-metabolite
196	214	metabolite-bridge	proteinmetabolite	bridge-metabolite
196	754	metabolite-bridge	proteinmetabolite	bridge-metabolite
213	855	protein-transcript	proteinprotein	protein-transcript
215	524	metabolite-transcript	proteinmetabolite	metabolite-transcript
215	877	metabolite-bridge	proteinmetabolite	bridge-metabolite
237	715	metabolite-bridge	proteinmetabolite	bridge-metabolite
237	358	metabolite-bridge	proteinmetabolite	bridge-metabolite
240	380	metabolite-protein	proteinmetabolite	metabolite-protein
240	879	metabolite-protein	proteinmetabolite	metabolite-protein
246	522	metabolite-transcript	proteinmetabolite	metabolite-transcript
247	841	metabolite-protein	proteinmetabolite	metabolite-protein
251	549	metabolite-protein	proteinmetabolite	metabolite-protein
255	354	metabolite-bridge	proteinmetabolite	bridge-metabolite
255	891	metabolite-bridge	proteinmetabolite	bridge-metabolite
256	293	metabolite-bridge	proteinmetabolite	bridge-metabolite
256	540	metabolite-bridge	proteinmetabolite	bridge-metabolite
256	727	metabolite-bridge	proteinmetabolite	bridge-metabolite
256	374	metabolite-transcript	proteinmetabolite	metabolite-transcript
256	877	metabolite-bridge	proteinmetabolite	bridge-metabolite
257	622	protein-transcript	proteinprotein	protein-transcript
262	654	metabolite-bridge	proteinmetabolite	bridge-metabolite
272	727	metabolite-bridge	proteinmetabolite	bridge-metabolite
274	593	metabolite-protein	proteinmetabolite	metabolite-protein
274	354	metabolite-protein	proteinmetabolite	metabolite-protein
274	664	metabolite-protein	proteinmetabolite	metabolite-protein
293	874	metabolite-bridge	proteinmetabolite	bridge-metabolite
293	724	metabolite-bridge	proteinmetabolite	bridge-metabolite
293	650	metabolite-bridge	proteinmetabolite	bridge-metabolite
299	848	metabolite-protein	proteinmetabolite	metabolite-protein
299	373	metabolite-bridge	proteinmetabolite	bridge-metabolite
299	669	metabolite-transcript	proteinmetabolite	metabolite-transcript
307	848	metabolite-protein	proteinmetabolite	metabolite-protein
308	664	metabolite-bridge	proteinmetabolite	bridge-metabolite
308	890	metabolite-bridge	proteinmetabolite	bridge-metabolite
310	639	metabolite-bridge	proteinmetabolite	bridge-metabolite
319	727	metabolite-bridge	proteinmetabolite	bridge-metabolite
321	607	protein-transcript	proteinprotein	protein-transcript
347	657	protein-transcript	proteinprotein	protein-transcript
373	394	metabolite-bridge	proteinmetabolite	bridge-metabolite
374	699	metabolite-transcript	proteinmetabolite	metabolite-transcript
380	593	metabolite-protein	proteinmetabolite	metabolite-protein
384	443	metabolite-transcript	proteinmetabolite	metabolite-transcript
386	742	metabolite-bridge	proteinmetabolite	bridge-metabolite
388	866	protein-transcript	proteinprotein	protein-transcript
393	466	metabolite-protein	proteinmetabolite	metabolite-protein
405	742	metabolite-bridge	proteinmetabolite	bridge-metabolite
417	625	metabolite-bridge	proteinmetabolite	bridge-metabolite
417	741	metabolite-bridge	proteinmetabolite	bridge-metabolite
422	715	metabolite-transcript	proteinmetabolite	metabolite-transcript
422	732	metabolite-transcript	proteinmetabolite	metabolite-transcript
443	633	metabolite-transcript	proteinmetabolite	metabolite-transcript
443	796	metabolite-transcript	proteinmetabolite	metabolite-transcript
449	625	metabolite-protein	proteinmetabolite	metabolite-protein
456	522	metabolite-transcript	proteinmetabolite	metabolite-transcript
457	659	protein-transcript	proteinprotein	protein-transcript
462	550	protein-transcript	proteinprotein	protein-transcript
462	552	metabolite-protein	proteinmetabolite	metabolite-protein
481	522	metabolite-transcript	proteinmetabolite	metabolite-transcript
483	510	metabolite-bridge	proteinmetabolite	bridge-metabolite
490	856	metabolite-bridge	proteinmetabolite	bridge-metabolite
505	522	metabolite-transcript	proteinmetabolite	metabolite-transcript
510	654	metabolite-bridge	proteinmetabolite	bridge-metabolite
518	803	protein-transcript	proteinprotein	protein-transcript
522	766	metabolite-transcript	proteinmetabolite	metabolite-transcript
522	834	metabolite-transcript	proteinmetabolite	metabolite-transcript
524	637	metabolite-transcript	proteinmetabolite	metabolite-transcript
524	728	metabolite-transcript	proteinmetabolite	metabolite-transcript
539	639	metabolite-bridge	proteinmetabolite	bridge-metabolite
540	874	metabolite-bridge	proteinmetabolite	bridge-metabolite
540	724	metabolite-bridge	proteinmetabolite	bridge-metabolite
540	650	metabolite-bridge	proteinmetabolite	bridge-metabolite
541	856	metabolite-bridge	proteinmetabolite	bridge-metabolite
549	705	protein-transcript	proteinprotein	protein-transcript
553	727	metabolite-bridge	proteinmetabolite	bridge-metabolite
553	877	metabolite-bridge	proteinmetabolite	bridge-metabolite
555	744	protein-transcript	proteinprotein	protein-transcript
569	848	metabolite-protein	proteinmetabolite	metabolite-protein
592	669	protein-transcript	proteinprotein	protein-transcript
593	879	metabolite-protein	proteinmetabolite	metabolite-protein
624	727	metabolite-bridge	proteinmetabolite	bridge-metabolite
637	877	metabolite-bridge	proteinmetabolite	bridge-metabolite
639	767	metabolite-bridge	proteinmetabolite	bridge-metabolite
639	684	metabolite-bridge	proteinmetabolite	bridge-metabolite
650	727	metabolite-bridge	proteinmetabolite	bridge-metabolite
651	703	protein-transcript	proteinprotein	protein-transcript
690	765	protein-transcript	proteinprotein	protein-transcript
694	725	protein-transcript	proteinprotein	protein-transcript
707	826	metabolite-protein	proteinmetabolite	metabolite-protein
709	899	metabolite-transcript	proteinmetabolite	metabolite-transcript
709	717	metabolite-transcript	proteinmetabolite	metabolite-transcript
715	827	metabolite-protein	proteinmetabolite	metabolite-protein
727	819	metabolite-bridge	proteinmetabolite	bridge-metabolite
727	874	metabolite-bridge	proteinmetabolite	bridge-metabolite
730	789	metabolite-bridge	proteinmetabolite	bridge-metabolite
779	873	protein-transcript	proteinprotein	protein-transcript
814	848	metabolite-protein	proteinmetabolite	metabolite-protein
