id	name	degree_n	type_a	type_simple_c	protein_id_c	transcript_id_c	metabolite_id_c	x_shell_1	y_shell_1	z_shell_1	x_shell_2	y_shell_2	z_shell_2	x_fa2_1	y_fa2_1	z_fa2_1	x_fa2sep_1	y_fa2sep_1	z_fa2sep_1	x_topodeg_1	y_topodeg_1	z_topodeg_1	x_kk3d_1	y_kk3d_1	z_kk3d_1	x_kk3d_2	y_kk3d_2	z_kk3d_2	x_mds_1	y_mds_1	z_mds_1	x_mds_2	y_mds_2	z_mds_2	x_spectral_1	y_spectral_1	z_spectral_1	x_spectral_2	y_spectral_2	z_spectral_2	x_fa2_2	y_fa2_2	z_fa2_2	x_fa2_3	y_fa2_3	z_fa2_3	x_fa23d_1	y_fa23d_1	z_fa23d_1	x_fa23d_2	y_fa23d_2	z_fa23d_2	x_fr3d_1	y_fr3d_1	z_fr3d_1	x_fr3d_2	y_fr3d_2	z_fr3d_2	x_topobet_1	y_topobet_1	z_topobet_1	x_n2vbal_1	y_n2vbal_1	z_n2vbal_1	x_n2vbfs_1	y_n2vbfs_1	z_n2vbfs_1
0	CD79B	12	transcript	protein		3		0.000000	0.000000	21.166010	0.000000	0.000000	38.971143	-547.336304	149.915695	-318.948779	222.045074	-9.182384	-227.620468	-547.336304	149.915695	-942.525442	0.389386	0.550030	-0.488241	0.356612	0.525957	0.262752	4.277221	3.455561	0.584882	-6.383523	1.691398	-1.303301	0.014634	0.070529	-0.038465	0.011846	0.069738	-0.027725	-2168.212402	1495.241455	-1262.985864	-563.786499	136.402481	-307.114902	-505.551971	37.642799	-231.352249	-475.262939	-118.412857	-338.523987	-0.313259	0.102430	-0.101980	-0.308631	0.104159	-0.105039	-547.336304	149.915695	-1237.327518	-0.213560	0.886367	5.879802	-0.251460	1.823415	4.332161
1	LYPD4	1	bridge	protein				0.000000	0.000000	31.749016	0.000000	0.000000	25.980762	-16.254326	-140.800491	0.000000	111.525002	-64.038185	0.000000	-16.254326	-140.800491	-1300.035093	-0.581756	0.498173	0.076035	-0.076058	-0.076232	-0.713834	-0.416498	3.450834	4.069963	-0.433046	6.356069	3.382295	-0.004671	0.000228	-0.008191	-0.004836	0.000340	-0.008955	-172.365280	17.037823	0.000000	-68.672981	-54.261494	0.000000	162.432434	75.970245	-194.523041	295.527832	-175.112335	-196.757126	0.087679	-0.047258	-0.220577	0.047256	-0.127082	-0.239101	-16.254326	-140.800491	-1332.535970	9.166366	0.472688	5.950264	8.087238	1.612307	4.565094
2	Glutathione	8	metabolite	metabolite			358	0.000000	0.000000	47.623524	0.000000	0.000000	17.320508	367.226227	37.412926	318.948779	-38.627140	-12.721320	227.620468	367.226227	37.412926	-1072.528951	-0.238023	-0.291896	-0.092957	-0.207669	-0.291184	0.137370	-1.642030	-1.839633	0.701874	3.546847	0.999685	-0.579061	-0.015843	-0.002144	0.019182	-0.021515	-0.003190	0.022011	2071.095703	291.992798	1262.985864	423.675598	-49.609127	307.114902	-19.343544	-173.621231	123.583809	-97.027611	114.519531	319.242401	-0.019368	0.001465	0.080982	0.008323	0.057575	0.124491	367.226227	37.412926	-1310.887336	11.008461	1.799256	8.346045	10.300019	2.020743	8.131331
3	L-Glutamyl-tRNA(Glu)	1	metabolite	metabolite			64	-4.054836	3.714562	47.304972	-1.474730	1.350973	17.204652	422.611115	-101.237167	318.948779	88.002068	-33.253281	227.620468	422.611115	-101.237167	-1300.035093	0.137071	-0.470157	-0.118649	-0.095797	-0.328737	0.283109	0.317079	-3.088109	-0.531503	2.973078	-0.850615	-2.733723	-0.009449	-0.000567	0.010848	-0.012793	-0.001225	0.010269	1373.625488	-537.685364	1262.985864	515.692200	-117.337982	307.114902	-103.947723	-246.508881	171.407852	-165.134933	3.198594	391.327087	0.003999	-0.053733	0.197566	0.075668	0.028288	0.238101	422.611115	-101.237167	-1332.535970	12.039982	1.354639	7.807323	10.751183	3.266434	9.590540
4	HCLS1	3	transcript	protein		319		-1.474734	1.350977	21.071308	-2.715300	2.487437	38.796776	-529.816589	-54.237137	-318.948779	-12.041929	-257.516174	-227.620468	-529.816589	-54.237137	-1235.033338	0.425555	0.095632	-0.361873	0.423820	0.196575	-0.075493	2.021030	0.481704	-3.520214	-4.006728	-1.565894	-2.169312	0.023334	0.012711	0.025579	0.022071	0.013864	0.022147	-2729.582520	398.483276	-1262.985864	-589.346375	-69.070381	-307.114902	-328.275116	199.329163	-219.867050	-283.792389	42.364532	-384.299225	-0.188858	0.101861	-0.100681	-0.173227	0.104585	-0.099942	-529.816589	-54.237137	-1293.853603	1.821228	0.505864	6.469830	0.605158	2.883254	5.379285
5	RNF150	0	transcript	protein		391		-9.409771	-13.598739	-13.211000	-17.325397	-25.038180	-24.324271	1346.117102	10.982819	-318.948779	934.005642	10.564816	-227.620468	1346.117102	10.982819	-1332.535970	-0.662426	0.942233	1.341097	-0.533226	0.758460	1.079530	-4.389054	6.242977	8.885745	-5.308851	7.551294	10.747897	-0.044295	0.061362	0.085172	-0.042390	0.057367	0.078587	5118.253754	21.028354	-1262.985864	1295.822104	15.972567	-307.114902	25.845806	-12.317193	1263.891519	50.460772	-17.414947	1391.728342	-0.000000	0.000000	1.209749	-0.000000	0.000000	1.201740	1346.117102	10.982819	-1332.535970	3.585187	6.835425	14.456511	3.172385	8.487632	14.071884
6	SMS	4	bridge	protein				-3.797640	3.478949	31.328499	-3.107673	2.846883	25.636646	169.442764	286.340302	0.000000	-89.947632	-87.686958	0.000000	169.442764	286.340302	-1202.532461	-0.150390	-0.167573	-0.463395	0.376449	-0.270608	-0.260717	-1.589086	-1.824697	-2.930379	0.499910	-4.384705	-3.540181	-0.007752	-0.000500	-0.001730	-0.006494	-0.000311	-0.005916	1894.612305	2856.813477	0.000000	214.580338	373.036011	0.000000	88.229996	-219.224152	-62.454361	37.663792	-129.277435	-79.966904	-0.024522	-0.085323	-0.088647	-0.033148	-0.030769	-0.080954	169.442764	286.340302	-1243.436754	6.751784	3.151240	8.673760	7.795591	3.111095	8.063486
7	PATL1	1	bridge	protein				-23.173224	-1.411666	-21.656613	-18.963045	-1.155190	-17.721977	-139.643585	113.101204	0.000000	934.005642	10.564816	0.000000	-139.643585	113.101204	-1300.035093	0.020916	0.345591	-0.427368	0.167103	0.530559	-0.553107	-0.666864	1.302481	-3.761665	-5.113148	-5.617039	-0.060977	-0.001506	0.000046	-0.007029	-0.001754	0.000249	-0.006317	-163.708130	1623.897583	0.000000	-268.851776	174.661545	0.000000	100.527138	86.635307	-155.392197	147.210022	-44.666302	-355.962708	0.041818	0.064416	-0.110512	0.066450	0.109469	-0.152824	-139.643585	113.101204	-1332.535970	6.304184	1.293089	6.176451	6.900986	3.995202	6.900647
8	N-Acetyl-4-O-acetylneuraminate	1	metabolite	metabolite			176	0.678755	-7.734059	46.986420	0.246861	-2.812850	17.088796	157.763748	-276.781189	318.948779	49.147755	-237.492020	227.620468	157.763748	-276.781189	-1300.035093	-0.447945	-0.560107	0.125135	-0.243273	-0.558253	-0.028968	-1.946092	-3.289020	2.465836	5.357228	1.010102	-0.733231	-0.006686	0.000087	0.000058	-0.008796	-0.000153	0.000130	-1169.080933	-2224.290039	1262.985864	249.823639	-314.699005	307.114902	1.965459	-140.972824	-212.413666	-5.733154	207.912491	15.990154	-0.032620	-0.005148	-0.182234	-0.053821	0.081337	-0.109943	157.763748	-276.781189	-1332.535970	10.476577	-0.701073	6.715045	8.920946	0.375865	4.449755
9	SEPTIN2	2	bridge	protein				0.634645	-7.231450	30.907982	0.519341	-5.917619	25.292530	-17.396540	241.765320	0.000000	32.329929	-31.809599	0.000000	-17.396540	241.765320	-1267.534215	-0.170061	0.428516	-0.332261	0.346853	-0.144625	-0.532913	-2.256652	0.769896	-3.898104	-0.432175	-6.418215	-0.684168	-0.004878	-0.001074	-0.011669	-0.004558	-0.000393	-0.011834	-445.786987	1693.580688	0.000000	-38.490002	414.465759	0.000000	281.315613	38.280643	-145.680664	316.076447	-162.269684	-354.710022	0.188293	0.047717	-0.110285	0.142292	0.050097	-0.232560	-17.396540	241.765320	-1328.034774	6.775351	1.543185	5.825003	7.319704	4.305281	7.316130
10	Thioredoxin disulfide	8	metabolite	metabolite			991	5.775688	7.533363	46.667868	2.100598	2.739858	16.972939	273.263580	-20.569021	318.948779	-27.639532	-66.838539	227.620468	273.263580	-20.569021	-1072.528951	-0.205511	-0.169816	0.050587	-0.137868	-0.269210	-0.015087	-1.304200	-1.216868	0.666930	3.130439	0.073446	-0.170897	-0.013795	-0.002413	0.009419	-0.018879	-0.002970	0.014862	1904.101685	7.925047	1262.985864	373.541626	-115.579781	307.114902	24.311937	-94.551292	61.190731	-42.921471	130.797684	235.152756	0.016776	0.027257	0.032092	0.022880	0.068092	0.071379	273.263580	-20.569021	-1252.200322	10.292130	1.368495	8.307741	10.409422	1.903483	7.531077
11	ZNF711	0	transcript	protein		290		16.050085	3.654184	-13.305702	29.551632	6.728132	-24.498638	1341.565816	121.022767	-318.948779	931.416345	80.589819	-227.620468	1341.565816	121.022767	-1332.535970	-0.152459	-1.176516	1.310618	-0.122723	-0.947048	1.054995	-1.010152	-7.795274	8.683797	-1.221846	-9.428899	10.503626	-0.011418	-0.075231	0.083207	-0.011594	-0.070580	0.076747	5100.638339	446.929835	-1262.985864	1291.449717	121.687119	-307.114902	-158.014538	156.113943	1239.080616	-150.024385	166.245880	1364.674015	-0.175780	0.161029	1.186028	-0.174617	0.159963	1.178177	1341.565816	121.022767	-1332.535970	6.692296	-6.073618	14.270807	6.206917	-4.119873	13.890517
12	CYTH4	5	transcript	protein		153		0.246999	-2.814430	20.976605	0.454778	-5.181966	38.622408	-608.550598	-69.372108	-318.948779	-79.570236	-233.966263	-227.620468	-608.550598	-69.372108	-1170.031583	0.768393	0.117073	-0.327176	0.580605	0.323559	-0.088790	4.198933	1.249592	-3.581846	-5.896772	-0.540367	-2.678302	0.027253	0.028855	0.043638	0.025143	0.029875	0.033791	-3094.442871	771.303833	-1262.985864	-654.417786	-76.132980	-307.114902	-395.712555	176.844025	-247.193680	-327.270599	-23.031504	-404.127411	-0.250089	0.081727	-0.122009	-0.228443	0.086237	-0.130721	-608.550598	-69.372108	-1304.309263	1.730937	-0.061631	6.863359	0.364283	2.516150	5.833573
13	TOR1A	1	bridge	protein				17.730327	-14.360913	-22.077130	14.509029	-11.751781	-18.066093	-50.129173	94.980667	0.000000	904.217031	246.365955	0.000000	-50.129173	94.980667	-1300.035093	0.037187	0.365328	0.510089	0.016659	0.447777	-0.651149	-2.201995	3.080565	-1.581386	-4.391910	-3.860542	4.919977	-0.004562	-0.001580	-0.011508	-0.003095	-0.000596	-0.008008	-1154.124878	518.368042	0.000000	-134.229828	411.105255	0.000000	294.920471	154.504501	-46.292923	487.870483	-20.229748	-290.093018	0.140172	-0.074108	-0.154245	0.062461	-0.223014	-0.247910	-50.129173	94.980667	-1332.535970	7.495432	2.647174	5.309645	7.501904	5.013118	6.137448
14	SYNE1	1	transcript	protein		366		-18.233255	-6.611199	-8.475874	-33.571315	-12.172629	-15.605894	-410.872955	771.191711	-318.948779	-494.205994	-327.669434	-227.620468	-410.872955	771.191711	-1300.035093	0.226371	-0.184770	1.692581	0.182219	-0.148733	1.362460	0.333305	-0.101094	9.829182	0.403155	-0.122280	11.889045	0.001654	-0.000366	0.094351	0.000651	-0.000454	0.087186	-1648.774780	3565.236084	-1262.985864	-449.976135	845.601990	-307.114902	227.313065	-428.193512	-796.276733	258.504028	-472.765564	-898.808716	0.202945	-0.166874	-0.664607	0.185275	-0.156013	-0.651816	-410.872955	771.191711	-1332.535970	8.973803	0.778122	15.815096	7.505243	4.686495	17.495330
15	FANCD2	4	protein	protein	85			2.102958	2.742936	20.881903	3.871994	5.050331	38.448041	8.687727	-1.291523	-318.948779	-41.964207	268.727051	-227.620468	8.687727	-1.291523	-1202.532461	-0.250214	0.192605	-0.039280	-0.171494	0.212649	0.014741	-1.380474	1.450630	0.871805	-0.864460	0.040896	2.545084	-0.007094	-0.003044	-0.015585	-0.005768	-0.004733	-0.028083	-253.742355	-1378.012085	-1262.985864	0.155466	81.414452	-307.114902	232.408600	25.833591	-71.785629	286.925476	-47.322430	-46.097061	0.119436	-0.062778	-0.043516	0.098666	-0.100687	-0.045841	8.687727	-1.291523	-1269.449900	9.883041	0.515861	3.441894	6.420231	2.644314	4.616100
16	IKZF1	8	protein,transcript	protein	377	425		-3.925574	-0.694379	20.787200	-7.227821	-1.278500	38.273673	-453.276459	-217.863281	-318.948779	57.381077	-139.809479	-227.620468	-453.276459	-217.863281	-1072.528951	0.538573	0.365756	0.107434	0.242531	0.438222	-0.128741	2.387548	3.042875	-1.608206	-4.913928	0.214253	0.566820	0.035257	-0.026162	-0.001610	0.033984	-0.025417	0.006270	-1658.397705	-775.282288	-1262.985864	-462.196533	-193.137360	-307.114902	-302.845490	296.930634	-21.521818	-215.658203	64.727272	-243.515381	-0.202542	-0.002818	0.000047	-0.202787	-0.030573	-0.035888	-453.276459	-217.863281	-1322.503252	2.213646	-0.108892	4.902323	1.833043	2.426342	4.563279
17	L-Kynurenine	7	metabolite	metabolite			115	-10.775346	-1.906007	46.349316	-3.918955	-0.693208	16.857083	476.961212	17.756021	318.948779	123.718277	51.891838	227.620468	476.961212	17.756021	-1105.029829	0.037345	-0.412648	0.083153	0.090410	-0.339268	0.190661	0.582192	-2.253162	0.208604	2.528785	-0.040509	-2.478863	-0.013659	-0.001314	0.018052	-0.015669	-0.001676	0.013344	2994.713867	-295.683289	1262.985864	551.564026	14.048109	307.114902	-99.287064	-189.656799	230.851929	-149.918045	-13.216573	447.302917	-0.035592	0.000898	0.160037	-0.022300	0.034489	0.228437	476.961212	17.756021	-1263.153797	11.592860	2.304508	9.320876	11.280127	2.670911	8.416426
18	IGKV1-5	9	transcript	protein		409		3.756420	-2.389527	20.692498	6.916371	-4.399629	38.099306	-589.139221	-71.823456	-318.948779	-35.055328	-248.656372	-227.620468	-589.139221	-71.823456	-1040.028074	0.599886	0.180702	-0.333317	0.483396	0.328222	-0.084984	2.928879	1.342329	-3.617163	-5.169133	-1.080947	-2.088347	0.030478	0.022334	0.041283	0.028532	0.023500	0.033834	-3024.236816	622.509766	-1262.985864	-633.318542	-78.988083	-307.114902	-374.358856	205.950104	-234.006149	-315.068634	16.786655	-394.261169	-0.225735	0.087575	-0.100868	-0.207342	0.088171	-0.107067	-589.139221	-71.823456	-1261.972221	1.775789	0.098448	6.725433	0.479318	2.787924	5.535122
19	UBXN1	4	bridge	protein				-22.484150	16.721468	-14.928345	-18.399164	13.683463	-12.216120	59.747437	57.846436	0.000000	263.564270	44.247425	0.000000	59.747437	57.846436	-1202.532461	-0.319206	0.117781	0.202500	-0.528354	0.057279	-0.045578	-3.070759	0.281373	-0.564528	2.322035	0.525567	4.418064	-0.007615	-0.002547	-0.013887	-0.006181	-0.001665	-0.012726	240.900467	1209.984131	0.000000	78.241631	-75.813629	0.000000	285.572876	-29.762527	21.076172	416.637878	-31.676104	76.258888	0.142200	-0.067519	0.004355	0.150490	-0.020478	-0.055704	59.747437	57.846436	-1294.561140	6.956680	0.934923	6.436555	7.081582	3.231761	7.213615
20	ITGB2	16	protein	protein	492			-1.264644	4.704413	20.597795	-2.328480	8.661828	37.924938	-65.690285	95.416145	-318.948779	-63.083458	176.056351	-227.620468	-65.690285	95.416145	-812.521933	0.072972	0.198739	0.096001	0.043704	0.213933	-0.144257	-0.124060	1.090758	-0.830635	-1.777734	-0.766781	0.949851	-0.003096	-0.005650	-0.016246	-0.001898	-0.007297	-0.027574	-553.352478	763.002014	-1262.985864	-110.555496	193.599808	-307.114902	183.932739	131.417007	-28.370003	290.200073	0.777414	-188.954147	0.035628	-0.029998	-0.063126	0.000205	-0.086644	-0.098376	-65.690285	95.416145	-144.631034	7.434770	2.820759	5.632696	7.078599	5.151085	6.438150
21	CTP	6	metabolite	metabolite			237	10.305178	-6.555311	46.030764	3.747957	-2.384144	16.741227	308.786896	-122.074303	318.948779	39.777039	-78.126106	227.620468	308.786896	-122.074303	-1137.530706	-0.158971	-0.371532	-0.102841	-0.134588	-0.366858	0.141448	-0.822223	-2.396441	0.212153	3.391562	-0.198051	-1.417900	-0.012269	-0.001117	0.011281	-0.016327	-0.001844	0.013166	291.637970	-282.789459	1262.985864	394.071259	-160.206085	307.114902	-30.284925	-187.126465	27.215542	-70.898224	55.104080	273.809052	-0.011686	-0.013967	0.037146	0.003907	0.037513	0.113353	308.786896	-122.074303	-1249.590951	10.791451	-0.458434	6.869149	10.833695	3.080420	9.486382
22	Hypoxanthine	5	metabolite	metabolite			1094	-3.467382	12.898487	45.712212	-1.261075	4.691134	16.625371	-28.644503	234.634308	318.948779	-190.047058	-236.320602	227.620468	-28.644503	234.634308	-1170.031583	-0.343648	-0.259664	-0.452020	-0.100818	-0.288553	0.643668	-2.833629	-2.896171	-1.606107	3.276034	-2.946568	-5.487475	-0.008187	-0.000461	-0.003030	-0.006812	0.000324	-0.005077	-3273.880371	-493.166809	1262.985864	-138.858032	-270.938599	307.114902	194.291092	-304.976013	58.627888	121.437950	-444.241760	265.949829	-0.030516	-0.192253	-0.028242	0.035338	-0.267388	0.097186	-28.644503	234.634308	-1311.844312	6.576673	0.199612	7.339509	7.106997	2.205940	7.934620
23	CMP-N-acetylneuraminate	5	metabolite	metabolite			391	-6.637952	-12.780973	45.393660	-2.414200	-4.648395	16.509514	229.720749	-161.351776	318.948779	49.229202	-129.046463	227.620468	229.720749	-161.351776	-1170.031583	-0.398451	-0.285607	-0.038056	-0.268205	-0.383612	0.044453	-1.938514	-1.447255	2.027037	4.271391	0.401166	0.147109	-0.010749	-0.000855	0.004976	-0.014054	-0.001294	0.007477	-39.214268	-295.241119	1262.985864	310.751190	-188.725891	307.114902	21.694715	-162.954712	-66.587334	-10.626574	108.555725	167.383667	-0.005660	-0.029611	-0.038194	-0.013806	0.033269	0.032855	229.720749	-161.351776	-1284.754623	10.599372	-0.587382	6.722250	8.936743	0.464369	4.707537
24	IGFBP4	0	transcript	protein		253		-14.236289	8.109083	-13.400405	-26.212046	14.930553	-24.673006	1327.943048	230.311031	-318.948779	923.662595	150.232370	-227.620468	1327.943048	230.311031	-1332.535970	0.932244	0.785696	1.280138	0.750420	0.632454	1.030460	6.176797	5.205811	8.481848	7.471244	6.296772	10.259356	0.058511	0.051270	0.081242	0.053909	0.047914	0.074906	5047.912423	869.921977	-1262.985864	1278.362427	226.679534	-307.114902	56.521671	-361.852852	1214.269712	83.910375	-398.555926	1337.619688	0.029328	-0.334175	1.162308	0.029134	-0.331963	1.154613	1327.943048	230.311031	-1332.535970	13.301142	5.881686	14.085102	12.661388	7.556171	13.709150
25	Ferricytochrome b5	2	metabolite	metabolite			144	14.437300	5.272479	45.075108	5.250795	1.917582	16.393658	-69.011948	36.453598	318.948779	257.706268	-198.056381	227.620468	-69.011948	36.453598	-1267.534215	-0.420297	0.391531	-0.216753	-0.462703	-0.116417	-0.341800	-1.206670	3.126461	2.386368	1.389133	5.678422	1.010802	-0.006500	-0.001190	-0.014378	-0.005338	-0.000167	-0.008374	-1122.120850	1796.901489	1262.985864	-152.644226	92.854027	307.114902	311.774078	36.090084	-158.074921	399.423218	236.378372	-38.723301	0.191352	-0.008133	-0.122738	0.218257	-0.011412	-0.181009	-69.011948	36.453598	-1331.561867	9.403764	0.037589	4.785614	8.111626	2.681154	4.118223
26	Carnitine	2	metabolite	metabolite			770	-15.043017	6.209539	44.756556	-5.471092	2.258387	16.277802	503.448181	-62.650444	318.948779	64.586266	118.249481	227.620468	503.448181	-62.650444	-1267.534215	0.112031	-0.308024	0.289575	0.090993	-0.280563	0.024543	0.883433	-2.053717	1.612118	2.423243	1.608340	-2.278404	-0.011403	-0.000871	0.013939	-0.015494	-0.001732	0.013707	2686.991455	-1341.694580	1262.985864	601.724792	-40.185413	307.114902	-45.923416	-110.837837	303.568176	-107.787979	109.012169	481.856171	0.022916	0.076728	0.195543	0.038268	0.118059	0.225431	503.448181	-62.650444	-1332.535970	13.619426	3.387740	6.940854	12.136313	3.295323	5.731530
27	XAGE1B	2	protein	protein	922			-2.422424	-4.664230	20.503093	-4.460200	-8.587843	37.750570	43.594376	-63.458488	-318.948779	-101.885941	185.687149	-227.620468	43.594376	-63.458488	-1267.534215	-0.353847	0.181755	0.088524	-0.234494	0.280178	-0.018122	-2.226916	1.339931	0.905805	-1.380099	0.374291	3.130342	-0.007300	-0.002188	-0.013515	-0.004531	-0.003117	-0.019610	-146.434311	-2082.323242	-1262.985864	2.898436	27.331993	-307.114902	295.699280	-37.408188	-30.255409	310.956635	-113.030426	-71.399086	0.171555	-0.046525	-0.000712	0.155196	-0.049437	-0.054135	43.594376	-63.458488	-1309.855255	7.414045	-0.380156	4.542388	7.882924	4.138853	4.085900
28	Protein N6,N6,N6-trimethyl-L-lysine	2	metabolite	metabolite			732	7.258340	-15.510652	44.438004	2.639833	-5.641170	16.161946	537.202393	-47.446030	318.948779	84.064949	128.682098	227.620468	537.202393	-47.446030	-1267.534215	0.114142	-0.464787	0.238683	0.163220	-0.328799	0.124338	1.132989	-2.500869	1.187822	2.393362	1.178041	-2.913240	-0.010824	-0.000732	0.013690	-0.014737	-0.001555	0.013008	2868.524170	-1282.318970	1262.985864	625.732544	-34.505955	307.114902	-77.867462	-118.879105	317.919739	-141.653397	110.867264	502.160645	-0.004882	0.069887	0.225816	0.002571	0.123040	0.256978	537.202393	-47.446030	-1332.535970	12.234879	3.600612	6.770915	11.563369	4.120653	6.312879
29	KRT37	3	protein	protein	166			5.271727	1.925226	20.408390	9.706374	3.544752	37.576203	135.745346	153.040314	-318.948779	-182.756363	255.408493	-227.620468	135.745346	153.040314	-1235.033338	-0.008515	0.009090	0.476619	-0.268240	0.115646	-0.244687	-2.762922	-0.028047	-1.538818	-0.130826	-2.677639	2.812755	-0.007929	-0.002362	-0.011317	-0.006227	-0.002957	-0.022453	633.412842	1143.733276	-1262.985864	78.923111	245.057785	-307.114902	238.669510	33.623566	82.229851	400.232147	-25.730965	-74.042389	0.102319	0.007534	0.019495	0.054555	-0.032164	-0.060269	135.745346	153.040314	-1322.937443	7.548758	1.643084	5.730467	8.086674	4.141427	6.821579
30	C1QA	3	protein	protein				-5.496094	2.268708	20.313688	-10.119482	4.177175	37.401835	-196.696396	-130.356033	-318.948779	37.192696	34.318424	-227.620468	-196.696396	-130.356033	-1235.033338	0.334049	0.263804	0.244503	0.057027	0.415521	0.112030	1.188972	1.717341	-2.085224	-3.837677	0.683445	0.966635	0.010959	-0.015063	-0.012441	0.011736	-0.016208	-0.013408	-339.232117	-351.591125	-1262.985864	-244.979980	-103.862267	-307.114902	-69.666489	209.773911	49.052395	-12.532741	97.000160	-152.263214	-0.057612	-0.060232	0.047247	-0.094765	-0.078348	-0.018616	-196.696396	-130.356033	-1234.406517	3.901832	-0.267429	4.300406	3.768284	2.923382	4.564029
31	MAL2	1	protein,transcript	protein	315	358		15.726293	7.408676	-12.074570	28.955462	13.640953	-22.231860	-934.953186	439.905426	-318.948779	-541.598938	408.373413	-227.620468	-934.953186	439.905426	-1300.035093	-0.593013	-0.747159	1.554454	-0.477352	-0.601433	1.251273	-1.213029	-4.950472	10.299387	-1.467238	-5.987923	12.457789	-0.013392	-0.047551	0.098926	-0.013443	-0.044652	0.091471	-4382.008789	429.296356	-1262.985864	-986.169556	463.222229	-307.114902	-123.792160	-911.099670	418.324921	-168.092834	-980.761353	469.644989	-0.207249	-0.777259	0.528494	-0.207579	-0.756161	0.541605	-934.953186	439.905426	-1332.535970	4.008101	-3.457646	15.756442	6.024717	-1.565007	15.341450
32	LPCAT2	0	transcript	protein		182		4.995917	-15.521691	-13.495107	9.198549	-28.578746	-24.847373	1305.341856	338.101061	-318.948779	910.786741	219.112105	-227.620468	1305.341856	338.101061	-1332.535970	-1.249334	0.051664	1.249659	-1.005664	0.041587	1.005926	-8.277748	0.342311	8.279899	-10.012484	0.414048	10.015086	-0.082132	0.003948	0.079277	-0.077832	0.003587	0.073065	4960.436179	1287.115315	-1262.985864	1256.649631	330.232606	-307.114902	286.004143	327.013288	1189.458809	334.142853	352.598093	1310.565361	0.248725	0.324418	1.138587	0.247079	0.322271	1.131050	1305.341856	338.101061	-1332.535970	0.009290	1.409396	13.899398	-0.319983	3.188348	13.527784
33	SPIB	4	transcript	protein		102		2.653446	-5.670260	20.218985	4.885561	-10.440160	37.227468	-583.028687	119.879669	-318.948779	120.865280	-25.213398	-227.620468	-583.028687	119.879669	-1202.532461	0.719066	0.399153	-0.524258	0.561599	0.424087	0.277836	5.869338	2.669328	-0.459614	-6.880584	1.944865	-2.431761	0.011808	0.054339	-0.019096	0.009319	0.053808	-0.014788	-2404.142578	1394.707764	-1262.985864	-613.723267	112.070602	-307.114902	-503.193481	6.966476	-248.905624	-453.256073	-154.049515	-372.225525	-0.345386	0.105864	-0.152515	-0.326037	0.120463	-0.155305	-583.028687	119.879669	-1313.640262	0.047932	0.472284	6.127572	-0.352346	1.776179	4.824837
34	12-Keto-leukotriene B4	0	metabolite	metabolite			313	-4.484766	26.460519	-39.341172	-1.631094	9.623598	-14.308246	1346.117102	10.982819	318.948779	934.005642	10.564816	227.620468	1346.117102	10.982819	-1332.535970	0.907400	-0.902984	1.219179	0.730421	-0.726866	0.981391	6.012183	-5.982925	8.077950	7.272133	-7.236744	9.770815	0.056910	-0.057596	0.077312	0.052409	-0.054062	0.071225	5118.253754	21.028354	1262.985864	1295.822104	15.972567	307.114902	-457.875812	-97.880736	1164.647906	-476.999378	-110.715221	1283.511034	-0.462464	-0.081803	1.114867	-0.459403	-0.081262	1.107486	1346.117102	10.982819	-1332.535970	13.149770	-4.407051	13.713694	12.513552	-2.492235	13.346417
35	DDHD2	2	bridge	protein				-3.311851	22.155982	-22.497647	-2.710145	18.130618	-18.410209	98.940331	-56.806103	0.000000	816.722925	467.350841	0.000000	98.940331	-56.806103	-1267.534215	-0.246175	-0.031603	0.550086	-0.583480	0.180296	-0.476402	-3.585063	0.839368	1.246813	0.256005	-0.266996	7.676218	-0.006553	-0.000600	-0.011191	-0.003733	-0.000004	-0.007003	65.966270	-1776.166870	0.000000	163.049271	172.009369	0.000000	387.303955	34.379044	60.200623	545.010437	-183.570267	-85.108414	0.201860	0.038636	0.030676	0.097583	-0.176834	-0.155862	98.940331	-56.806103	-1322.759803	8.496166	1.312912	4.325161	8.163249	4.377541	5.034352
36	OSER1	3	bridge	protein				-30.566920	-4.416773	-7.359043	-25.013433	-3.614320	-6.022031	-103.037422	174.994659	0.000000	-231.853088	-32.260532	0.000000	-103.037422	174.994659	-1235.033338	-0.035856	-0.014136	-0.530845	-0.237188	0.156718	0.536881	-0.662529	-1.247241	-3.774074	-0.738127	-4.154445	-4.417111	-0.004787	-0.001617	-0.006860	-0.004971	-0.000459	-0.008413	-1054.400879	1144.612061	0.000000	-120.909981	-266.475311	0.000000	192.060913	-215.990723	7.230591	206.520111	-391.080902	149.123840	0.028714	-0.223249	-0.063569	0.097060	-0.285166	0.011396	-103.037422	174.994659	-1264.198306	6.882652	0.381753	7.208848	6.917056	2.373186	7.869067
37	COL4A5	5	transcript	protein		776		17.871962	-7.425509	-8.570577	32.906097	-13.671947	-15.780262	-416.420166	776.076355	-318.948779	-498.636047	-332.399811	-227.620468	-416.420166	776.076355	-1170.031583	0.181192	-0.046542	1.670205	0.145853	-0.037465	1.344448	-0.299254	-0.251534	10.478182	-0.361968	-0.304246	12.674054	-0.004501	-0.001830	0.100666	-0.005115	-0.001825	0.093101	-1688.731934	3552.416016	-1262.985864	-456.082886	848.951782	-307.114902	227.627335	-425.908051	-801.877075	260.989563	-471.044861	-904.780396	0.202748	-0.160033	-0.627490	0.183467	-0.142676	-0.615114	-416.420166	776.076355	-1331.287889	8.814132	1.193461	16.601341	7.556752	3.707621	17.634459
38	5'-Phosphoribosyl-N-formylglycinamide	1	metabolite	metabolite			31	5.366069	17.107872	44.119452	1.951620	6.222073	16.046089	491.998352	-153.744400	318.948779	116.858292	-76.960121	227.620468	491.998352	-153.744400	-1300.035093	0.115399	-0.689214	-0.205231	0.103312	-0.474074	0.357488	0.473794	-4.605262	-0.591516	3.762461	-0.901813	-4.059340	-0.006437	0.000098	0.006100	-0.008920	-0.000422	0.004818	-2434.404297	-1128.420410	1262.985864	547.483704	-195.683823	307.114902	-176.093033	-292.190308	172.698425	-238.307358	-30.237640	415.588257	-0.030205	-0.120061	0.255564	0.019636	-0.040806	0.307266	491.998352	-153.744400	-1332.535970	12.192329	1.578675	7.818347	10.991686	3.328637	9.746959
39	GAPDH	4	protein	protein	24			1.962838	6.257836	20.124283	3.614003	11.522011	37.053100	167.259583	93.751884	-318.948779	-100.470825	284.134491	-227.620468	167.259583	93.751884	-1202.532461	-0.324038	-0.032668	0.103831	-0.261457	0.078097	-0.040016	-2.125822	0.116100	0.552985	0.333790	-0.702705	2.516160	-0.010535	-0.002661	-0.006084	-0.008694	-0.004266	-0.021832	703.775574	1472.827515	-1262.985864	128.625275	158.144547	-307.114902	195.592697	-65.398033	64.366737	262.954987	34.433430	48.602810	0.083003	-0.031387	0.027762	0.062311	-0.055888	0.014321	167.259583	93.751884	-1299.730677	8.247330	1.573726	5.944047	7.948954	3.947464	6.258217
40	ADCY7	5	transcript	protein		116		-5.919961	-3.430739	20.029580	-10.899912	-6.316722	36.878733	-473.948822	-255.795410	-318.948779	-47.894928	-112.862740	-227.620468	-473.948822	-255.795410	-1170.031583	0.566908	0.113144	0.162293	0.341790	0.214822	-0.081106	3.265479	1.174887	-1.105397	-4.040591	1.013938	-0.583746	0.024863	-0.010801	0.003553	0.023279	-0.010295	0.005308	-1160.815063	-1358.173462	-1262.985864	-496.417786	-222.401260	-307.114902	-377.164795	193.081772	-35.146072	-233.908371	-55.112679	-252.119659	-0.256595	-0.022139	-0.024856	-0.246212	-0.042102	-0.068430	-473.948822	-255.795410	-1282.559086	2.830382	-0.599147	6.550830	1.583765	2.074153	5.622454
41	PIGN	2	bridge	protein				-0.639880	-23.964603	-20.815580	-0.523625	-19.610644	-17.033745	-108.375420	16.698383	0.000000	-185.846390	80.362976	0.000000	-108.375420	16.698383	-1267.534215	-0.193247	0.217746	-0.332777	-0.386610	0.137051	0.338661	0.947282	1.576025	2.840574	-0.517374	5.515775	-0.151120	-0.005262	-0.000700	-0.015850	-0.004348	-0.000185	-0.010139	-854.914124	1460.959839	0.000000	-169.135437	45.391411	0.000000	214.386093	88.224312	-136.829681	306.448395	112.830444	-69.760185	0.093463	-0.057392	-0.095693	0.117372	-0.066442	-0.112456	-108.375420	16.698383	-1329.457745	9.399659	0.335793	4.062506	7.283237	2.503086	4.189519
42	4-(2-Amino-3-hydroxyphenyl)-2,4-dioxobutanoate	4	metabolite	metabolite			515	-16.174618	-9.373522	43.800900	-5.882652	-3.409117	15.930233	452.101440	-29.068525	318.948779	93.115112	41.908062	227.620468	452.101440	-29.068525	-1202.532461	0.096907	-0.345341	0.022117	0.050263	-0.258245	0.157932	0.588513	-2.313133	0.064966	2.525855	0.043520	-2.465424	-0.013474	-0.001293	0.017833	-0.016398	-0.001861	0.014921	2753.505859	-524.801575	1262.985864	559.369751	-82.302322	307.114902	-96.899544	-177.961426	207.681717	-157.361786	27.905638	428.968994	-0.013551	0.017646	0.158682	0.010653	0.053328	0.221061	452.101440	-29.068525	-1332.535970	11.760999	2.082708	8.986838	11.346918	2.748497	8.666382
43	N1-Acetylspermidine	2	metabolite	metabolite			0	18.970791	-4.170675	43.482348	6.899610	-1.516860	15.814377	315.191681	177.313248	318.948779	-131.885178	-14.430585	227.620468	315.191681	177.313248	-1267.534215	-0.313399	-0.369995	-0.239912	-0.193860	-0.473284	0.207319	-1.719423	-2.336265	2.140429	4.710526	-0.552180	-1.038401	-0.011240	-0.001046	0.009568	-0.014661	-0.001541	0.011015	2125.626465	2280.030273	1262.985864	425.854797	134.458572	307.114902	26.680155	-235.515060	78.274818	-150.684021	-7.547350	285.106049	-0.054840	-0.070972	0.042805	-0.060284	-0.014988	0.114475	315.191681	177.313248	-1317.046841	6.960398	3.308835	8.851160	8.559844	2.835284	8.183368
44	D-Glucose	8	metabolite	metabolite			32	-11.572638	16.460887	43.163796	-4.208928	5.986767	15.698521	177.682053	-143.433350	318.948779	-19.716503	-133.644547	227.620468	177.682053	-143.433350	-1072.528951	-0.374439	-0.145207	-0.119890	-0.045719	-0.388560	-0.178223	-0.407792	-0.714999	3.068975	3.770936	2.524566	-0.734070	-0.010840	-0.001265	0.002010	-0.015124	-0.001758	0.008526	655.143494	-1566.292725	1262.985864	317.784393	-207.538361	307.114902	31.641167	-66.054550	-95.421265	-13.576135	157.207809	155.313553	0.030258	0.047821	-0.064232	0.037595	0.096288	0.004037	177.682053	-143.433350	-1200.144463	9.811711	0.066925	7.242039	8.647528	1.382303	4.950691
45	GEM	9	protein	protein	143			6.947498	-1.527388	19.934878	12.791827	-2.812247	36.704365	99.619370	125.464073	-318.948779	32.239082	243.125458	-227.620468	99.619370	125.464073	-1040.028074	0.002821	0.074483	0.342815	-0.106739	0.206248	0.096391	-0.119836	0.896894	1.409314	-1.057869	0.568173	2.227730	-0.007817	-0.002629	-0.013034	-0.006050	-0.003559	-0.024921	224.970825	1850.473511	-1262.985864	-13.823690	148.574936	-307.114902	215.442566	71.860924	107.069878	285.223419	-63.372917	22.999414	0.107748	-0.031632	0.051118	0.080114	-0.067398	0.026170	99.619370	125.464073	-1155.150981	8.355247	2.518990	6.531932	8.515140	3.319948	6.696539
46	Prostaglandin H2	4	metabolite	metabolite			422	-2.671926	-20.619067	42.845244	-0.971770	-7.499082	15.582664	168.395096	-121.397926	318.948779	-238.164642	89.351700	227.620468	168.395096	-121.397926	-1202.532461	-0.475897	-0.060733	0.396538	-0.409635	-0.376914	-0.143416	-3.856107	-0.270089	1.001061	4.802131	2.031626	1.877430	-0.008421	-0.000568	-0.008174	-0.008365	-0.000167	-0.003794	-546.122864	-2680.895020	1262.985864	164.858353	-220.666306	307.114902	301.449707	38.475613	124.086815	344.268219	-69.179291	241.939026	0.162565	0.049875	0.024101	0.156271	-0.012866	-0.031207	168.395096	-121.397926	-1284.658075	9.834459	1.801834	5.085612	9.763430	3.577021	5.298013
47	IMP	1	metabolite	metabolite			896	-14.310155	-22.143301	-39.659724	-5.204553	-8.053441	-14.424102	165.447250	-97.043335	318.948779	908.447505	229.228653	227.620468	165.447250	-97.043335	-1300.035093	-0.061011	-0.076794	-0.400955	-0.388394	0.351133	0.441235	0.922553	-2.273855	-2.109785	-1.910964	6.350235	1.877615	-0.007036	-0.000915	-0.000635	-0.003927	-0.000421	-0.005672	552.281372	-1461.443970	1262.985864	111.996658	-77.480194	307.114902	63.179958	-99.454201	-47.617134	191.835342	-136.184113	85.749237	0.045244	0.037089	-0.049548	0.218997	-0.027853	0.091273	165.447250	-97.043335	-1332.535970	9.894366	0.215860	7.574083	8.522094	1.408423	5.487078
48	GRAP2	9	transcript	protein		270		-4.240675	6.031924	19.840175	-7.807989	11.106060	36.529998	-561.846863	121.093399	-318.948779	204.854385	-64.841316	-227.620468	-561.846863	121.093399	-1040.028074	0.396550	0.489925	-0.508715	0.398762	0.521058	0.158739	4.274161	3.173016	-0.360105	-6.179012	0.570505	-1.809796	0.016590	0.062040	-0.027137	0.013990	0.061548	-0.018428	-2244.103760	1434.345093	-1262.985864	-586.576050	106.659203	-307.114902	-494.159088	79.831642	-241.959732	-469.384155	-71.307220	-353.038818	-0.309422	0.128502	-0.097959	-0.298270	0.127991	-0.094046	-561.846863	121.093399	-1245.253556	0.133971	1.081954	5.906550	-0.188803	2.157817	4.354713
49	CCDC74A	0	transcript	protein		14		6.768034	14.748247	-13.589810	12.461395	27.154670	-25.021741	1273.916628	443.656541	-318.948779	892.859106	286.852827	-227.620468	1273.916628	443.656541	-1332.535970	-0.060441	1.307093	1.188700	-0.048653	1.052158	0.956856	-0.400466	8.660442	7.876002	-0.484390	10.475377	9.526545	-0.005486	0.084884	0.075347	-0.006037	0.079400	0.069384	4838.807158	1695.659995	-1262.985864	1226.459650	431.638964	-307.114902	486.876625	-305.587262	1139.837002	553.178401	-337.202753	1256.456707	0.440770	-0.280382	1.091146	0.437853	-0.278526	1.083923	1273.916628	443.656541	-1332.535970	7.252941	9.058434	13.527989	6.754465	10.658714	13.165051
50	N-Acetyl-9-O-acetylneuraminate	1	metabolite	metabolite			376	16.390631	13.814041	42.526692	5.961215	5.024118	15.466808	163.415985	-277.292603	318.948779	52.156395	-234.333099	227.620468	163.415985	-277.292603	-1300.035093	-0.480752	-0.516072	0.150967	-0.175904	-0.598323	-0.004893	-1.825213	-3.318228	2.522666	5.337591	1.094028	-0.769785	-0.006686	0.000087	0.000058	-0.008796	-0.000153	0.000130	-1176.764404	-2255.174072	1262.985864	250.345474	-321.280457	307.114902	0.636354	-140.447235	-206.678833	-7.049457	211.354050	21.424221	-0.038626	-0.011605	-0.178683	-0.061583	0.078694	-0.104726	163.415985	-277.292603	-1332.535970	10.439919	-0.704298	6.785050	8.882047	0.390153	4.390963
51	SPN	3	transcript	protein		413		-0.979689	-7.560192	19.745473	-1.803817	-13.919928	36.355630	-528.007751	74.639229	-318.948779	248.853058	-79.416199	-227.620468	-528.007751	74.639229	-1235.033338	0.321659	0.807587	-0.284964	0.264799	0.686535	0.007547	2.494489	5.049391	-2.098007	-6.715132	-1.081160	0.799719	0.011770	0.024937	-0.017271	0.009915	0.024667	-0.011222	-1871.086426	1748.315796	-1262.985864	-552.425659	62.839279	-307.114902	-498.518860	137.768677	-187.683334	-467.470978	-14.126335	-312.909821	-0.337211	0.128636	-0.048557	-0.325263	0.112810	-0.047866	-528.007751	74.639229	-1302.689884	0.280779	1.225438	5.661898	0.047791	2.109297	4.198246
52	4-(2-Aminophenyl)-2,4-dioxobutanoate	3	metabolite	metabolite			433	-22.037297	0.911311	42.208140	-8.014887	0.331441	15.350952	482.767731	2.992221	318.948779	116.356499	72.615837	227.620468	482.767731	2.992221	-1235.033338	0.001924	-0.451527	0.211843	0.163428	-0.352663	0.100813	0.769636	-2.371073	1.050399	2.789006	0.855137	-2.524816	-0.013059	-0.001223	0.017362	-0.014873	-0.001563	0.012731	2998.209717	-386.837830	1262.985864	575.359680	9.882051	307.114902	-103.465309	-160.610748	232.375168	-156.123703	19.027462	463.157959	-0.032651	0.037180	0.165294	-0.030013	0.065304	0.234561	482.767731	2.992221	-1332.535970	11.516520	2.197693	9.305585	11.331879	2.519860	8.173074
53	CDH6	0	transcript	protein		146		-14.879316	-6.272166	-13.684512	-27.395997	-11.548397	-25.196108	1233.882030	546.256421	-318.948779	869.977605	353.084560	-227.620468	1233.882030	546.256421	-1332.535970	-0.855695	-1.025409	1.158220	-0.688801	-0.825413	0.932321	-5.669604	-6.794080	7.674053	-6.857761	-8.217890	9.282274	-0.056754	-0.065489	0.073382	-0.054061	-0.061455	0.067544	4683.856209	2092.765243	-1262.985864	1187.998713	530.205898	-307.114902	-128.738610	562.729129	1115.026099	-118.101302	609.627567	1229.402380	-0.147791	0.549776	1.067426	-0.146813	0.546136	1.060359	1233.882030	546.256421	-1332.535970	2.407641	-5.152959	13.342285	2.022345	-3.220719	12.983684
54	MTRF1L	2	bridge	protein				11.919189	-27.717795	-9.882144	9.753676	-22.681946	-8.086727	26.548759	-99.965530	0.000000	-225.502945	-170.402740	0.000000	26.548759	-99.965530	-1267.534215	-0.076879	0.250945	0.369565	-0.456019	0.595929	-0.060757	1.327154	1.208186	2.779199	-3.803874	3.052572	5.657610	-0.005804	-0.000229	-0.012391	-0.004140	0.000159	-0.011157	-373.620270	-2197.629883	0.000000	-28.765831	-193.440704	0.000000	338.408875	38.372406	-28.685371	467.952057	-275.936707	-104.844467	0.178277	-0.043875	0.001957	0.122065	-0.228897	-0.120951	26.548759	-99.965530	-1294.370304	8.914314	0.868953	3.937229	7.062981	3.412315	4.019456
55	TMEM14B	6	protein	protein	97			6.013430	5.068125	19.650770	11.072007	9.331500	36.181263	-18.808559	3.821195	-318.948779	-135.486908	143.891388	-227.620468	-18.808559	3.821195	-1137.530706	-0.011564	0.286019	0.025303	-0.044435	0.260045	-0.148144	-0.382758	2.002047	-0.268638	-2.054737	-0.286832	1.837231	-0.006094	-0.003990	-0.016667	-0.004181	-0.005504	-0.026518	73.838997	19.866991	-1262.985864	-43.197567	93.846313	-307.114902	215.050415	-33.696980	-74.642868	272.170135	-137.932037	-143.877502	0.084722	-0.109488	-0.035451	0.086300	-0.115277	-0.042334	-18.808559	3.821195	-1253.345798	7.677513	-0.192754	5.924345	7.169178	2.407559	6.109200
56	N-Acetylneuraminic acid	15	metabolite	metabolite			1009	16.058740	-15.980592	41.889588	5.840507	-5.812085	15.235096	166.516602	-246.313156	318.948779	42.653049	-217.384338	227.620468	166.516602	-246.313156	-845.022810	-0.368729	-0.369683	0.034804	-0.154164	-0.458771	-0.045149	-1.295790	-2.017300	1.853921	3.868286	0.999307	-0.480867	-0.009059	-0.000333	0.001041	-0.011656	-0.000571	0.001972	-1122.882324	-2210.854492	1262.985864	253.360794	-292.222015	307.114902	11.272464	-128.839844	-181.857697	1.503200	198.723480	38.971001	-0.018456	0.004886	-0.118102	-0.029964	0.077509	-0.056217	166.516602	-246.313156	-855.527341	10.396616	-0.763841	6.817456	8.821980	0.492005	4.462542
57	SH3GL2	3	protein,transcript	protein	204	235		-8.090012	0.334547	19.556068	-14.895438	0.615973	36.006895	-71.034546	145.119492	-318.948779	-161.419846	108.948425	-227.620468	-71.034546	145.119492	-1235.033338	0.160056	0.200788	-0.241690	0.183208	0.160994	-0.225886	-0.382583	0.270345	-3.234841	-2.459569	-2.848082	-0.443728	-0.003645	-0.001305	-0.011406	-0.002290	-0.001948	-0.019333	-222.137405	1742.086914	-1262.985864	-139.603683	145.677765	-307.114902	185.984116	79.466209	-114.911835	220.916443	-65.634789	-263.110504	0.117703	0.012683	-0.046975	0.080677	0.020309	-0.097902	-71.034546	145.119492	-1298.234089	6.709393	1.109479	6.060363	6.931351	3.781436	6.938429
58	PRDX1	7	transcript	protein		177		5.898860	-5.870154	19.461365	10.861061	-10.808206	35.832528	147.028946	56.317127	-318.948779	-110.521690	252.539551	-227.620468	147.028946	56.317127	-1105.029829	-0.195804	0.005616	0.095032	-0.166240	0.076309	-0.121923	-1.525087	0.085612	-0.102093	-0.191014	-1.178169	1.742794	-0.010511	-0.003296	-0.006404	-0.008003	-0.005269	-0.024933	879.793030	1112.834839	-1262.985864	94.428764	140.918747	-307.114902	159.861191	-26.855370	43.373329	297.927185	9.260000	-19.445438	0.062916	-0.005165	-0.002036	0.056130	-0.042810	-0.028780	147.028946	56.317127	-1213.265026	8.147483	1.429314	5.999420	8.053926	3.653594	6.479469
59	Thiol	6	metabolite	metabolite			1021	-1.073242	23.209850	41.571036	-0.390334	8.441341	15.119239	274.670776	51.960888	318.948779	-58.936916	-15.799408	227.620468	274.670776	51.960888	-1137.530706	-0.185791	-0.171100	0.091219	-0.165697	-0.264604	-0.007107	-1.486049	-1.321912	0.453210	3.274434	0.005739	-0.071826	-0.013426	-0.002432	0.008583	-0.017993	-0.002974	0.013326	1994.346069	192.768250	1262.985864	363.765503	-55.095234	307.114902	47.798962	-82.947441	100.781174	-17.092537	98.366035	250.964035	0.030231	0.010755	0.043369	0.021403	0.039105	0.063203	274.670776	51.960888	-1203.745172	10.674195	1.656569	9.201598	10.917144	1.732323	7.727709
60	L-Homocysteine	5	metabolite	metabolite			121	-15.246086	-18.269906	41.252484	-5.544948	-6.644701	15.003383	383.324097	18.044462	318.948779	-80.638397	-6.570745	227.620468	383.324097	18.044462	-1170.031583	-0.235768	-0.390941	0.005366	-0.212615	-0.380689	0.068321	-1.573467	-2.375424	0.537063	3.876294	0.345320	-0.495993	-0.015231	-0.001924	0.019269	-0.019943	-0.002846	0.020063	2233.492676	352.565796	1262.985864	438.237335	-75.474709	307.114902	-57.947296	-155.706085	122.656700	-103.819138	137.021011	303.366089	-0.024479	0.017753	0.084125	-0.003533	0.070115	0.118060	383.324097	18.044462	-1321.346851	10.879004	1.844259	8.391579	10.825811	1.689400	7.919348
61	GPR17	7	protein	protein	168			-0.394477	8.530930	19.366663	-0.726316	15.707262	35.658160	-75.233231	-76.635208	-318.948779	-10.863890	260.150757	-227.620468	-75.233231	-76.635208	-1105.029829	-0.155753	0.413703	-0.086087	-0.089857	0.351465	0.078749	-0.719455	2.869124	0.638913	-2.250570	0.881089	2.690867	-0.005453	-0.002133	-0.018228	-0.004397	-0.003560	-0.025837	-439.894440	-2043.339600	-1262.985864	-65.104286	-10.497141	-307.114902	249.214981	57.440620	-147.460556	278.764587	-132.440659	-71.503120	0.132895	-0.085130	-0.080880	0.117029	-0.121167	-0.059161	-75.233231	-76.635208	-1283.811829	9.807581	0.575057	3.393363	6.547414	2.837862	4.217165
62	MED10	2	protein	protein	95			-5.607268	-6.719381	19.271960	-10.324178	-12.371815	35.483793	39.346790	-37.378498	-318.948779	-101.362038	107.370628	-227.620468	39.346790	-37.378498	-1267.534215	0.192316	0.133136	-0.152346	-0.029388	0.377276	-0.224981	-0.243325	1.402540	-1.910478	-2.887146	-0.191191	2.611106	-0.004227	-0.003278	-0.007773	-0.002154	-0.004492	-0.017419	-84.671379	243.737244	-1262.985864	-94.508400	72.094902	-307.114902	90.827225	-23.443291	-50.257793	209.567795	-56.637577	-174.622543	0.008434	-0.122344	-0.013825	0.055457	-0.133685	-0.023033	39.346790	-37.378498	-1309.299123	7.172528	-0.411721	5.958312	6.886224	2.020271	6.506176
63	CCR5	9	transcript	protein		869		8.877282	1.194426	19.177258	16.344970	2.199193	35.309425	-393.872009	-199.812576	-318.948779	72.431976	-95.178276	-227.620468	-393.872009	-199.812576	-1040.028074	0.384811	0.348013	0.131947	0.169982	0.386969	-0.039633	2.008045	2.509104	-0.843996	-3.952502	0.764428	0.565301	0.032646	-0.027976	-0.008007	0.031672	-0.027557	0.000037	-1431.819214	-778.465820	-1262.985864	-401.835358	-173.971222	-307.114902	-267.612518	279.405365	0.283793	-187.000458	55.546570	-210.121796	-0.172110	-0.008951	0.006648	-0.179808	-0.043319	-0.028832	-393.872009	-199.812576	-1266.378815	2.448889	-0.196898	4.657280	2.214605	2.392646	4.489225
64	RAB1A	2	bridge	protein				5.391278	7.031968	30.487465	4.411775	5.754379	24.948414	32.015335	-8.253274	0.000000	-53.206623	60.507999	0.000000	32.015335	-8.253274	-1267.534215	0.139992	-0.017635	-0.186605	0.305141	-0.167779	-0.271413	1.930830	0.280908	1.412850	-0.893022	2.250631	-3.628524	-0.005734	-0.001167	-0.007942	-0.006829	-0.000650	-0.005920	2342.477539	-123.629166	0.000000	225.273911	55.721989	0.000000	115.333054	21.419613	-60.506695	79.563377	-126.695442	61.501076	0.068895	-0.042266	-0.015243	0.041146	-0.065676	0.040642	32.015335	-8.253274	-1312.033163	9.762553	0.919496	3.624379	6.688453	2.853966	4.661570
65	NELL2	6	protein	protein				-7.516843	5.230024	19.082555	-13.840113	9.629590	35.135057	-357.527740	-27.429470	-318.948779	80.200966	31.876976	-227.620468	-357.527740	-27.429470	-1137.530706	0.441633	0.034749	-0.074434	0.268099	0.225372	0.213414	3.283475	0.482472	1.113713	-3.165104	2.158615	-1.448587	0.011022	0.013764	-0.023797	0.009651	0.013860	-0.019506	-544.312012	-955.804077	-1262.985864	-371.302490	2.611057	-307.114902	-360.305847	59.615528	-15.245051	-278.476807	-134.516251	-165.729279	-0.209044	0.020354	0.009326	-0.220145	0.000615	-0.023194	-357.527740	-27.429470	-882.186673	0.227893	0.118787	5.214223	0.589170	1.300854	4.417058
66	Pyruvate	54	metabolite	metabolite			334	24.122174	3.245604	40.933932	8.773150	1.180415	14.887527	338.752869	-36.135429	318.948779	-37.975224	-47.167934	227.620468	338.752869	-36.135429	422.511405	-0.150359	-0.299042	0.052535	-0.093927	-0.351699	0.043647	-0.662067	-1.455683	0.655996	2.737563	0.279739	-0.822357	-0.014525	-0.001916	0.015778	-0.018994	-0.002636	0.017088	2068.064697	-247.088242	1262.985864	420.497681	-133.883575	307.114902	-37.923733	-119.254021	100.851837	-80.393845	117.423225	275.610809	-0.005218	0.042521	0.062039	0.009039	0.092654	0.103572	338.752869	-36.135429	543.553193	9.883813	1.415611	8.648219	10.664285	1.614089	7.401978
67	THF-polyglutamate	2	metabolite	metabolite			726	-20.412668	14.202603	40.615380	-7.424016	5.165437	14.771671	350.856628	-79.901970	318.948779	96.054832	-20.072239	227.620468	350.856628	-79.901970	-1267.534215	0.154567	-0.342536	-0.163190	-0.023897	-0.247357	0.279957	0.003977	-2.793479	-0.875936	2.989681	-0.936810	-2.594505	-0.010235	-0.001189	0.009826	-0.012416	-0.001377	0.008620	844.268494	-306.720062	1262.985864	455.588440	-124.106575	307.114902	-60.128174	-189.171555	94.479851	-127.729797	1.364229	330.188232	-0.004184	-0.064772	0.126253	0.087080	0.030814	0.186950	350.856628	-79.901970	-1332.535970	11.140203	1.458462	7.514984	10.312291	2.893525	9.388205
68	RAC2	1	transcript	protein		411		2.052608	-9.124048	18.987853	3.779289	-16.799319	34.960690	-515.228271	102.049637	-318.948779	252.807770	11.943009	-227.620468	-515.228271	102.049637	-1300.035093	0.626667	0.788861	-0.260908	0.232817	0.694744	0.285722	4.855082	4.742506	0.223573	-7.305240	2.466522	0.305707	0.007815	0.030039	-0.023361	0.005962	0.029572	-0.017279	-1897.486084	1137.518799	-1262.985864	-514.327209	97.102776	-307.114902	-503.673462	50.763454	-155.544052	-462.075836	-110.831100	-281.536316	-0.378852	0.085780	-0.059553	-0.378630	0.073062	-0.079738	-515.228271	102.049637	-1332.535970	-0.296707	0.826487	5.619167	-0.026198	1.630048	4.243206
69	Psychosine	1	metabolite	metabolite			476	5.570529	-24.761561	40.296828	2.025982	-9.005693	14.655815	-112.414299	71.816986	318.948779	289.159576	-206.338318	227.620468	-112.414299	71.816986	-1300.035093	-0.392712	0.344490	-0.375627	-0.309141	-0.202277	-0.453410	-0.001398	2.824960	3.316493	1.438128	5.562918	1.373379	-0.005473	-0.000493	-0.011576	-0.005318	0.000124	-0.008108	-1051.879272	2081.199219	1262.985864	-168.087082	145.708694	307.114902	291.068115	89.965340	-224.755569	442.827332	226.856247	-65.672325	0.209637	0.025399	-0.169636	0.271519	0.005781	-0.148841	-112.414299	71.816986	-1332.535970	9.684993	0.323470	4.859710	8.571400	2.579283	4.240727
70	3-Acetamidopropanal	2	metabolite	metabolite			898	12.866686	22.454083	39.978276	4.679569	8.166471	14.539958	256.376862	320.288544	318.948779	-237.279770	-45.339058	227.620468	256.376862	320.288544	-1267.534215	-0.230087	-0.559797	-0.356605	0.047952	-0.601842	0.326455	-0.464464	-4.696813	-0.990028	4.147087	-0.075903	-4.666278	-0.008003	-0.000206	0.001414	-0.009603	-0.000229	0.001324	2022.546265	2964.255127	1262.985864	421.873138	329.359711	307.114902	30.176470	-285.440002	-30.149954	-222.058884	-117.328789	214.050903	-0.095292	-0.141320	-0.048006	-0.146250	-0.095891	0.054101	256.376862	320.288544	-1332.535970	6.899626	3.312908	8.881648	8.202318	3.014161	8.137821
71	EVI2B	7	transcript	protein		205		4.744077	8.279046	18.893150	8.734858	15.243491	34.786322	-574.279114	-127.286949	-318.948779	-24.027010	-237.292023	-227.620468	-574.279114	-127.286949	-1105.029829	0.599357	0.126897	-0.217855	0.431860	0.264041	-0.145884	2.727919	1.167211	-3.277789	-4.694860	-1.053263	-1.740917	0.029119	0.009506	0.031725	0.027371	0.010574	0.027190	-2834.828369	177.083160	-1262.985864	-610.196411	-128.771469	-307.114902	-364.396332	224.090958	-190.690002	-283.267456	25.483295	-368.412018	-0.233458	0.071203	-0.081721	-0.214143	0.065419	-0.097233	-574.279114	-127.286949	-1280.878773	2.199808	0.083020	6.407582	0.903262	2.788696	5.585907
72	BTK	4	transcript	protein		282		-9.267030	-2.956435	18.798448	-17.062581	-5.443429	34.611955	-468.865509	-17.263224	-318.948779	193.043716	-47.030067	-227.620468	-468.865509	-17.263224	-1202.532461	0.372679	0.637078	-0.117849	0.157828	0.543865	0.116378	2.603982	3.955913	-0.715690	-5.467207	0.824940	0.910171	0.019820	0.013562	-0.023179	0.018054	0.013397	-0.013961	-1819.028564	609.058044	-1262.985864	-478.157135	-12.486596	-307.114902	-412.237030	156.996933	-87.670403	-358.329773	-20.501352	-251.218231	-0.259722	0.037014	-0.018915	-0.265513	0.017122	-0.047660	-468.865509	-17.263224	-1207.345111	-0.093435	0.778665	5.479698	0.262778	1.622104	4.143241
73	TBC1D24	1	transcript	protein		83		8.688158	-14.903383	-12.263975	15.996754	-27.440310	-22.580595	-267.757751	-912.613892	-318.948779	-128.053345	708.445251	-227.620468	-267.757751	-912.613892	-1300.035093	1.046515	0.307332	1.523974	0.842403	0.247390	1.226739	6.933923	2.036297	10.097438	8.387039	2.463036	12.213519	0.065878	0.020431	0.096962	0.060810	0.019027	0.089631	-1436.658081	-4060.181641	-1262.985864	-323.424194	-968.145874	-307.114902	898.053345	551.581299	361.770691	983.695984	562.380310	370.068512	0.814200	0.555823	0.367081	0.796480	0.564461	0.372842	-267.757751	-912.613892	-1332.535970	13.997367	2.967121	15.570738	10.902054	4.709687	15.160083
74	Putrescine	7	metabolite	metabolite			79	-25.117620	-8.013206	39.659724	-9.135190	-2.914375	14.424102	267.170807	260.392731	318.948779	-197.466278	-28.550222	227.620468	267.170807	260.392731	-1105.029829	-0.202170	-0.390915	-0.217810	-0.000733	-0.513561	0.262012	-0.430442	-3.457515	-0.165601	3.409650	-0.187389	-3.568543	-0.010162	-0.000822	0.003801	-0.011937	-0.000796	0.004690	1863.416992	2817.543945	1262.985864	412.095490	268.385529	307.114902	56.668171	-249.485901	30.671743	-173.617081	-82.592880	241.657211	-0.060201	-0.107163	-0.000452	-0.097968	-0.062916	0.083501	267.170807	260.392731	-1171.350474	6.911499	3.328511	8.869242	8.303788	2.974957	8.119689
75	NPC2	1	protein	protein	181			8.994461	-4.155669	18.703745	16.560722	-7.651474	34.437587	0.265752	70.734543	-318.948779	-164.357208	179.922333	-227.620468	0.265752	70.734543	-1300.035093	0.325372	0.062124	0.370873	-0.143799	0.356360	0.041354	-0.844543	0.160794	-3.291776	-2.151771	-3.038758	0.811903	-0.004271	-0.003156	-0.011408	-0.003563	-0.004610	-0.023106	270.123932	369.458252	-1262.985864	-79.514862	141.497894	-307.114902	145.902267	106.200638	23.576834	272.464447	-59.325554	-165.211700	0.124895	-0.135031	0.041180	0.060470	-0.165522	-0.043670	0.265752	70.734543	-1332.535970	7.755622	1.157617	6.954585	6.746402	3.435516	6.561774
76	PIK3CG	9	transcript	protein		376		-3.893355	9.302973	18.609043	-7.168498	17.128760	34.263220	-629.315796	13.100633	-318.948779	-92.325089	-241.323624	-227.620468	-629.315796	13.100633	-1040.028074	0.652446	0.044089	-0.512439	0.618961	0.300973	0.026476	4.172034	-0.015497	-3.572332	-5.211594	-0.459705	-3.800078	0.025938	0.044435	0.049095	0.023612	0.045395	0.036611	-3176.322510	1012.277527	-1262.985864	-685.968811	-1.177435	-307.114902	-401.273285	146.812134	-319.367767	-363.825531	-30.769869	-451.524567	-0.239526	0.128256	-0.164858	-0.217096	0.141040	-0.159709	-629.315796	13.100633	-1210.169835	1.468512	0.177514	6.985832	-0.016906	2.597343	5.770941
77	POMK	1	bridge	protein				-12.283481	-18.217406	-22.918164	-10.051783	-14.907614	-18.754325	-151.660339	-42.768414	0.000000	677.020900	659.634182	0.000000	-151.660339	-42.768414	-1300.035093	-0.135319	0.577432	-0.000071	-0.093037	0.768375	-0.371331	0.878628	3.166457	2.371362	-6.201304	1.576580	5.235308	-0.000403	-0.004505	-0.011198	-0.000668	-0.002100	-0.005702	-268.783142	1192.708252	0.000000	-265.924347	43.770439	0.000000	128.015884	166.405060	-114.804428	145.788254	103.565857	-245.734772	0.007000	0.014908	-0.142583	-0.092383	-0.000960	-0.190904	-151.660339	-42.768414	-1332.535970	8.691068	0.371014	4.808074	7.499245	2.308789	4.351714
78	2-Hydroxyphytanoyl-CoA	2	metabolite	metabolite			802	24.363196	-11.256415	39.341172	8.860809	-4.093918	14.308246	502.348663	-47.504177	318.948779	48.312489	112.314545	227.620468	502.348663	-47.504177	-1267.534215	0.006271	-0.399205	0.272893	0.136504	-0.341947	0.042527	0.918420	-1.963964	1.690974	2.529397	1.715499	-2.073700	-0.011403	-0.000871	0.013939	-0.015494	-0.001732	0.013707	2744.685791	-1264.393188	1262.985864	605.047546	-43.273647	307.114902	-58.500084	-100.053505	296.652985	-117.253204	121.422287	480.609436	0.013654	0.076960	0.193320	0.015314	0.126012	0.220308	502.348663	-47.504177	-1332.535970	13.413900	3.147422	6.753041	12.129036	3.239439	5.664899
79	BCAT1	6	transcript	protein		380		-3.471722	-9.652272	18.514340	-6.392181	-17.771893	34.088852	-641.683289	113.220299	-318.948779	-124.043259	-189.334229	-227.620468	-641.683289	113.220299	-1137.530706	0.720730	0.088877	-0.663851	0.683753	0.351590	0.144790	5.737816	0.302078	-2.951786	-6.228100	0.380949	-4.179051	0.012351	0.034870	0.021252	0.010304	0.035072	0.013929	-3095.816895	363.834290	-1262.985864	-702.176331	93.769379	-307.114902	-414.096497	75.758148	-382.295502	-393.805878	-90.356850	-487.099304	-0.229922	0.170363	-0.224301	-0.210881	0.188496	-0.211218	-641.683289	113.220299	-1172.297132	0.823011	0.163955	7.078762	-0.378180	2.279747	5.705454
80	ARAP3	0	transcript	protein		33		15.132289	-5.398803	-13.779215	27.861773	-9.940349	-25.370476	1185.511540	645.199840	-318.948779	842.267209	417.445568	-227.620468	1185.511540	645.199840	-1332.535970	1.349221	0.181536	1.127741	1.086069	0.146129	0.907787	8.939572	1.202807	7.472104	10.813003	1.454874	9.038004	0.085393	0.012321	0.071417	0.079090	0.011430	0.065703	4496.641805	2475.718427	-1262.985864	1141.529546	625.260098	-307.114902	-269.048731	-580.118680	1090.215195	-271.098388	-636.557542	1202.348053	-0.281935	-0.542849	1.043705	-0.280069	-0.539255	1.036796	1185.511540	645.199840	-1332.535970	15.841685	2.200675	13.156580	15.142588	3.961144	12.802317
81	CLEC10A	6	transcript	protein		100		9.229642	4.850841	18.419638	16.993740	8.931434	33.914485	-425.332947	-218.615829	-318.948779	36.617378	-121.148880	-227.620468	-425.332947	-218.615829	-1137.530706	0.449122	0.297534	0.155325	0.202559	0.363443	-0.188962	1.126791	2.726640	-2.176516	-4.204305	-0.886498	0.856433	0.032651	-0.025113	-0.001833	0.031482	-0.024531	0.004421	-1484.405640	-770.990051	-1262.985864	-440.969727	-176.280716	-307.114902	-277.387177	279.678711	-26.584293	-184.807770	59.997459	-247.121262	-0.186520	-0.002663	-0.019010	-0.187607	-0.032073	-0.055116	-425.332947	-218.615829	-1311.708377	2.563275	-0.222993	4.930335	2.114173	2.533147	4.843228
82	Lactosylceramide sulfate	1	metabolite	metabolite			56	-10.539080	25.182592	39.022620	-3.833026	9.158820	14.192390	47.144955	-168.011703	318.948779	117.381096	-244.531662	227.620468	47.144955	-168.011703	-1300.035093	-0.710599	-0.314255	0.462550	-0.157619	-0.732025	-0.249866	-2.321611	-1.277920	5.350158	7.547696	0.537141	0.376956	-0.004959	0.000298	-0.004226	-0.006291	0.000299	-0.003059	-2066.057617	-1801.173584	1262.985864	169.710037	-247.159485	307.114902	166.337234	-144.390213	-178.299988	33.506931	66.936455	-40.233501	0.047035	-0.191061	-0.158475	-0.097502	-0.118760	-0.104559	47.144955	-168.011703	-1332.535970	10.338321	-0.352845	6.465574	8.802086	0.553846	4.600448
83	dADP	3	metabolite	metabolite			1034	-9.391640	-26.111152	38.704068	-3.415706	-9.496534	14.076533	262.658112	-81.325653	318.948779	-29.713291	-98.386292	227.620468	262.658112	-81.325653	-1235.033338	-0.322387	-0.271897	0.031329	-0.110442	-0.351897	-0.070598	-1.463052	-1.844823	1.405984	3.744964	0.475414	-0.437294	-0.012271	-0.001644	0.008609	-0.016711	-0.002245	0.012617	1869.648804	-326.698975	1262.985864	366.639709	-167.640320	307.114902	-3.349874	-91.484764	10.884987	-48.535038	146.895905	215.133118	0.007773	0.055806	-0.001953	0.021973	0.104035	0.053119	262.658112	-81.325653	-1315.725335	10.050535	0.912076	8.119876	10.435324	1.583694	7.252922
84	RDH11	4	bridge	protein				22.930400	18.119235	-12.405245	18.764338	14.827279	-10.151424	-14.073808	-123.199356	0.000000	157.060135	218.993958	0.000000	-14.073808	-123.199356	-1202.532461	-0.262032	0.102710	-0.420754	0.319841	-0.242388	-0.465502	-2.451981	1.583436	-1.901312	-0.923819	5.682021	-2.653149	-0.006591	-0.000040	-0.009236	-0.005810	0.000714	-0.007244	-540.938416	-1740.572144	0.000000	-38.909534	-232.580185	0.000000	160.643539	-22.224997	-200.194794	228.047867	301.732971	-105.177811	0.093763	0.062897	-0.123810	0.155820	0.121247	-0.090664	-14.073808	-123.199356	-1287.557686	8.940819	-0.096105	6.396089	8.385626	2.211714	4.527113
85	3-Sulfino-L-alanine	4	metabolite	metabolite			996	24.951545	13.113833	38.385516	9.074789	4.769455	13.960677	472.767731	-7.924564	318.948779	49.844746	41.869801	227.620468	472.767731	-7.924564	-1202.532461	0.086577	-0.415532	-0.007322	0.018454	-0.354352	0.181080	0.709153	-2.453320	0.045909	2.486825	0.044478	-2.627812	-0.013436	-0.001300	0.018060	-0.018175	-0.002271	0.018030	2504.120850	-812.526489	1262.985864	533.262634	-56.575371	307.114902	-82.331764	-176.949966	227.219406	-156.848755	82.402931	414.278809	-0.022123	0.011251	0.169212	0.002358	0.068380	0.206690	472.767731	-7.924564	-1328.991219	11.672976	3.340227	7.097725	11.434950	2.976238	9.085049
86	IGKV3D-20	7	transcript	protein		328		-10.242433	2.699873	18.324935	-18.858506	4.971042	33.740117	-619.375427	-23.772470	-318.948779	-88.924080	-252.651474	-227.620468	-619.375427	-23.772470	-1105.029829	0.702552	-0.000069	-0.416478	0.612942	0.247594	-0.045950	4.106757	-0.032373	-3.593353	-5.164753	-0.533489	-3.757933	0.026822	0.037897	0.048980	0.024600	0.038947	0.037078	-3179.141357	880.135376	-1262.985864	-670.981445	-35.533951	-307.114902	-397.913513	160.752213	-284.480835	-347.140747	-26.484779	-426.963226	-0.252025	0.109238	-0.143981	-0.228984	0.118632	-0.144643	-619.375427	-23.772470	-1317.546892	1.457710	0.045232	6.837755	0.136604	2.587537	5.718849
87	APOC2	0	bridge	protein				20.928319	5.031048	-23.338680	17.126001	4.116992	-19.098441	1346.117102	10.982819	0.000000	493.888950	811.134107	0.000000	1346.117102	10.982819	-1332.535970	-1.137761	0.791625	1.097261	-0.915852	0.637226	0.883252	-7.538495	5.245089	7.270155	-9.118309	6.344282	8.793734	-0.074939	0.051652	0.069452	-0.071094	0.048272	0.063862	5118.253754	21.028354	0.000000	1295.822104	15.972567	0.000000	664.941170	221.079409	1065.404292	747.343697	237.085580	1175.293726	0.611010	0.223140	1.019985	0.606965	0.221663	1.013232	1346.117102	10.982819	-1332.535970	0.689079	5.917805	12.970876	0.343927	7.591446	12.620951
88	CMTM3	4	protein	protein	135			5.816423	-9.045874	18.230233	10.709276	-16.655385	33.565750	-373.314087	-179.954666	-318.948779	-24.660408	-64.019775	-227.620468	-373.314087	-179.954666	-1202.532461	0.478684	0.150846	0.032603	0.262781	0.274979	0.022894	2.733931	1.662188	-0.928239	-3.880907	0.831074	-0.311727	0.021123	-0.013528	-0.003786	0.020182	-0.013445	-0.002560	-1128.263184	-1105.871582	-1262.985864	-390.778809	-145.367874	-307.114902	-254.850754	178.835983	-34.730465	-158.010040	-19.111662	-212.078522	-0.161593	-0.026622	-0.026224	-0.157196	-0.045318	-0.047164	-373.314087	-179.954666	-1248.335642	3.022299	-0.591910	6.532595	1.683414	2.076444	5.343367
89	BLK	4	protein,transcript	protein	53	70		1.848472	10.755728	18.135530	3.403431	19.803592	33.391382	-535.464783	-65.583504	-318.948779	87.410225	-262.030762	-227.620468	-535.464783	-65.583504	-1202.532461	0.463895	0.419594	-0.431995	0.442107	0.481851	-0.103111	2.333209	2.307463	-4.080683	-5.554988	-2.092009	-1.438317	0.030533	-0.000740	0.016896	0.029280	0.000265	0.019893	-2325.219971	-93.716095	-1262.985864	-590.464294	-90.511086	-307.114902	-363.291382	274.080170	-156.972961	-337.784821	90.566887	-324.102905	-0.246277	0.084301	-0.043998	-0.233136	0.074503	-0.043152	-535.464783	-65.583504	-1323.855109	2.054536	0.720138	5.511223	0.861486	3.066170	4.636705
90	ASF1B	5	protein	protein	90			-8.751614	-6.777742	18.040828	-16.113590	-12.479270	33.217015	29.810877	146.555420	-318.948779	-144.296066	212.980927	-227.620468	29.810877	146.555420	-1170.031583	-0.130466	0.099411	-0.047561	-0.154031	0.197438	-0.017941	-1.383731	-0.010540	-1.568954	-1.110473	-2.150230	0.871199	-0.006716	-0.002630	-0.013043	-0.005232	-0.004001	-0.023697	294.560516	1171.279785	-1262.985864	44.392811	121.548759	-307.114902	264.882965	-75.631760	13.967582	345.023529	-90.396294	-65.984886	0.095336	-0.126521	-0.024929	0.064213	-0.137209	-0.081110	29.810877	146.555420	-1195.197918	6.937344	0.906429	6.745179	7.061813	3.133884	7.280421
91	C5	9	protein	protein	226			11.183831	-0.926558	17.946125	20.591820	-1.705990	33.042647	-3.187238	-1.762109	-318.948779	-92.783905	176.314743	-227.620468	-3.187238	-1.762109	-1040.028074	-0.049922	0.147358	0.052620	-0.069601	0.210407	-0.025509	-0.427382	1.051514	0.383045	-1.246363	-0.269847	1.369014	-0.006368	-0.003742	-0.016509	-0.004361	-0.005167	-0.027728	206.115753	-4.833587	-1262.985864	-31.001392	74.403915	-307.114902	211.329025	17.198614	-57.562988	244.345428	-77.164001	-108.578804	0.114269	-0.072266	-0.017454	0.099023	-0.072697	-0.048293	-3.187238	-1.762109	-1077.928566	7.705845	-0.109016	5.566363	7.172591	2.917238	5.728335
92	HAX1	2	bridge	protein				-10.041113	-1.776132	30.066949	-8.216815	-1.453439	24.604298	-17.831919	167.432144	0.000000	-101.370644	185.207031	0.000000	-17.831919	167.432144	-1267.534215	-0.459316	0.061610	-0.022087	-0.276399	0.146214	0.449090	-2.877669	0.599057	0.817452	1.605061	-4.619522	2.958287	-0.006934	-0.001238	-0.008580	-0.005079	-0.000291	-0.009911	-3496.458252	153.298538	0.000000	-289.322815	153.807709	0.000000	268.672272	-165.625290	48.349037	179.128906	-424.391663	104.336754	0.021374	-0.138685	-0.011973	-0.045182	-0.240633	0.036638	-17.831919	167.432144	-1265.160717	6.653792	-0.467394	6.776650	7.407580	1.937036	7.388905
93	DCAF8	1	bridge	protein				-18.423440	10.201834	-23.759197	-15.076215	8.348335	-19.442557	277.971558	-71.458572	0.000000	278.833927	912.331319	0.000000	277.971558	-71.458572	-1300.035093	0.313975	-0.464755	-0.168446	0.289783	-0.037331	0.678757	0.449354	-3.748033	-1.552148	-0.172957	-3.106341	-6.985446	-0.007423	-0.000988	0.003933	-0.004081	-0.000130	-0.003529	736.236450	-264.494537	0.000000	207.490845	-173.209381	0.000000	-27.276739	-144.152771	35.621429	36.593601	8.588224	73.295822	-0.010123	-0.101024	0.095658	0.201190	-0.019385	0.026552	277.971558	-71.458572	-1332.535970	10.953214	1.452025	7.480826	10.141599	2.710014	9.236232
94	RNF6	2	bridge	protein				6.539734	-19.508288	-24.179714	5.351576	-15.963966	-19.786673	74.123581	18.742783	0.000000	45.368530	956.867225	0.000000	74.123581	18.742783	-1267.534215	-0.374160	0.187495	0.417203	-0.496508	0.295322	-0.422323	-3.476903	1.479804	0.110836	-0.004678	-2.990156	6.357139	-0.007193	-0.001569	-0.014473	-0.004117	-0.000778	-0.010892	838.954590	1815.146973	0.000000	143.116638	354.389008	0.000000	380.023224	32.579483	39.957245	557.179810	-9.036938	-128.352722	0.171315	0.047868	-0.039740	0.133741	-0.101383	-0.209554	74.123581	18.742783	-1332.535970	7.919976	1.256718	4.684245	8.086419	4.391622	5.382114
95	Hydrogen sulfide	9	metabolite	metabolite			270	-27.671334	7.294075	38.066964	-10.063967	2.652829	13.844821	358.355347	16.113104	318.948779	-32.699493	-15.597911	227.620468	358.355347	16.113104	-1040.028074	-0.226299	-0.285475	0.027494	-0.166521	-0.317501	0.038470	-1.302133	-1.887638	0.906933	3.593756	0.080161	-0.478758	-0.015946	-0.002235	0.018791	-0.021373	-0.003217	0.021135	2232.057617	72.954926	1262.985864	425.799896	-77.793236	307.114902	-24.471684	-136.290543	132.743225	-82.011963	115.014984	304.549225	-0.004272	0.022277	0.077315	0.010960	0.066108	0.111740	358.355347	16.113104	-1318.761548	10.777720	1.774446	8.730729	10.443071	1.844705	7.857947
96	3-Phosphonooxypyruvate	1	metabolite	metabolite			209	15.703468	-24.422500	37.748412	5.711296	-8.882377	13.728965	526.239746	-38.347454	318.948779	97.814552	87.314865	227.620468	526.239746	-38.347454	-1300.035093	0.230349	-0.391590	0.090006	0.090772	-0.446526	0.034471	1.337649	-2.451306	0.698205	2.634743	1.024591	-2.782871	-0.009422	-0.000552	0.011183	-0.012802	-0.001233	0.010461	2858.028076	-1108.289673	1262.985864	605.337585	1.133373	307.114902	-68.678589	-149.026718	304.337738	-146.468140	87.349548	495.636871	0.000968	0.049373	0.244004	0.019854	0.098096	0.277103	526.239746	-38.347454	-1332.535970	11.443991	3.696302	6.793180	11.249226	4.272843	6.489020
97	ZFTA	1	transcript	protein		326		3.646343	16.791881	-12.358677	6.713696	30.917438	-22.754963	-270.540985	-912.055603	-318.948779	-130.852051	707.973145	-227.620468	-270.540985	-912.055603	-1300.035093	0.636580	0.307332	1.523974	0.512422	0.247390	1.226739	4.217806	2.036297	10.097438	5.101716	2.463036	12.213519	0.039450	0.020431	0.096962	0.036055	0.019027	0.089631	-1487.926636	-4047.255859	-1262.985864	-326.176483	-967.470703	-307.114902	898.556458	552.505127	359.136536	983.233276	561.507935	372.511719	0.811450	0.547705	0.376009	0.793759	0.556401	0.381717	-270.540985	-912.055603	-1332.535970	11.499728	2.967121	15.570738	13.341350	4.709687	15.160083
98	C1QA	4	transcript	protein		71		-7.722619	8.347925	17.851423	-14.218991	15.370312	32.868280	28.647564	-50.745373	-318.948779	-35.584015	91.044678	-227.620468	28.647564	-50.745373	-1202.532461	0.200074	0.052165	0.198257	0.021534	0.234944	0.145468	-0.016823	-0.276981	-1.987193	-1.979139	-1.918013	-0.024545	-0.002488	-0.006652	-0.010481	0.001658	-0.009401	-0.018795	123.546249	-299.182098	-1262.985864	-106.123558	-47.527905	-307.114902	92.790428	62.442955	66.207397	150.925888	53.794846	-101.264610	0.047981	-0.046373	0.057570	-0.002789	-0.057999	-0.005640	28.647564	-50.745373	-1213.676392	4.248146	-0.199533	4.332442	4.109596	3.022438	4.610110
99	QPRT	5	bridge	protein				-2.460423	-31.568926	2.312842	-2.013406	-25.833392	1.892638	123.000450	17.132048	0.000000	231.906036	-117.870766	0.000000	123.000450	17.132048	-1170.031583	-0.184792	-0.058194	-0.230120	-0.411994	0.007711	0.310810	-1.158334	-1.652579	-1.861488	3.774739	-0.620227	3.209783	-0.007966	-0.002097	-0.007953	-0.006140	-0.001335	-0.011616	130.875916	-678.967468	0.000000	66.695885	-54.845177	0.000000	194.737732	-67.360542	40.410400	400.313629	27.035563	127.987473	0.117889	-0.054215	0.048350	0.165248	-0.083643	0.048921	123.000450	17.132048	-1272.321515	7.672476	1.987925	6.414709	7.236817	4.227861	6.001109
100	alpha-D-Ribose 1-phosphate	3	metabolite	metabolite			616	4.987274	29.019523	37.429860	1.813854	10.554298	13.613108	14.608150	194.526337	318.948779	-114.761513	-192.661423	227.620468	14.608150	194.526337	-1235.033338	-0.173066	-0.256888	-0.542319	-0.070591	-0.263825	0.530811	-1.049852	-2.918462	-3.023858	2.559821	-1.681214	-5.091088	-0.008073	-0.000332	-0.001975	-0.008503	-0.000023	-0.001049	-3166.762451	-607.450439	1262.985864	4.253186	-253.646957	307.114902	171.315399	-296.301086	41.734211	73.547775	-338.075653	286.185516	-0.011054	-0.169723	-0.024428	0.054346	-0.199105	0.108343	14.608150	194.526337	-1329.724202	6.554530	0.329105	7.389184	7.080418	2.334857	8.016067
101	DHRS3	2	bridge	protein				9.586526	-6.098163	29.646432	7.844818	-4.990231	24.260182	26.595203	126.075905	0.000000	14.347267	18.186472	0.000000	26.595203	126.075905	-1267.534215	-0.172049	0.095773	0.549538	0.136303	-0.198072	-0.518774	-2.722281	1.988164	1.909338	2.514203	-3.401808	3.866973	-0.006248	-0.000924	-0.012425	-0.005565	-0.000211	-0.010283	1276.279663	1215.540283	0.000000	138.418259	290.931183	0.000000	366.724274	46.776325	-34.504036	347.881073	-219.329926	-106.612701	0.205794	-0.042971	-0.048405	0.097262	-0.153872	-0.106607	26.595203	126.075905	-1324.975034	8.698610	1.165034	4.857468	8.536027	3.389355	5.275921
102	beta-Citryl-L-glutamate	3	metabolite	metabolite			224	-23.596504	-18.274459	37.111308	-8.581965	-6.646356	13.497252	350.480438	23.127636	318.948779	93.646996	-30.601942	227.620468	350.480438	23.127636	-1235.033338	0.040532	-0.391866	-0.231821	0.039631	-0.262220	0.264829	-0.246932	-2.951214	-0.843951	3.134365	-1.083710	-2.383692	-0.011052	-0.000879	0.011599	-0.014278	-0.001492	0.011142	-95.864937	-86.397400	1262.985864	408.807281	-11.230485	307.114902	-42.515339	-250.331436	89.344818	-114.847572	-33.829960	304.120605	0.042056	-0.048282	0.094262	0.080284	0.043581	0.133008	350.480438	23.127636	-1332.535970	12.063473	1.307061	7.290401	10.504642	3.586007	9.837589
103	MUC1	3	protein	protein	68			0.056195	-11.519363	17.756720	0.103468	-21.209607	32.693912	-5.036740	55.542542	-318.948779	-91.972733	195.904556	-227.620468	-5.036740	55.542542	-1235.033338	-0.019614	0.235657	0.189422	-0.056222	0.192042	-0.210487	-0.950153	1.715406	-0.659945	-1.590057	-0.138265	1.985944	-0.005864	-0.003787	-0.015780	-0.004386	-0.005358	-0.025882	907.506592	1464.721680	-1262.985864	-25.635649	172.557129	-307.114902	253.205566	37.899391	-32.036308	329.278229	-25.426590	-150.634964	0.087028	-0.040672	-0.042831	0.061447	-0.079278	-0.092643	-5.036740	55.542542	-1292.723238	7.248523	0.032099	5.508837	7.303049	3.124793	6.059126
104	KRTAP19-2	2	bridge	protein				-3.219992	11.978211	29.225915	-2.634975	9.801975	23.916066	31.453321	237.052307	0.000000	-53.374763	145.030518	0.000000	31.453321	237.052307	-1267.534215	-0.268694	0.328588	0.552275	0.526725	-0.121400	0.194615	0.872323	1.488256	4.384715	1.499479	-6.055544	2.124535	-0.006016	-0.001170	-0.012007	-0.005433	-0.000375	-0.011597	-394.352997	1925.255615	0.000000	29.271460	324.656952	0.000000	282.346008	-9.460237	149.793716	178.523712	-295.120544	120.313370	0.054110	-0.187056	0.072472	-0.017649	-0.216436	0.130512	31.453321	237.052307	-1327.440795	8.273357	2.640888	7.314737	8.691164	2.718533	6.930116
105	NELL2	2	transcript	protein		44		7.836991	8.639138	17.662018	14.429572	15.906498	32.519545	-76.095139	-16.485657	-318.948779	-9.069105	85.157173	-227.620468	-76.095139	-16.485657	-1267.534215	0.354538	-0.131156	0.113001	0.201328	0.103687	0.177232	2.473486	-0.670146	1.353040	-1.860488	1.855049	-1.473878	0.000463	0.005946	-0.011354	0.000775	0.006011	-0.015856	459.268616	-1115.202637	-1262.985864	-133.349960	54.747646	-307.114902	-166.426712	26.150913	79.038246	-68.694969	-136.674240	-73.750954	-0.088940	0.007092	0.064695	-0.106904	-0.007059	0.024043	-76.095139	-16.485657	-943.406139	9.906941	2.436968	5.922443	9.697444	4.146263	6.299916
106	PC	6	transcript	protein		72		-11.755949	-1.089539	17.567315	-21.645212	-2.006073	32.345177	295.031219	46.803211	-318.948779	-222.648621	283.112823	-227.620468	295.031219	46.803211	-1137.530706	-0.212654	-0.303901	0.121958	-0.181044	-0.011714	0.244788	-1.445622	-2.244599	0.562742	1.265591	-2.876064	-1.053494	-0.012075	-0.001602	0.009783	-0.009421	-0.001498	-0.001223	1369.829102	-738.457764	-1262.985864	254.103256	57.666561	-307.114902	21.526424	-75.255959	132.913361	59.414631	-6.690330	162.948303	0.046528	0.025581	0.091279	0.088419	0.049937	0.084676	295.031219	46.803211	-1246.847593	8.902398	1.506133	7.802344	10.009297	2.221173	6.642130
107	TMX1	0	bridge	protein				8.150520	18.341147	-24.600231	6.669710	15.008874	-20.130789	679.849117	1164.992820	0.000000	-191.837752	941.943471	0.000000	679.849117	1164.992820	-1332.535970	0.309393	-1.375284	1.066782	0.249049	-1.107048	0.858717	2.049955	-9.112254	7.068207	2.479556	-11.021873	8.549463	0.018357	-0.088045	0.067487	0.016296	-0.082583	0.062022	2539.512796	4487.538713	0.000000	655.743453	1124.621311	0.000000	-637.652265	261.565166	1040.593389	-673.031375	281.232094	1148.239399	-0.634340	0.261846	0.996264	-0.630141	0.260113	0.989669	679.849117	1164.992820	-1332.535970	9.506254	-7.284663	12.785171	8.955144	-5.302630	12.439584
108	ZRANB1	4	protein	protein	209			9.515729	-7.222099	17.472613	17.520488	-13.297426	32.170809	145.394669	144.455154	-318.948779	-171.254776	251.541473	-227.620468	145.394669	144.455154	-1202.532461	-0.083190	-0.051195	0.294529	-0.094120	0.048158	-0.212956	-1.798946	-0.540120	-0.888755	-0.269823	-1.893771	1.391896	-0.008893	-0.002895	-0.008231	-0.006640	-0.004230	-0.024823	543.979736	974.536560	-1262.985864	53.843327	234.745392	-307.114902	184.969101	19.080282	77.251938	351.047363	-25.067123	-76.764511	0.064787	-0.024134	0.004101	0.026533	-0.059673	-0.051614	145.394669	144.455154	-1298.619837	7.464795	2.197683	5.822254	7.779158	4.404539	6.861697
109	HCK	1	transcript	protein		266		-2.162728	11.888265	17.377910	-3.982044	21.888834	31.996442	24.107302	256.630432	-318.948779	-93.982834	212.396561	-227.620468	24.107302	256.630432	-1300.035093	-0.563783	0.367618	-0.308446	-0.401530	0.415817	0.003785	-3.889468	-0.216333	-3.762288	-1.887910	-5.079943	2.126243	-0.003995	-0.000478	-0.007421	-0.004227	-0.001222	-0.013339	1871.236328	2227.845459	-1262.985864	110.464348	170.969803	-307.114902	348.781647	-156.275696	-6.602404	413.942017	-137.239944	-105.461594	0.080507	-0.268042	-0.075191	0.022979	-0.236114	-0.170081	24.107302	256.630432	-1332.535970	6.938636	0.868835	6.817895	6.988402	3.111059	7.300165
110	FBXO10	0	transcript	protein		191		-7.473041	14.130396	-13.873917	-13.759463	26.017074	-25.544843	1129.135577	739.810913	-318.948779	809.879261	479.584335	-227.620468	1129.135577	739.810913	-1332.535970	0.712068	1.242654	1.036303	0.573187	1.000287	0.834182	4.717970	8.233486	6.866258	5.706696	9.958946	8.305193	0.044317	0.080730	0.065522	0.040613	0.075509	0.060181	4278.442810	2841.903589	-1262.985864	1087.369582	716.152245	-307.114902	344.811941	-693.929295	1015.782485	398.268103	-760.659013	1121.185072	0.304949	-0.651658	0.972543	0.302930	-0.647344	0.966105	1129.135577	739.810913	-1332.535970	11.959660	8.665822	12.599467	11.351242	10.275273	12.258217
111	SRRT	4	protein	protein	123			-6.507619	-10.341258	17.283208	-11.981916	-19.040464	31.822074	78.962418	101.290161	-318.948779	-151.883591	241.396423	-227.620468	78.962418	101.290161	-1202.532461	0.063027	0.077570	0.227440	-0.147146	0.213058	-0.087957	-1.043852	0.193324	-1.568418	-1.156604	-1.823916	1.228736	-0.006536	-0.003614	-0.014411	-0.005200	-0.005390	-0.029334	373.588104	502.344269	-1262.985864	-17.406872	171.854950	-307.114902	183.288864	64.322784	40.520439	320.248718	-20.160229	-101.574150	0.120519	-0.095044	0.023957	0.082520	-0.122575	-0.052580	78.962418	101.290161	-1291.450922	7.877642	1.421086	6.838937	6.935825	3.646070	6.431275
112	PIK3AP1	1	transcript	protein		219		11.912079	3.264607	17.188505	21.932680	6.010838	31.647707	-355.433136	-238.499588	-318.948779	31.204372	-56.916519	-227.620468	-355.433136	-238.499588	-1300.035093	0.491691	0.452389	0.443876	0.194649	0.453082	-0.398016	0.046124	3.497547	-3.964905	-5.121311	-2.695869	1.522174	0.008750	-0.007989	-0.002666	0.007726	-0.008009	-0.002241	-2028.482910	1933.183960	-1262.985864	-385.996216	-73.256615	-307.114902	-202.443008	348.112793	-40.017021	-114.366821	126.981941	-252.552216	-0.200750	0.125078	0.012222	-0.216300	0.054083	-0.011171	-355.433136	-238.499588	-1332.535970	2.539870	-0.155797	4.838747	2.101173	2.808059	4.786454
113	GRAMD1A	0	transcript	protein		232		-4.013686	-15.387267	-13.968620	-7.390053	-28.331243	-25.719211	1065.139246	829.443352	-318.948779	772.990655	539.161480	-227.620468	1065.139246	829.443352	-1332.535970	-1.385005	-0.441854	1.005823	-1.114873	-0.355675	0.809647	-9.176663	-2.927606	6.664309	-11.099780	-3.541133	8.060923	-0.090878	-0.027868	0.063557	-0.086025	-0.026215	0.058341	4030.749744	3188.819313	-1262.985864	1025.888787	802.261456	-307.114902	260.778208	736.684326	990.971582	306.635967	799.311944	1094.130745	0.224608	0.716086	0.948823	0.223121	0.711346	0.942541	1065.139246	829.443352	-1332.535970	-0.817317	-1.597495	12.413763	-1.127282	0.251693	12.076851
114	WAS	3	protein,transcript	protein	270	315		-11.105121	5.698965	17.093803	-20.446898	10.493011	31.473339	-474.678345	52.687244	-318.948779	187.991653	21.106222	-227.620468	-474.678345	52.687244	-1235.033338	0.581352	0.449231	-0.184527	0.270274	0.433326	0.326693	4.454905	2.232373	1.445425	-5.212030	3.099169	-0.893694	0.011456	0.030030	-0.029599	0.009427	0.029698	-0.021746	-1708.041626	1016.183105	-1262.985864	-476.725037	55.665981	-307.114902	-469.174438	52.196030	-102.367859	-405.885468	-139.633179	-247.489700	-0.311737	0.051667	-0.034448	-0.318564	0.034966	-0.059624	-474.678345	52.687244	-1302.507949	-0.270910	0.651030	5.422576	0.185202	1.467364	4.240681
115	KTI12	2	transcript	protein		383		4.383703	-11.824286	16.999100	8.071333	-21.771035	31.298972	-361.453217	-212.171844	-318.948779	28.582458	-65.288063	-227.620468	-361.453217	-212.171844	-1267.534215	0.398433	0.364789	0.269332	0.180418	0.366949	-0.282495	0.556238	2.637563	-2.820213	-4.104348	-1.729798	0.869122	0.014589	-0.012090	-0.002829	0.013579	-0.012013	-0.001415	-2057.074951	1875.913086	-1262.985864	-390.942871	-81.843010	-307.114902	-206.703583	324.571991	-42.748993	-116.980499	120.230965	-254.748825	-0.169836	0.077164	-0.005191	-0.179867	0.021450	-0.033129	-361.453217	-212.171844	-1295.443008	2.619480	-0.122462	4.904245	2.158433	2.777516	4.775041
116	(S)-2-Aminobutanoate	3	metabolite	metabolite			22	30.134041	-2.496544	36.792756	10.959645	-0.907984	13.381396	426.515717	-51.163837	318.948779	36.212399	11.867026	227.620468	426.515717	-51.163837	-1235.033338	-0.028583	-0.377805	0.025222	-0.032208	-0.355877	0.103785	-0.025464	-2.241513	0.438096	2.881482	0.270394	-1.738663	-0.012851	-0.001282	0.015755	-0.017179	-0.002100	0.015815	2093.387939	-620.121948	1262.985864	511.240997	-89.005119	307.114902	-75.112549	-159.388916	185.710236	-131.872849	80.851517	375.309265	-0.006665	0.029685	0.130922	0.016654	0.083211	0.170925	426.515717	-51.163837	-1332.535970	12.090333	1.992746	8.420548	11.394572	2.700308	9.006022
117	ESAM	1	transcript	protein		118		-13.403481	13.399838	-9.422900	-24.678670	24.671962	-17.349569	-594.712280	-688.993103	-318.948779	-64.065994	502.577484	-227.620468	-594.712280	-688.993103	-1300.035093	-0.144744	0.649695	1.997814	-0.116513	0.522978	1.608160	-3.789796	2.316526	9.815837	-4.584009	2.801992	11.872905	-0.038464	0.023157	0.094222	-0.036928	0.021581	0.087064	-3526.313232	-2314.755127	-1262.985864	-697.413025	-724.588928	-307.114902	514.410583	-762.972961	-58.476646	608.480591	-855.356018	60.997566	0.399290	-0.435477	-0.153027	0.405023	-0.404464	-0.123161	-594.712280	-688.993103	-1332.535970	5.713806	0.092784	18.025628	7.881513	6.308865	15.241484
118	CD300A	9	transcript	protein		350		4.802543	11.797327	16.904398	8.842506	21.721397	31.124604	-429.248383	-202.788116	-318.948779	72.763840	-113.027199	-227.620468	-429.248383	-202.788116	-1040.028074	0.513805	0.358397	0.073262	0.251084	0.409537	-0.011124	2.439159	2.865147	-1.414884	-4.711430	0.421973	0.350993	0.033262	-0.024736	-0.005636	0.031996	-0.024122	0.002473	-1571.813599	-964.317383	-1262.985864	-435.279846	-183.226639	-307.114902	-313.049316	262.692841	-5.803964	-217.674515	32.186981	-215.380890	-0.204214	-0.008620	0.009029	-0.204504	-0.037341	-0.025170	-429.248383	-202.788116	-1282.249608	1.711829	-0.192378	4.782343	1.654596	2.091616	4.471380
119	STAT4	2	transcript	protein		92		-11.622931	-5.508324	16.809695	-21.400296	-10.142000	30.950237	-370.905548	20.722551	-318.948779	117.492401	55.160004	-227.620468	-370.905548	20.722551	-1267.534215	0.415107	0.104821	-0.292096	0.253729	0.272553	0.324223	3.661466	1.206631	1.926880	-3.838234	3.019325	-1.443640	0.007122	0.020096	-0.024469	0.005870	0.020129	-0.020678	-568.539856	-654.874817	-1262.985864	-387.379883	45.228889	-307.114902	-342.426727	39.603092	-71.880531	-262.633148	-151.228256	-199.396942	-0.205992	0.024904	-0.041443	-0.227226	0.011453	-0.064701	-370.905548	20.722551	-1332.535970	0.056425	0.272541	5.322387	0.377396	1.311164	4.336791
120	Urea	3	metabolite	metabolite			85	-20.793943	22.477643	36.474204	-7.562684	8.175040	13.265540	383.556793	161.935059	318.948779	-136.491287	15.156098	227.620468	383.556793	161.935059	-1235.033338	0.163991	-0.573543	0.038194	-0.022295	-0.438754	0.339463	1.055021	-3.626351	0.112416	3.176713	0.776772	-3.805911	-0.010350	-0.001188	0.009134	-0.011544	-0.001015	0.007276	1538.034790	1660.396240	1262.985864	511.265076	152.100876	307.114902	74.844551	-206.626099	225.543854	-49.645058	196.267059	376.653625	0.011409	-0.105050	0.150277	0.015260	-0.044296	0.207316	383.556793	161.935059	-1310.887797	10.526200	2.845569	7.052156	9.866454	4.113364	7.889975
121	SDHB	8	transcript	protein		1439		12.408587	-3.825700	16.714993	22.846858	-7.043930	30.775869	311.151825	58.826939	-318.948779	32.458088	251.720001	-227.620468	311.151825	58.826939	-1072.528951	-0.055520	-0.126341	0.340795	-0.105756	0.077285	0.138548	0.156525	-0.586452	2.226505	-0.143320	1.632449	1.461741	-0.011146	-0.001542	0.004109	-0.008740	-0.002631	-0.012343	2571.674072	823.476379	-1262.985864	184.606171	103.439980	-307.114902	85.957329	8.555600	224.277039	200.001617	6.627193	168.059036	0.090786	0.041110	0.097971	0.098214	0.007166	0.074610	311.151825	58.826939	-1122.978353	12.818042	2.648985	6.186236	10.752048	2.819228	5.976243
122	Anthranilic acid	3	metabolite	metabolite			886	0.151208	-30.995903	36.155652	0.054994	-11.273101	13.149683	498.755493	80.410538	318.948779	175.279556	59.260017	227.620468	498.755493	80.410538	-1235.033338	0.054830	-0.608425	0.259864	0.209347	-0.428430	0.253988	1.394502	-3.728759	0.680815	2.977768	0.251743	-4.173331	-0.011413	-0.000918	0.013864	-0.010814	-0.000751	0.005918	3139.272461	461.356384	1262.985864	548.437683	111.186363	307.114902	-92.141151	-219.472351	259.819275	-138.187500	-99.475502	457.571075	-0.072236	-0.033485	0.181974	-0.071956	0.001039	0.264481	498.755493	80.410538	-1327.025848	11.526696	2.358430	9.335777	10.882277	2.684999	8.169803
123	Dihydroceramide	4	metabolite	metabolite			164	21.073026	23.229935	35.837100	7.664185	8.448646	13.033827	-71.358620	15.093061	318.948779	245.738113	-194.153015	227.620468	-71.358620	15.093061	-1202.532461	-0.243281	0.236269	-0.235922	-0.333330	-0.116156	-0.262754	-0.071106	2.045265	1.842535	1.139957	4.093535	1.134037	-0.007151	-0.001670	-0.016287	-0.006361	-0.000510	-0.009637	-1044.183105	1681.549438	1262.985864	-119.321960	55.845604	307.114902	265.542999	40.110424	-175.386963	369.294678	213.084351	-32.681446	0.142363	-0.012453	-0.114539	0.179351	-0.009882	-0.145990	-71.358620	15.093061	-1305.064133	9.470687	0.101989	4.755912	8.095549	2.604112	4.083449
124	5-Carboxycytosine in DNA	3	metabolite	metabolite			236	-31.588947	-2.927657	35.518548	-11.488789	-1.064778	12.917971	516.228882	-66.336533	318.948779	60.862473	142.431793	227.620468	516.228882	-66.336533	-1235.033338	0.091513	-0.346116	0.293560	0.139490	-0.315482	0.063406	1.033516	-2.012632	1.478670	2.501764	1.657655	-2.152919	-0.012146	-0.000954	0.015535	-0.016531	-0.001898	0.015210	2736.825928	-1416.735107	1262.985864	620.002502	-23.557383	307.114902	-52.787090	-96.590714	318.102203	-112.173378	119.547363	501.854156	0.033109	0.057706	0.205388	0.037998	0.117102	0.233289	516.228882	-66.336533	-1332.535970	13.727859	3.557651	6.819801	12.036098	3.355518	5.729250
125	3-Hydroxy-L-kynurenine	5	metabolite	metabolite			605	25.551565	-19.392727	35.199996	9.293014	-7.053066	12.802115	458.790283	-1.550982	318.948779	93.431511	38.114460	227.620468	458.790283	-1.550982	-1170.031583	0.054214	-0.373129	0.073069	0.084293	-0.282438	0.174479	0.545945	-2.250755	0.146246	2.550755	-0.069189	-2.409018	-0.013557	-0.001325	0.017637	-0.016190	-0.001829	0.014382	2782.740723	-490.571625	1262.985864	553.420471	-69.602745	307.114902	-87.839127	-185.120361	214.688690	-147.967224	12.545456	427.503265	-0.024173	0.002374	0.155461	-0.001785	0.037829	0.217347	458.790283	-1.550982	-1301.492633	11.721907	2.226960	9.161780	11.282883	2.744396	8.665438
126	3-Acylpyruvate	1	metabolite	metabolite			5	-5.803278	31.899951	34.881444	-2.110632	11.601900	12.686258	335.313568	-69.687233	318.948779	-44.052925	-72.315437	227.620468	335.313568	-69.687233	-1300.035093	-0.213740	-0.484454	-0.026775	-0.106153	-0.482639	0.075033	-1.440802	-2.572823	1.047850	3.938925	0.195208	-0.980961	-0.010254	-0.001000	0.010430	-0.013600	-0.001571	0.010708	2158.169678	-309.526672	1262.985864	423.791168	-167.107086	307.114902	-69.405365	-110.047478	86.982979	-95.726967	140.323837	259.837830	-0.040813	0.094196	0.060371	-0.018619	0.147361	0.103476	335.313568	-69.687233	-1332.535970	9.899645	1.377120	8.647609	10.721058	1.599989	7.324958
127	TTLL7	0	transcript	protein		359		13.283240	8.589442	-14.063322	24.457279	15.814996	-25.893578	993.959707	913.484875	-318.948779	731.802862	595.851614	-227.620468	993.959707	913.484875	-1332.535970	1.338448	-0.618397	0.975344	1.077397	-0.497785	0.785113	8.868191	-4.097329	6.462360	10.726664	-4.955991	7.816652	0.084699	-0.039250	0.061592	0.078439	-0.036876	0.056500	3755.254602	3514.095812	-1262.985864	957.507138	882.999516	-307.114902	-679.621015	-421.149636	966.160678	-718.794977	-463.214377	1067.076418	-0.674465	-0.390866	0.925102	-0.670000	-0.388278	0.918978	993.959707	913.484875	-1332.535970	15.776046	-2.673129	12.228058	15.078483	-0.798815	11.895484
128	GNG8	7	protein	protein	152			-6.626662	11.307224	16.620290	-12.201099	20.819012	30.601502	-17.427015	96.376106	-318.948779	-104.143074	140.788956	-227.620468	-17.427015	96.376106	-1105.029829	0.091017	0.140699	0.018428	0.047622	0.203515	-0.090391	-0.162753	0.763051	-1.224165	-1.834014	-0.998937	0.706593	-0.004845	-0.004315	-0.015487	-0.002354	-0.005988	-0.027522	107.606514	810.094727	-1262.985864	-103.014793	136.104233	-307.114902	165.374100	77.559769	-29.350266	240.934708	-29.128126	-194.806900	0.070255	-0.028622	-0.022641	0.033424	-0.053494	-0.075900	-17.427015	96.376106	-1059.549269	7.598077	1.466097	6.645727	6.879791	3.800519	6.532896
129	L-Glutamine	14	metabolite	metabolite			199	-17.449695	-27.729311	34.562892	-6.346393	-10.085053	12.570402	337.746979	-60.125916	318.948779	46.750740	-46.962376	227.620468	337.746979	-60.125916	-877.523688	-0.045421	-0.221737	-0.128651	-0.108486	-0.221523	0.153971	-0.089434	-1.577913	-0.272220	2.467701	0.033520	-1.580764	-0.014004	-0.001383	0.015884	-0.018805	-0.002298	0.017454	1087.084229	-453.340973	1262.985864	420.068115	-105.198624	307.114902	-32.309460	-212.509460	102.654182	-80.167023	-1.989041	346.918701	0.005366	-0.018999	0.089329	0.040610	0.020469	0.148352	337.746979	-60.125916	-1110.417560	11.712521	0.918733	8.120712	10.690441	3.374545	9.193899
130	TSR3	1	bridge	protein				25.437270	-17.332736	-7.779560	20.815753	-14.183674	-6.366147	-128.745575	184.999207	0.000000	-245.988037	29.317432	0.000000	-128.745575	184.999207	-1300.035093	-0.074469	-0.022918	-0.745967	-0.262766	0.212790	0.656701	-1.322623	-1.693855	-4.997855	-1.364807	7.098342	-1.678806	-0.003897	-0.000795	-0.005503	-0.004419	-0.000076	-0.007138	-1065.738647	1181.538696	0.000000	-131.124557	-289.376007	0.000000	206.734818	-243.222244	2.245954	229.301270	-437.767029	153.339127	0.044785	-0.276382	-0.086857	0.131034	-0.329256	-0.006181	-128.745575	184.999207	-1332.535970	6.910190	0.456320	7.194402	6.893141	2.449183	7.858676
131	Xanthine	5	metabolite	metabolite			705	31.918721	8.747598	34.244340	11.608726	3.181471	12.454546	-39.444130	247.334854	318.948779	-233.497711	-257.545074	227.620468	-39.444130	247.334854	-1170.031583	-0.405837	-0.240735	-0.422064	-0.104568	-0.250420	0.746136	-2.879332	-2.893482	-1.541206	3.484984	-4.176902	-5.669392	-0.008074	-0.000458	-0.003002	-0.006035	0.000463	-0.006365	-3361.570312	-462.234131	1262.985864	-209.804535	-269.843597	307.114902	200.115570	-305.526703	70.672836	138.306976	-493.329102	253.827042	-0.039385	-0.196875	-0.023241	0.013814	-0.303966	0.093300	-39.444130	247.334854	-1311.358586	6.516676	0.125188	7.301762	7.192454	2.094722	7.876483
132	5-Hydroxymethylcytosine in DNA	4	metabolite	metabolite			290	-29.735240	15.259634	33.925788	-10.814602	5.549875	12.338690	529.945679	-64.600746	318.948779	74.110497	143.999008	227.620468	529.945679	-64.600746	-1202.532461	0.106496	-0.368529	0.261034	0.105847	-0.376348	0.016134	0.977477	-2.057030	1.533499	2.559271	1.551608	-2.155791	-0.012243	-0.000946	0.015948	-0.016679	-0.001906	0.015490	2784.940674	-1430.415161	1262.985864	630.504150	-27.544157	307.114902	-62.011848	-104.761528	327.169830	-123.050827	115.815071	510.387634	0.019301	0.058263	0.214024	0.027830	0.109461	0.244090	529.945679	-64.600746	-1331.693231	13.683293	3.568217	6.835229	11.943547	3.573084	5.893806
133	3-Hydroxy-3-methylglutarate	1	metabolite	metabolite			1189	11.729447	-31.638170	33.607236	4.265959	-11.506691	12.222833	494.993835	-80.534691	318.948779	35.814018	156.192780	227.620468	494.993835	-80.534691	-1300.035093	0.122515	-0.342098	0.455387	0.197934	-0.403516	-0.046525	1.446941	-1.973829	2.851042	2.666874	2.674151	-2.852494	-0.009288	-0.000503	0.010068	-0.012734	-0.001253	0.009849	2643.411865	-1440.565796	1262.985864	621.144836	-52.085293	307.114902	-31.902700	-62.922394	317.699463	-76.260452	135.030212	496.883392	0.055486	0.097083	0.210054	0.062579	0.147474	0.230433	494.993835	-80.534691	-1332.535970	13.401018	3.121477	6.663545	11.843582	3.104735	5.798748
134	NLRC5	2	transcript	protein		254		-2.776655	-12.930396	16.525588	-5.112414	-23.807619	30.427134	-492.720490	120.097046	-318.948779	240.876099	28.537256	-227.620468	-492.720490	120.097046	-1267.534215	0.234302	0.740684	-0.324975	0.188980	0.582108	0.324047	3.767857	3.892994	1.669619	-6.034801	3.182283	0.376518	0.008812	0.038405	-0.029515	0.006807	0.037893	-0.022115	-1805.016602	1228.660156	-1262.985864	-503.913513	114.417961	-307.114902	-478.564148	36.298779	-168.490967	-435.427948	-138.310410	-284.054901	-0.326406	0.069513	-0.082066	-0.333352	0.062937	-0.096786	-492.720490	120.097046	-1328.813068	-0.230814	0.737450	5.495855	0.002919	1.524818	4.153680
135	Leukotriene D4	1	metabolite	metabolite			171	12.840855	31.543240	33.288684	4.670174	11.472165	12.106977	18.576660	-292.135834	318.948779	-347.996918	177.208832	227.620468	18.576660	-292.135834	-1300.035093	-0.751794	0.337757	0.563243	-0.720909	-0.345362	-0.235754	-6.245750	2.059621	0.048335	5.923286	3.447352	4.221676	-0.004109	0.000521	-0.008968	-0.004636	0.000639	-0.006203	-1690.789673	-3036.616943	1262.985864	124.865036	-456.920135	307.114902	573.368896	24.438442	-13.459765	605.178345	-146.547119	228.322021	0.295861	0.212405	-0.085907	0.358951	0.055725	-0.214305	18.576660	-292.135834	-1332.535970	7.468970	0.191213	3.707198	7.778096	4.652874	4.331738
136	DPYSL3	0	transcript	protein		314		-15.513214	2.624980	-14.158025	-28.563138	4.833149	-26.067946	916.083188	991.361394	-318.948779	686.540836	649.345114	-227.620468	916.083188	991.361394	-1332.535970	-0.576820	1.378283	0.944864	-0.464317	1.109463	0.760578	-3.821854	9.132125	6.260411	-4.622785	11.045909	7.572382	-0.038776	0.089473	0.059627	-0.037220	0.083699	0.054659	3453.839296	3815.511119	-1262.985864	882.691751	957.814903	-307.114902	850.097166	-193.526542	941.349775	949.241661	-215.009404	1040.022091	0.788029	-0.173246	0.901382	0.782812	-0.172099	0.895414	916.083188	991.361394	-1332.535970	4.106762	9.492176	12.042354	3.681777	11.082325	11.714118
137	TMC8	6	transcript	protein		95		10.877547	7.726900	16.430885	20.027886	14.226872	30.252767	-552.921387	-183.516724	-318.948779	-33.929111	-198.670563	-227.620468	-552.921387	-183.516724	-1137.530706	0.645372	0.145930	-0.166924	0.432084	0.287455	-0.164053	3.094361	1.427967	-2.999220	-4.924453	-0.763499	-1.526564	0.028410	0.000834	0.023436	0.026700	0.001741	0.021009	-2379.119629	-659.505737	-1262.985864	-580.223999	-173.739197	-307.114902	-368.516357	220.630005	-139.813339	-265.659271	3.553400	-333.804565	-0.244685	0.043874	-0.073883	-0.227808	0.036232	-0.098600	-552.921387	-183.516724	-1288.335549	2.394500	-0.143325	6.525444	1.156344	2.624459	5.710752
138	FAD	0	metabolite	metabolite			120	25.039620	6.538722	-39.978276	9.106822	2.378110	-14.539958	1286.916268	403.754691	318.948779	833.150940	436.104266	227.620468	1286.916268	403.754691	-1332.535970	-0.512065	-1.423672	0.914385	-0.412192	-1.145999	0.736043	-3.392806	-9.432864	6.058463	-4.103823	-11.409673	7.328111	-0.034601	-0.091165	0.057662	-0.033310	-0.085505	0.052819	4889.121303	1541.222836	1262.985864	1238.948307	393.305556	307.114902	-475.010934	700.099980	916.538872	-495.683873	759.419610	1012.967764	-0.478846	0.681110	0.877661	-0.475676	0.676601	0.871851	1286.916268	403.754691	-1332.535970	4.501298	-7.579484	11.856649	4.067098	-5.590564	11.532751
139	HCO3-	5	metabolite	metabolite			577	-31.054360	-14.717241	32.970132	-11.294361	-5.352609	11.991121	325.409912	-10.257731	318.948779	18.499084	-23.543768	227.620468	325.409912	-10.257731	-1170.031583	-0.115180	-0.274939	-0.053052	-0.109383	-0.272675	0.110180	-0.865636	-1.915995	0.291692	3.055625	-0.397175	-1.144200	-0.013480	-0.001741	0.013475	-0.017914	-0.002417	0.015496	1371.864624	-657.213867	1262.985864	406.932068	-84.342224	307.114902	-7.935149	-137.548218	119.130287	-71.577888	47.009636	307.531769	0.013726	0.009065	0.092999	0.034434	0.060417	0.136729	325.409912	-10.257731	-1313.266045	9.219132	1.509616	8.103683	10.143718	2.101455	6.883690
140	IGKV1-12	5	transcript	protein		320		-13.355105	1.664421	16.336183	-24.589600	3.064554	30.078399	-445.595093	-76.132217	-318.948779	47.966404	-12.175178	-227.620468	-445.595093	-76.132217	-1170.031583	0.808177	0.065774	0.097993	0.411836	0.303234	0.260958	5.262037	0.965660	0.675853	-4.994885	3.171930	-1.512171	0.015769	0.007007	-0.021149	0.013806	0.007121	-0.014957	-606.935181	-1129.353760	-1262.985864	-444.459473	-53.503319	-307.114902	-456.678253	81.589691	12.718356	-345.695618	-143.232773	-190.464218	-0.322706	0.023063	0.016502	-0.323606	-0.004224	-0.029346	-445.595093	-76.132217	-1331.355272	0.546104	-0.174446	5.174201	0.806758	1.341104	4.602962
141	Hydroquinone	6	metabolite	metabolite			1154	33.129240	-10.214099	32.651580	12.048988	-3.714832	11.875265	394.117798	15.464038	318.948779	18.384090	142.208710	227.620468	394.117798	15.464038	-1137.530706	-0.075146	-0.242938	0.403282	0.091881	-0.328456	-0.098068	0.225291	-1.434400	2.688745	3.689480	-0.639065	-0.851854	-0.011836	-0.001235	0.009413	-0.014821	-0.001887	0.009534	2760.637939	618.187195	1262.985864	527.363770	-20.814341	307.114902	37.776859	-21.934134	268.174896	-3.600040	109.763924	428.797058	0.074748	0.064894	0.132210	0.080644	0.089033	0.159162	394.117798	15.464038	-1310.622296	12.861343	2.663818	6.261879	10.894341	2.904173	5.983747
142	ADGRE2	4	protein	protein	40			8.797318	-10.335450	16.241480	16.197740	-19.029769	29.904032	4.358458	-25.020998	-318.948779	-151.610657	131.880646	-227.620468	4.358458	-25.020998	-1202.532461	0.052398	0.095566	0.109016	0.026313	0.094021	-0.141420	-0.362339	0.745183	0.205411	-1.054673	0.115994	1.429287	-0.006347	-0.003628	-0.012859	-0.004467	-0.005472	-0.024234	6.103547	-18.865448	-1262.985864	-34.886734	47.925159	-307.114902	170.261292	-22.709440	-68.810493	211.009064	-102.358032	-104.530212	0.069438	-0.087614	-0.036846	0.072460	-0.113234	-0.026286	4.358458	-25.020998	-1289.986068	7.884904	-0.211503	6.128751	6.919309	2.292465	5.934947
143	IDH3A	4	bridge	protein				23.159138	21.635005	1.892325	18.951518	17.704294	1.548522	377.641083	-95.094398	0.000000	42.719681	-114.669830	0.000000	377.641083	-95.094398	-1202.532461	-0.038663	-0.353737	0.297345	-0.401981	-0.315855	0.298915	0.672990	-2.227848	1.316186	4.100232	3.900045	-2.375766	-0.010500	-0.000779	0.007165	-0.008276	-0.000277	-0.002109	1943.102051	-1780.275757	0.000000	288.085876	-69.474907	0.000000	90.424034	-90.712006	255.007034	187.876129	-62.410904	374.637299	0.075888	0.017001	0.168250	0.031856	-0.073774	0.153169	377.641083	-95.094398	-1302.139381	9.267120	2.138590	4.946597	10.751376	4.325559	6.165836
144	dGTP	0	metabolite	metabolite			701	-22.439224	11.859466	-40.296828	-8.161067	4.313246	-14.655815	1114.574019	761.627059	318.948779	712.175203	620.038938	227.620468	1114.574019	761.627059	-1332.535970	1.355197	0.712254	0.883905	1.090880	0.573336	0.711508	8.979167	4.719198	5.856514	10.860896	5.708183	7.083841	0.085779	0.046536	0.055697	0.079450	0.043479	0.050978	4222.083375	2926.341367	1262.985864	1073.380402	737.110853	307.114902	-89.336850	-901.173799	891.727968	-75.136801	-986.642746	985.913437	-0.110121	-0.849795	0.853941	-0.109392	-0.844169	0.848287	1114.574019	761.627059	-1332.535970	15.878095	5.434216	11.670945	15.178148	7.119153	11.351384
145	UNC13A	0	transcript	protein		172		9.613141	-12.346954	-14.252727	17.699845	-22.733378	-26.242313	832.041665	1062.540933	-318.948779	637.451783	699.349817	-227.620468	832.041665	1062.540933	-1332.535970	-1.497030	0.394612	0.853426	-1.205049	0.317647	0.686974	-9.918912	2.614593	5.654565	-11.997580	3.162524	6.839571	-0.098100	0.026058	0.053732	-0.092790	0.024297	0.049138	3128.562796	4091.006261	-1262.985864	801.953691	1026.196552	-307.114902	729.588529	580.797919	866.917065	817.836528	629.330152	958.859110	0.672816	0.567050	0.830220	0.668362	0.563296	0.824724	832.041665	1062.540933	-1332.535970	-1.499862	3.498901	11.485241	-1.793884	5.229045	11.170018
146	VSIG4	6	transcript	protein		633		0.498729	13.675995	16.146778	0.918266	25.180426	29.729664	-290.433380	-170.133926	-318.948779	59.617748	23.649090	-227.620468	-290.433380	-170.133926	-1137.530706	0.218946	0.387293	0.113610	0.035955	0.403279	0.002693	1.130762	2.420985	-0.740647	-3.275739	-0.117879	0.903197	0.019769	-0.024737	-0.016242	0.019166	-0.025181	-0.014305	-652.369873	-388.269836	-1262.985864	-295.652435	-120.051971	-307.114902	-119.956596	279.344177	30.769569	-32.892330	60.406841	-169.542084	-0.090902	-0.076524	0.023088	-0.111546	-0.097823	-0.032909	-290.433380	-170.133926	-1224.079545	3.362950	-0.384667	4.257298	3.575345	2.726745	4.674375
147	CERS5	8	bridge	protein				16.401379	16.971240	-21.236097	13.421529	13.887855	-17.377861	-80.198219	-8.756571	0.000000	-200.991440	29.197273	0.000000	-80.198219	-8.756571	-1072.528951	-0.143545	0.123974	-0.160693	-0.308245	0.073608	0.250061	0.702683	0.931207	1.576529	-0.288176	4.511722	-1.155665	-0.006391	-0.001448	-0.016547	-0.004881	-0.000524	-0.009481	-904.641235	1484.463867	0.000000	-150.915817	27.379936	0.000000	214.747284	58.067558	-154.967667	315.751465	114.362732	-68.845581	0.094254	-0.012843	-0.091120	0.107087	-0.034875	-0.100556	-80.198219	-8.756571	-920.635138	9.427033	0.228540	4.448783	7.554362	2.540828	4.168355
148	MTDH	1	protein	protein	185			1.244874	15.511336	-14.347430	2.292079	28.559680	-26.416681	65.469688	-194.047668	-318.948779	584.803810	745.592616	-227.620468	65.469688	-194.047668	-1300.035093	-0.797831	-0.126329	0.211190	-1.000000	-0.066945	-0.054222	-5.353365	-0.526067	0.580329	6.175214	1.840812	7.461432	-0.005229	-0.000092	-0.007280	-0.003622	0.000317	-0.004126	-279.054108	-3045.125244	-1262.985864	99.359093	-337.596375	-307.114902	427.811218	-130.258667	5.432376	572.695679	21.968239	185.856232	0.307881	0.001760	0.064895	0.233638	0.237433	-0.033722	65.469688	-194.047668	-1332.535970	7.311266	-0.522021	4.078508	7.992393	4.566701	3.875551
149	FCRL1	4	transcript	protein		397		-9.683633	-9.826400	16.052075	-17.829636	-18.092499	29.555296	-479.495239	-205.446808	-318.948779	71.576775	-167.876480	-227.620468	-479.495239	-205.446808	-1202.532461	0.520063	0.449318	0.060711	0.210746	0.465088	-0.205785	1.957371	3.199278	-2.146509	-4.965635	-0.563832	0.554415	0.034949	-0.024881	0.000226	0.033663	-0.024044	0.008386	-1889.699585	-683.681030	-1262.985864	-487.183594	-185.304260	-307.114902	-316.179840	318.791656	-36.452374	-234.904663	96.346931	-253.204254	-0.225543	0.011248	-0.000141	-0.221746	-0.018102	-0.033971	-479.495239	-205.446808	-1332.444279	2.151608	0.123683	5.095276	1.658880	2.564109	4.511587
150	SPAG8	4	protein	protein	151			13.887335	0.710069	15.957373	25.569547	1.307388	29.380929	-6.026634	236.526154	-318.948779	88.167587	252.246613	-227.620468	-6.026634	236.526154	-1202.532461	-0.255834	0.395693	0.294633	-0.021237	0.326006	0.294864	1.517545	1.847279	3.089673	-2.694401	-3.189984	1.741427	-0.006218	-0.001863	-0.015161	-0.005075	-0.002378	-0.022456	-315.413727	2080.408447	-1262.985864	-122.711876	249.293106	-307.114902	263.855011	31.977840	151.775482	209.645813	-198.531738	60.663929	0.046327	-0.143000	0.070785	0.014887	-0.161679	0.089666	-6.026634	236.526154	-1278.112309	8.327224	2.616488	6.905873	8.561772	2.839510	6.951972
151	SDHAF1	2	bridge	protein				-24.871245	7.403134	-18.292479	-20.352564	6.058111	-14.969048	314.550140	107.624390	0.000000	308.223358	137.826263	0.000000	314.550140	107.624390	-1267.534215	-0.048699	-0.212895	0.583507	-0.538795	0.250063	0.393228	0.807458	-1.065198	3.836378	0.523932	1.875555	6.986223	-0.008425	-0.000708	0.002651	-0.005119	-0.000108	-0.006766	2618.087402	1174.276611	0.000000	214.089661	40.090553	0.000000	88.830040	35.576820	254.875458	299.280273	125.024879	257.564545	0.128000	0.088434	0.133320	0.215908	0.089754	0.113752	314.550140	107.624390	-1319.488297	12.828489	2.659166	6.117237	10.542090	2.779268	5.954981
152	GJA8	2	protein	protein	161			-10.802940	8.925927	15.862670	-19.890519	16.434537	29.206561	-34.795422	30.430914	-318.948779	-93.833595	162.431580	-227.620468	-34.795422	30.430914	-1267.534215	0.054552	0.232040	0.236228	0.006533	0.173297	-0.242242	-0.803166	1.905085	-0.881554	-1.852998	0.208712	1.873180	-0.004549	-0.003775	-0.014636	-0.003264	-0.005173	-0.022734	941.007812	1444.394287	-1262.985864	-48.725681	144.059387	-307.114902	243.780258	46.605545	-49.502193	307.492615	-31.702049	-176.855911	0.082345	-0.039570	-0.050989	0.052648	-0.082109	-0.104422	-34.795422	30.430914	-1307.237154	7.171308	-0.130998	5.620541	6.980025	2.245897	6.304090
153	IGKV5-2	8	transcript	protein		57		1.951088	-13.984436	15.767968	3.592369	-25.748332	29.032194	-538.963440	-102.614395	-318.948779	63.969662	-239.083862	-227.620468	-538.963440	-102.614395	-1072.528951	0.510907	0.316963	-0.296611	0.395448	0.394534	-0.051240	2.614404	1.593593	-3.377374	-4.886376	-1.243895	-1.768628	0.034709	-0.002839	0.019395	0.033229	-0.001680	0.022113	-2477.061279	-57.155758	-1262.985864	-567.090942	-105.961990	-307.114902	-352.738220	271.464386	-154.022964	-304.579895	85.806190	-328.423981	-0.217322	0.077982	-0.045048	-0.206263	0.063669	-0.054866	-538.963440	-102.614395	-1303.536624	2.075649	0.593953	5.687354	0.805913	3.030407	4.876041
154	5(S)-HPETE	1	metabolite	metabolite			362	8.362534	-23.419201	-40.615380	3.041424	-8.517481	-14.771671	43.415894	-24.874678	318.948779	552.042129	771.116701	227.620468	43.415894	-24.874678	-1300.035093	-0.371849	0.202829	0.546334	-0.602787	0.272676	-0.425457	-4.174229	1.651803	-0.040561	0.174804	-1.044396	7.704537	-0.005659	-0.000707	-0.012249	-0.003460	-0.000077	-0.006924	933.672058	1847.329224	1262.985864	160.154007	397.169159	307.114902	439.420105	51.432388	29.625565	607.576294	14.555445	-170.785568	0.224903	0.111354	-0.045461	0.166896	-0.049549	-0.290777	43.415894	-24.874678	-1332.535970	7.879215	1.089972	4.486260	8.043916	4.434747	5.125701
155	20-HETE	2	metabolite	metabolite			1158	-17.679260	30.166523	32.333028	-6.429885	10.971458	11.759408	45.495602	-210.898468	318.948779	-282.323944	138.435242	227.620468	45.495602	-210.898468	-1267.534215	-0.638038	0.162164	0.075874	-0.493384	-0.345640	-0.159114	-4.397724	0.702793	-0.473235	4.717402	2.943672	2.225704	-0.007410	0.000033	-0.014614	-0.006365	0.000355	-0.005217	-582.664795	-3142.730469	1262.985864	128.121399	-359.491486	307.114902	440.313660	-47.292118	-27.093710	470.401611	-74.075760	252.284271	0.241569	0.092220	-0.025905	0.270942	0.061607	-0.072641	45.495602	-210.898468	-1332.535970	7.309257	-0.298574	3.568765	7.688014	4.588634	3.997297
156	NDP	2	metabolite	metabolite			381	-7.402343	-34.471418	32.014476	-2.692206	-12.537134	11.643552	249.204941	-70.770485	318.948779	-61.552437	-62.896530	227.620468	249.204941	-70.770485	-1267.534215	-0.163412	-0.210552	-0.099647	-0.120518	-0.277551	-0.032071	-0.720486	-1.482152	1.352280	3.310070	0.383334	-0.490534	-0.010500	-0.001418	0.006656	-0.013066	-0.001829	0.007973	907.883728	-1314.281982	1262.985864	358.327820	-136.675201	307.114902	7.832427	-106.170654	23.337149	-35.403992	88.192627	218.672577	0.013052	0.037848	0.011131	0.054866	0.082421	0.081942	249.204941	-70.770485	-1315.879904	9.928714	0.341912	7.731811	8.847174	1.334113	5.687847
157	CD163	7	transcript	protein		1114		8.067255	11.716150	15.673265	14.853538	21.571933	28.857826	-229.957733	-149.379059	-318.948779	45.169861	84.630699	-227.620468	-229.957733	-149.379059	-1105.029829	0.121522	0.396689	0.219645	-0.082007	0.407314	-0.001858	-0.009035	2.889504	-0.130066	-2.750051	-0.351115	2.016535	0.011182	-0.020486	-0.018776	0.010853	-0.021470	-0.021018	-424.466400	-301.914642	-1262.985864	-233.912003	-86.687576	-307.114902	-37.928646	269.173492	47.034698	45.245327	64.927948	-152.898178	-0.029032	-0.120027	0.031121	-0.078822	-0.135953	-0.046808	-229.957733	-149.379059	-1218.575619	3.595868	-0.358552	4.160447	3.719519	2.761728	4.707808
158	THF-L-glutamate	0	metabolite	metabolite			1214	9.448238	22.430873	-40.933932	3.436291	8.158029	-14.887527	844.403720	1052.801392	318.948779	361.384533	881.192916	227.620468	844.403720	1052.801392	-1332.535970	0.846184	-1.316011	0.822946	0.681145	-1.059336	0.662439	5.606586	-8.719529	5.452616	6.781537	-10.546847	6.595300	0.052963	-0.084224	0.051767	0.048712	-0.079004	0.047297	3176.409216	4053.310087	1262.985864	813.829824	1016.839848	307.114902	-916.489535	26.651332	842.106161	-977.081355	25.077146	931.804783	-0.900924	0.037256	0.806499	-0.894960	0.037009	0.801160	844.403720	1052.801392	-1332.535970	12.776798	-6.923529	11.299536	12.149292	-4.949931	10.988651
159	KYAT3	27	bridge	protein				-6.153567	-11.848318	28.805398	-5.035569	-9.695681	23.571950	406.614746	-17.224392	0.000000	-49.793381	58.873039	0.000000	406.614746	-17.224392	-455.012282	-0.066267	-0.332170	0.066693	0.129212	-0.402722	-0.214029	-0.201981	-1.777995	0.609827	3.366730	3.080629	-1.747100	-0.014843	-0.001706	0.018995	-0.015571	-0.001853	0.012041	2734.717041	-322.098541	0.000000	511.272827	-150.725388	0.000000	-86.662300	-148.505356	157.532944	-130.666245	0.392028	283.794861	-0.013524	0.033409	0.111714	-0.005211	0.062425	0.140084	406.614746	-17.224392	-1006.516617	10.898767	1.732163	9.358704	11.326844	2.091455	7.989866
160	BTC	2	transcript	protein		183		0.829770	-18.887211	-9.517602	1.527784	-34.775387	-17.523937	-590.649109	-688.405273	-318.948779	-59.465668	500.817200	-227.620468	-590.649109	-688.405273	-1267.534215	-0.209018	0.499304	1.914831	-0.168251	0.401920	1.541362	-3.111621	1.882210	10.484492	-3.763712	2.276658	12.681687	-0.031865	0.018932	0.100728	-0.030747	0.017622	0.093158	-3463.851074	-2330.034424	-1262.985864	-692.970642	-722.697021	-307.114902	514.679138	-763.640381	-53.075195	603.478638	-856.060364	59.251900	0.394267	-0.452347	-0.134126	0.397256	-0.419503	-0.103714	-590.649109	-688.405273	-1332.186507	5.683201	0.968759	17.612252	7.174441	5.594034	15.858706
161	SCN1B	0	transcript	protein		250		-11.331353	-10.536852	-14.442132	-20.863440	-19.400593	-26.591048	742.409227	1126.537264	-318.948779	528.884462	787.820948	-227.620468	742.409227	1126.537264	-1332.535970	0.267655	1.557405	0.792467	0.215451	1.253649	0.637904	1.773406	10.318941	5.250668	2.145052	12.481442	6.351030	0.015666	0.101021	0.049802	0.013776	0.094516	0.045457	2781.647072	4338.699327	-1262.985864	715.844480	1087.677347	-307.114902	709.694788	-692.838267	817.295258	796.143977	-759.469333	904.750456	0.653797	-0.650615	0.782779	0.649469	-0.646308	0.777597	742.409227	1126.537264	-1332.535970	9.251951	10.583527	11.113832	8.706781	12.148183	10.807285
162	LPAR4	1	bridge	protein				9.887841	28.356406	-10.302661	8.091389	23.204532	-8.430843	-92.573723	-117.260597	0.000000	-228.825043	-170.361435	0.000000	-92.573723	-117.260597	-1300.035093	-0.222329	0.603988	0.091189	-0.385180	0.685541	-0.026297	-0.840062	3.950267	1.460869	-4.145140	2.618720	5.886671	-0.004481	-0.000123	-0.014137	-0.004038	0.000138	-0.011590	-549.752869	-2232.127197	0.000000	-57.800453	-223.475891	0.000000	338.589752	48.627773	-150.325317	467.622375	-267.039978	-123.249001	0.185631	-0.110093	-0.094514	0.153668	-0.230003	-0.152351	-92.573723	-117.260597	-1332.535970	9.043316	0.463039	3.647136	6.923858	3.339594	4.009593
163	CCL5	8	transcript	protein		278		-13.963700	-3.213015	15.578563	-25.710153	-5.915846	28.683459	-618.611877	31.898140	-318.948779	-62.668377	-230.501404	-227.620468	-618.611877	31.898140	-1072.528951	0.585501	0.084642	-0.567405	0.588923	0.311085	0.074908	4.284626	0.047292	-3.393601	-5.238978	-0.208696	-3.763306	0.024568	0.046515	0.041543	0.022235	0.047332	0.031054	-3119.783203	1123.784180	-1262.985864	-677.185669	17.199615	-307.114902	-406.244598	135.139923	-319.188446	-374.419861	-32.538616	-447.923340	-0.233497	0.129378	-0.168063	-0.205973	0.149071	-0.154596	-618.611877	31.898140	-1246.170856	1.601473	0.279619	6.915109	-0.001824	2.688322	5.648517
164	Formaldehyde	6	metabolite	metabolite			172	28.977055	20.583943	31.695924	10.538853	7.486308	11.527696	406.455963	49.573803	318.948779	-27.325624	49.862244	227.620468	406.455963	49.573803	-1137.530706	-0.189166	-0.310788	0.200332	-0.091223	-0.275425	0.027413	-0.242616	-1.701630	2.353781	3.305740	1.797609	-1.178357	-0.016102	-0.002042	0.020924	-0.021880	-0.003195	0.023101	2386.354492	207.881897	1262.985864	474.805084	-22.750902	307.114902	-13.921390	-146.307175	190.226410	-86.822891	128.105011	371.681671	-0.000343	0.023047	0.113275	0.013594	0.074357	0.150534	406.455963	49.573803	-1319.150017	10.686339	2.225038	8.537109	10.154933	1.868894	8.093921
165	2-Hydroxyglutarate	2	metabolite	metabolite			860	-35.550394	4.430577	31.377372	-12.929553	1.611385	11.411840	549.648621	-37.358738	318.948779	113.133568	99.280907	227.620468	549.648621	-37.358738	-1267.534215	0.165245	-0.451198	0.201907	0.120116	-0.419295	0.153226	1.248554	-2.460196	1.066273	2.411085	1.292138	-2.874922	-0.010238	-0.000622	0.012866	-0.013941	-0.001391	0.011981	2988.533691	-1310.057983	1262.985864	626.276367	-1.398215	307.114902	-98.579079	-139.551804	318.091736	-170.987854	91.915230	504.626343	0.008239	0.029756	0.245252	0.011840	0.087256	0.279564	549.648621	-37.358738	-1332.535970	11.549604	3.815247	6.617712	11.261065	4.363759	6.522017
166	RNASE6	2	transcript	protein		111		12.555753	-7.113588	15.483860	23.117822	-13.097634	28.509091	-533.490479	46.774597	-318.948779	-91.896629	-302.432983	-227.620468	-533.490479	46.774597	-1267.534215	0.364515	-0.115197	-0.609056	0.598392	0.083111	0.067525	3.145233	-1.592709	-3.443625	-3.806738	-0.342765	-4.849118	0.010454	0.018945	0.018887	0.009385	0.019794	0.013791	-1999.376099	2547.022705	-1262.985864	-635.502747	21.717827	-307.114902	-314.897217	116.208458	-333.131653	-299.523315	8.681454	-463.880829	-0.128185	0.143049	-0.184472	-0.091803	0.180138	-0.148900	-533.490479	46.774597	-1258.907002	1.715432	0.603693	6.707717	0.114871	2.948999	5.509828
167	CST1	4	bridge	protein				13.360124	4.879096	28.384882	10.932818	3.992648	23.227834	152.478607	68.583107	0.000000	21.464413	-92.208382	0.000000	152.478607	68.583107	-1202.532461	0.125847	-0.087087	0.394094	-0.372103	0.122822	-0.392611	1.193136	-0.382245	2.111487	-0.658790	3.725520	4.252292	-0.007407	-0.001730	-0.009236	-0.005099	-0.000901	-0.014296	331.380157	171.876221	0.000000	11.003027	186.476395	0.000000	168.271957	72.663834	137.136063	361.581970	-159.189560	5.033238	0.118438	-0.035301	0.089141	0.118972	-0.121949	0.014362	152.478607	68.583107	-1265.433638	9.727616	2.126032	5.859577	9.469937	3.884965	6.084601
168	Dehydrospermidine	2	metabolite	metabolite			425	23.400173	-27.491483	31.058820	8.510561	-9.998556	11.295984	240.475418	381.174469	318.948779	-275.363068	-65.469292	227.620468	240.475418	381.174469	-1267.534215	-0.231664	-0.562981	-0.565381	0.203112	-0.650340	0.368071	-0.858683	-4.836835	-2.841828	4.741101	-0.154613	-5.701039	-0.006471	0.000272	-0.000518	-0.007939	0.000210	-0.001374	2117.164307	3053.637207	1262.985864	428.306885	391.530090	307.114902	-1.317804	-315.806213	-92.851624	-272.285858	-151.660370	184.140488	-0.130069	-0.165114	-0.125189	-0.205249	-0.131469	-0.022244	240.475418	381.174469	-1332.535970	6.824351	3.287813	8.831012	8.070347	3.094853	8.109794
169	CPA3	5	transcript	protein		115		-4.484213	13.822650	15.389158	-8.256393	25.450450	28.334724	-540.116516	-224.512054	-318.948779	-44.846180	-180.783813	-227.620468	-540.116516	-224.512054	-1170.031583	0.742204	0.054531	-0.069352	0.466675	0.230122	-0.198299	3.833423	1.013515	-2.866823	-5.039723	-0.086451	-2.128830	0.027607	-0.004275	0.018488	0.025914	-0.003446	0.017255	-1591.853027	-1310.466797	-1262.985864	-564.709961	-208.271790	-307.114902	-380.410156	218.500671	-107.531357	-255.929321	-14.339365	-314.198975	-0.261299	0.025085	-0.059443	-0.242871	0.013945	-0.089750	-540.116516	-224.512054	-1324.933418	2.545893	-0.271938	6.537543	1.381450	2.314205	5.862391
170	IGHV3-64	9	transcript	protein		324		-6.071896	-13.312089	15.294455	-11.179657	-24.510398	28.160356	-448.018555	-96.867134	-318.948779	27.188725	-30.341364	-227.620468	-448.018555	-96.867134	-1040.028074	0.640322	0.016018	-0.018024	0.366561	0.258760	0.139056	4.068280	0.884085	0.100649	-4.112795	1.979614	-1.400676	0.018063	0.006017	-0.016335	0.016150	0.006219	-0.011283	-649.387817	-1078.410645	-1262.985864	-455.863831	-71.204018	-307.114902	-431.530365	97.201340	-13.326544	-314.056091	-132.801346	-213.721130	-0.289884	0.020308	-0.006677	-0.287374	-0.001455	-0.045909	-448.018555	-96.867134	-1128.880584	0.476649	-0.108091	5.309683	0.759424	1.382779	4.754011
171	ATP5PB	4	bridge	protein				-20.249313	-14.683503	-19.554030	-16.570359	-12.015761	-16.001397	14.379099	21.678816	0.000000	-73.763275	288.833527	0.000000	14.379099	21.678816	-1202.532461	-0.184516	0.309357	0.185360	-0.400569	0.480985	-0.227201	-1.674086	2.046915	0.161018	-2.640736	-1.223241	5.688490	-0.005388	-0.003746	-0.013628	-0.003662	-0.002369	-0.014089	674.996582	1646.720337	0.000000	42.841747	315.058899	0.000000	243.240723	70.963249	3.610140	416.711761	76.287643	-180.149231	0.086420	0.025014	-0.055372	0.062439	-0.054890	-0.170067	14.379099	21.678816	-1273.549863	8.064761	0.861355	4.899040	7.867145	3.676084	5.794112
172	UGT1A1	4	bridge	protein				-28.965924	2.115440	-12.825761	-23.703311	1.731101	-10.495540	142.858414	-150.829468	0.000000	160.598007	237.783783	0.000000	142.858414	-150.829468	-1202.532461	-0.178934	-0.194070	-0.298531	0.264234	-0.359986	-0.307533	-2.152173	-1.943589	-0.435176	0.810669	4.568932	-2.884580	-0.008305	-0.001145	-0.001979	-0.006534	-0.000101	-0.006049	586.376404	-1978.853394	0.000000	40.211208	-259.234344	0.000000	44.397392	-48.248554	-126.862076	187.367340	317.500397	-53.124264	0.032963	0.078102	-0.076088	0.125874	0.166585	-0.049870	142.858414	-150.829468	-1266.892679	9.533828	0.133031	7.060308	8.818054	1.461233	4.955409
173	PARP15	6	transcript	protein		262		13.559960	5.752827	15.199752	24.966780	10.592182	27.985989	-457.613739	-191.970566	-318.948779	-26.026821	-81.121094	-227.620468	-457.613739	-191.970566	-1137.530706	0.565254	0.085550	-0.000676	0.336087	0.246160	0.019164	3.289352	1.252572	-0.831816	-3.987871	1.139989	-0.735702	0.022911	-0.005735	-0.002353	0.021303	-0.005387	0.000021	-1073.212769	-1162.814453	-1262.985864	-476.994843	-149.943146	-307.114902	-372.300842	159.541275	-39.326176	-240.201065	-85.598488	-239.374298	-0.245596	-0.000203	-0.031466	-0.237164	-0.017388	-0.062337	-457.613739	-191.970566	-1159.971499	2.789423	-0.714523	6.447748	1.354949	1.889281	5.457358
174	Protein-L-arginine	2	metabolite	metabolite			575	1.325570	36.349399	30.740268	0.482105	13.220149	11.180127	431.860382	19.304762	318.948779	-5.583085	71.361023	227.620468	431.860382	19.304762	-1267.534215	-0.063265	-0.352807	0.212671	-0.025528	-0.318712	0.024517	0.347411	-2.360468	0.664859	2.899736	1.276071	-1.760105	-0.012392	-0.001272	0.014150	-0.016666	-0.002094	0.015235	2548.980225	-402.866516	1262.985864	496.117645	-21.016171	307.114902	-9.921135	-140.149796	218.065048	-77.895012	102.844582	401.040222	0.015939	0.031054	0.127856	0.030584	0.074211	0.162024	431.860382	19.304762	-1322.306926	11.335775	3.510673	7.003976	11.131466	4.110867	6.597918
175	10-Formyltetrahydrofolate	2	metabolite	metabolite			700	-25.718401	-26.097568	30.421716	-9.353692	-9.491594	11.064271	418.244354	59.298553	318.948779	-89.342201	-24.505127	227.620468	418.244354	59.298553	-1267.534215	-0.208295	-0.636557	-0.198640	-0.283692	-0.440575	0.285530	-1.060835	-4.371116	1.062056	5.015338	1.180552	-2.673146	-0.012317	-0.001320	0.015883	-0.017051	-0.002254	0.017238	1648.162598	433.751221	1262.985864	430.796417	0.692686	307.114902	-85.187202	-219.211929	93.763718	-161.504288	136.268555	321.456238	-0.085176	-0.044544	0.115909	-0.055871	0.045830	0.171376	418.244354	59.298553	-1332.535970	11.116804	1.662440	8.038744	10.218362	2.591186	9.145412
176	THBD	4	bridge	protein				24.191837	-12.118137	-16.610412	19.796593	-9.916479	-13.592584	4.182211	-7.354212	0.000000	-29.872498	-307.332855	0.000000	4.182211	-7.354212	-1202.532461	-0.184159	0.393653	0.146552	-0.309191	0.473492	-0.412482	-1.717939	2.676951	-0.348850	-2.650197	-4.185404	4.650085	-0.006670	-0.002897	-0.015218	-0.004726	-0.002018	-0.017009	76.606308	-62.768024	0.000000	107.679985	229.936691	0.000000	250.611053	-75.863724	-77.441879	405.219421	-182.664032	-149.470108	0.119827	-0.138365	-0.027489	0.189710	-0.146002	-0.045486	4.182211	-7.354212	-1314.298018	7.736717	-0.143302	5.883907	7.354124	2.449857	6.067360
177	CANT1	7	protein	protein	105			-13.976199	4.950083	15.105050	-25.733166	9.114159	27.811621	162.197647	-76.027008	-318.948779	-67.316795	209.709213	-227.620468	162.197647	-76.027008	-1105.029829	-0.070371	-0.038911	-0.114322	-0.063629	0.102072	0.082001	0.355057	-0.117818	0.846879	-0.600870	1.076733	0.826912	-0.009595	-0.001792	0.000057	-0.007351	-0.003404	-0.013012	531.832825	-1424.495239	-1262.985864	103.759132	-28.854982	-307.114902	66.932289	-87.584229	-29.473936	150.863052	-64.215492	39.497952	0.045051	-0.007800	-0.014708	0.096717	-0.029037	0.037494	162.197647	-76.027008	-1022.839282	9.866688	0.196867	7.552806	8.625144	1.357827	5.502116
178	N-Acetylornithine	1	metabolite	metabolite			328	36.854424	1.884391	30.103164	13.403825	0.685347	10.948415	414.587616	144.450516	318.948779	-107.238876	28.139973	227.620468	414.587616	144.450516	-1300.035093	-0.021443	-0.650139	-0.002226	0.026013	-0.489406	0.285599	0.958705	-3.819559	0.506636	3.207288	0.702892	-3.821739	-0.009988	-0.000796	0.010574	-0.012781	-0.001296	0.009737	1669.456909	1890.937134	1262.985864	493.864624	100.689987	307.114902	29.350031	-253.166763	196.309784	-91.490112	98.934921	389.439056	-0.053392	-0.103076	0.128828	-0.054258	-0.026741	0.201568	414.587616	144.450516	-1332.535970	10.593676	2.799343	7.455456	9.876779	4.050104	8.037723
179	RCHY1	4	bridge	protein				-9.558906	25.031476	-17.030929	-7.822216	20.483684	-13.936700	86.605652	43.377968	0.000000	-20.464342	-299.008453	0.000000	86.605652	43.377968	-1202.532461	-0.336833	0.113098	0.178640	-0.471371	0.304963	-0.296945	-2.598443	0.720522	0.432478	0.072184	-2.828533	5.442964	-0.008734	-0.002879	-0.013322	-0.005314	-0.002386	-0.018375	473.535400	1005.229492	0.000000	118.403595	242.846924	0.000000	255.542419	-35.546574	14.119164	424.903473	-119.460289	-113.039566	0.111180	-0.044808	-0.020386	0.137838	-0.110928	-0.067846	86.605652	43.377968	-1297.368583	7.969053	1.216258	5.370451	7.931757	3.801872	6.047578
180	DDX19B	3	bridge	protein				-13.895785	5.735978	27.964365	-11.371159	4.693849	22.883718	-70.767242	-62.787560	0.000000	116.385132	-56.476845	0.000000	-70.767242	-62.787560	-1235.033338	-0.160645	0.431051	-0.165753	-0.014680	0.136153	-0.563478	0.955830	2.537105	2.197384	-3.108173	-4.907480	0.911301	-0.004952	0.000811	-0.015123	-0.004514	0.000451	-0.012497	-252.045685	20.222143	0.000000	-95.353676	-35.700314	0.000000	145.587189	44.882351	-160.026306	263.000519	-174.630844	-193.224808	0.052891	-0.053520	-0.126717	0.031894	-0.105458	-0.164160	-70.767242	-62.787560	-1273.143453	9.029181	0.362105	5.838814	7.691209	1.875440	4.583236
181	VEZT	4	protein	protein	81			7.006895	-13.175466	15.010347	12.901189	-24.258844	27.637254	-60.488338	15.116494	-318.948779	6.269571	160.823624	-227.620468	-60.488338	15.116494	-1202.532461	-0.033072	0.307826	0.102937	-0.013182	0.299045	0.044435	0.397470	1.927601	1.217129	-2.221123	0.828504	1.724857	-0.004332	-0.002100	-0.017284	-0.001684	-0.003144	-0.023189	-182.045197	1096.528931	-1262.985864	-110.121216	73.526390	-307.114902	179.965225	96.262177	-70.377907	199.196457	-72.940178	-112.202774	0.073571	-0.023239	-0.049041	0.036587	-0.056759	-0.062878	-60.488338	15.116494	-1185.009863	8.856436	0.346093	4.642921	7.393759	2.451855	4.447035
182	KCNJ6	3	protein	protein	173			3.756913	14.539915	14.915645	6.917279	26.771088	27.462886	-40.790329	8.497288	-318.948779	-122.864723	125.423546	-227.620468	-40.790329	8.497288	-1235.033338	-0.038122	0.445820	0.021444	-0.047341	0.337450	-0.233250	-0.926296	2.763383	-1.172973	-2.698910	-0.526973	2.549336	-0.005156	-0.003987	-0.015806	-0.003135	-0.005310	-0.023463	-0.032763	60.558197	-1262.985864	-70.630310	107.206902	-307.114902	218.653061	-35.967525	-81.373116	273.663422	-97.089516	-170.619553	0.066601	-0.123287	-0.054504	0.069864	-0.136809	-0.064623	-40.790329	8.497288	-1318.630050	7.503553	-0.198611	5.966001	6.998859	2.205511	6.282908
183	Steryl ester	0	metabolite	metabolite			947	-21.624403	-9.930649	-41.252484	-7.864719	-3.611742	-15.003383	500.411189	1251.405572	318.948779	150.480814	944.333344	227.620468	500.411189	1251.405572	-1332.535970	-1.261169	-0.976720	0.761987	-1.015191	-0.786221	0.613369	-8.356160	-6.471480	5.048719	-10.107328	-7.827683	6.106759	-0.082895	-0.062350	0.047837	-0.078547	-0.058515	0.043616	1845.011564	4821.992879	1262.985864	483.358782	1207.637393	307.114902	-19.665572	971.908309	792.484355	0.834215	1055.805085	877.696129	-0.043511	0.940973	0.759058	-0.043223	0.934744	0.754033	500.411189	1251.405572	-1332.535970	-0.062814	-4.856308	10.928127	-0.390403	-2.930998	10.625918
184	N-Acetylaspartylglutamate	2	metabolite	metabolite			1086	-0.205508	-28.615801	-38.066964	-0.074743	-10.407466	-13.844821	297.713837	146.533936	318.948779	-154.694412	-499.337830	227.620468	297.713837	146.533936	-1267.534215	0.039287	-0.561508	-0.361336	0.381558	-0.783278	-0.355888	-0.350947	-4.357110	-1.188891	6.513689	-5.733329	-3.507490	-0.006850	-0.000009	0.003919	-0.004394	0.000539	-0.004028	-2516.874023	-233.352310	1262.985864	-202.826981	308.966217	307.114902	-14.160629	-302.628662	4.252759	69.655167	-398.384369	-249.092545	0.108756	-0.098910	-0.046486	0.226581	0.128043	-0.138772	297.713837	146.533936	-1295.443008	12.055656	1.238895	7.191388	10.317993	3.718110	9.862260
185	MSMO1	3	bridge	protein				-17.916332	-7.808151	-25.020747	-14.661241	-6.389544	-20.474905	-25.859814	34.702042	0.000000	-417.880375	868.497771	0.000000	-25.859814	34.702042	-1235.033338	-0.421297	0.295988	-0.003775	-0.581887	0.194914	-0.258098	-2.445551	2.136706	1.128727	-0.077312	1.636957	6.267944	-0.007329	-0.001515	-0.014888	-0.004742	-0.000546	-0.009563	-1085.082886	1819.039795	0.000000	-128.166321	145.068146	0.000000	317.487762	16.784462	-105.469269	434.385468	202.426758	-17.052944	0.175644	-0.008029	-0.075090	0.201844	-0.039882	-0.127905	-25.859814	34.702042	-1308.317614	9.340707	0.007173	4.826859	8.079961	2.913834	4.264632
186	GBA1	6	bridge	protein				19.799667	-20.988314	-13.246278	16.202406	-17.175096	-10.839656	6.295918	-90.453903	0.000000	149.521912	214.421234	0.000000	6.295918	-90.453903	-1137.530706	-0.380226	0.037182	-0.275741	0.171060	-0.374895	-0.458164	-0.034879	0.901044	3.131265	1.194722	5.887473	-2.034584	-0.008302	-0.000827	-0.010457	-0.006975	0.000331	-0.006599	-553.699524	-1577.857300	0.000000	-8.830484	-204.265686	0.000000	173.773773	-4.175859	-206.594452	238.763504	302.563293	-72.350006	0.099312	0.039293	-0.123925	0.146703	0.101146	-0.094035	6.295918	-90.453903	-1252.725705	9.409357	-0.056862	5.991921	8.475030	2.215445	4.345316
187	SLC49A4	1	transcript	protein		26		-13.975509	-9.879195	-12.453380	-25.731895	-18.189706	-22.929330	-1076.794800	-55.757748	-318.948779	-600.422913	277.689880	-227.620468	-1076.794800	-55.757748	-1300.035093	-1.079257	0.360894	1.493495	-0.868759	0.290505	1.202204	-4.434744	2.391185	9.895489	-5.364116	2.892296	11.969249	-0.044739	0.023884	0.094997	-0.042806	0.022261	0.087790	-3701.476318	-1978.155273	-1262.985864	-1019.617371	-205.990387	-307.114902	175.398499	-227.510681	1016.510986	209.226349	-275.410095	1098.258057	0.003449	-0.064695	0.984697	-0.001616	-0.047321	0.984827	-1076.794800	-55.757748	-1332.535970	3.543172	3.293463	15.385033	3.131351	5.028405	14.978717
188	alpha-N-Acetylneuraminyl-2,6-beta-galactosyl-1,4-beta-D-glucosylceramide	1	metabolite	metabolite			595	-28.646765	23.669384	29.784612	-10.418728	8.608472	10.832559	64.456505	-259.040161	318.948779	106.802002	-255.692841	227.620468	64.456505	-259.040161	-1300.035093	-0.696145	-0.310864	-0.141414	-0.264354	-0.565561	-0.226686	-1.071744	-1.637923	4.778788	5.441633	3.258110	-0.653584	-0.005979	0.000143	-0.003505	-0.007571	0.000151	-0.002723	117.540565	-2264.402100	1262.985864	147.012756	-281.162842	307.114902	67.346916	-88.540443	-269.046692	72.445328	216.674805	-56.400528	0.017190	-0.025242	-0.243875	-0.031179	0.039538	-0.184096	64.456505	-259.040161	-1332.535970	10.099651	-0.567592	6.452635	8.646894	0.641366	4.368925
189	Leukotriene B4	3	metabolite	metabolite			204	5.169767	-37.054350	29.466060	1.880226	-13.476537	10.716702	-10.995374	-246.036362	318.948779	-329.850800	149.550049	227.620468	-10.995374	-246.036362	-1235.033338	-0.497830	0.470559	0.237368	-0.656003	-0.221814	-0.073502	-3.446011	3.312191	0.776866	4.698532	3.303370	3.480328	-0.006724	0.000286	-0.019176	-0.005684	0.000622	-0.007352	-80.322357	-3201.467041	1262.985864	122.938103	-465.782654	307.114902	505.329132	-5.534054	-71.369202	575.583130	-161.778427	224.471512	0.272804	0.059871	-0.068914	0.318289	0.004226	-0.151695	-10.995374	-246.036362	-1316.717232	7.635865	0.110341	3.508341	7.490943	4.328383	4.219651
190	PTPN3	4	bridge	protein				6.692694	-14.301898	27.543848	5.476746	-11.703487	22.539602	54.554630	219.817276	0.000000	-78.772812	161.889175	0.000000	54.554630	219.817276	-1202.532461	-0.286231	0.195097	0.243586	0.290899	0.000458	0.295096	-2.043228	1.612614	-0.212478	0.542035	-4.824086	2.184843	-0.007372	-0.001958	-0.012986	-0.006219	-0.000834	-0.014230	-420.059418	1731.593018	0.000000	-31.709688	323.093109	0.000000	260.432373	-16.699593	117.431053	158.177780	-293.794281	104.363426	0.031835	-0.114135	0.019045	-0.020457	-0.170083	0.070037	54.554630	219.817276	-1226.130130	8.084056	2.658953	7.662277	8.614484	2.462968	7.165978
191	MDH2	5	bridge	protein				4.938863	15.745873	27.123331	4.041556	12.885117	22.195486	264.134430	108.741501	0.000000	-60.739895	126.334824	0.000000	264.134430	108.741501	-1170.031583	-0.191975	-0.339411	0.272361	0.136929	-0.239534	0.513991	-0.792704	-2.958836	0.306572	4.785926	-3.639863	-1.402284	-0.010751	-0.001386	0.006765	-0.008054	-0.000469	-0.003959	932.341003	-667.635925	0.000000	49.932774	251.876373	0.000000	65.802498	-68.306541	173.425385	35.738567	-231.754852	213.239624	0.015657	-0.051409	0.100577	0.007460	-0.082325	0.150786	264.134430	108.741501	-1240.371296	8.827423	1.659765	7.906624	9.777410	2.218069	6.778771
192	Choline phosphate	1	metabolite	metabolite			385	21.358873	31.019693	29.147508	7.768147	11.281753	10.600846	311.182556	-152.750702	318.948779	51.420963	-99.574295	227.620468	311.182556	-152.750702	-1300.035093	-0.226199	-0.595295	-0.194178	-0.186388	-0.522835	0.206864	-1.324398	-4.030142	0.278760	4.765550	-0.579105	-2.168274	-0.008781	-0.000451	0.007265	-0.011854	-0.001027	0.007963	269.566162	-265.221863	1262.985864	390.250671	-188.807297	307.114902	-47.802696	-203.315979	5.491853	-76.416107	39.201809	261.231598	-0.056396	-0.030406	0.009317	-0.043980	0.033428	0.130916	311.182556	-152.750702	-1332.535970	10.786384	-0.459304	6.880955	10.740071	3.039972	9.511786
193	Phenylpyruvate	6	metabolite	metabolite			663	-36.941041	-8.500047	28.828956	-13.435327	-3.091437	10.484990	424.378540	-16.160498	318.948779	38.159523	25.597206	227.620468	424.378540	-16.160498	-1137.530706	0.015788	-0.280024	0.027376	-0.008449	-0.265091	0.091039	0.466164	-1.873656	0.694273	2.596747	0.851537	-1.935669	-0.014709	-0.001562	0.019343	-0.018882	-0.002384	0.018572	2579.808105	-524.853699	1262.985864	509.441986	-61.867809	307.114902	-66.374763	-178.488541	187.033966	-116.067627	47.455383	401.436798	-0.013779	0.012980	0.129364	0.002262	0.050856	0.178385	424.378540	-16.160498	-1318.579910	11.219875	1.683093	9.059916	11.419519	2.688205	8.283175
194	PTPRB	0	transcript	protein		395		15.383994	0.114665	-14.536835	28.325217	0.211122	-26.765416	647.798153	1182.913227	-318.948779	469.999150	825.804176	-227.620468	647.798153	1182.913227	-1332.535970	1.603868	-0.132877	0.731508	1.291050	-0.106961	0.588835	10.626793	-0.880408	4.846770	12.853809	-1.064912	5.862489	0.101810	-0.007949	0.045872	0.094467	-0.007557	0.041775	2415.461911	4556.898322	-1262.985864	624.952332	1141.837311	-307.114902	-617.916323	-783.759376	767.673451	-651.510893	-858.611608	850.641802	-0.615472	-0.737540	0.735338	-0.611397	-0.732658	0.730470	647.798153	1182.913227	-1332.535970	17.393189	0.285030	10.742423	16.657852	2.090245	10.444551
195	GEN1	1	transcript	protein		364		-12.670176	-8.234458	14.820942	-23.328499	-15.161395	27.288519	-658.432861	181.760590	-318.948779	-194.848145	-197.522018	-227.620468	-658.432861	181.760590	-1300.035093	0.889929	0.076993	-0.957528	0.907495	0.442028	0.123576	7.623399	0.143745	-4.140241	-8.066692	0.359977	-5.567452	0.003089	0.015588	0.008343	0.001593	0.015500	0.003674	-1627.950073	2556.323486	-1262.985864	-731.374390	150.880310	-307.114902	-391.511444	47.858906	-454.555176	-387.468597	-111.347794	-539.798462	-0.172527	0.244207	-0.302480	-0.159980	0.263755	-0.283564	-658.432861	181.760590	-1332.535970	0.839191	0.168231	7.081718	-0.243995	2.438411	5.844038
196	KYNU	7	bridge	protein				-14.859475	-8.611370	26.702815	-12.159763	-7.046831	21.851369	452.140625	83.146187	0.000000	-21.153381	104.715973	0.000000	452.140625	83.146187	-1105.029829	-0.110762	-0.412453	0.321714	0.399516	-0.327463	0.094276	-0.083934	-2.830441	1.901653	4.728144	-2.869170	0.682675	-0.012334	-0.001263	0.013406	-0.009541	-0.000837	0.000368	3095.166504	469.356415	0.000000	395.508331	188.747421	0.000000	-46.001919	-196.880295	232.079803	-22.257364	-156.854843	338.299225	-0.041956	-0.042233	0.141736	-0.046648	-0.049958	0.197375	452.140625	83.146187	-1216.855629	11.451917	2.486547	9.413134	10.801826	2.686053	8.140133
197	PABPC3	2	bridge	protein				17.395822	-3.824423	26.282298	14.235298	-3.129590	21.507253	52.708813	111.123466	0.000000	-48.364594	124.919807	0.000000	52.708813	111.123466	-1267.534215	-0.387374	0.009518	0.647616	0.450655	-0.224383	-0.182392	-2.574540	1.242721	4.108908	3.092133	-4.948628	3.204778	-0.006111	-0.000613	-0.009322	-0.006034	-0.000145	-0.011000	-1996.658325	-1461.144531	0.000000	90.867577	275.902588	0.000000	276.441345	-72.764267	33.985252	192.818924	-274.555817	61.845810	0.077252	-0.176351	-0.010625	-0.007568	-0.190744	0.050396	52.708813	111.123466	-1327.599402	10.125605	0.127351	6.350636	8.766412	2.637427	6.536666
198	IGHV1-69	13	transcript	protein		242		14.995938	-2.501938	14.726240	27.610723	-4.606603	27.114151	-461.697144	-178.742111	-318.948779	124.862274	-140.988968	-227.620468	-461.697144	-178.742111	-910.024565	0.456493	0.505237	0.044004	0.192131	0.508249	-0.034401	2.181895	3.293986	-1.531894	-4.968554	0.003130	0.629418	0.035485	-0.025075	-0.006434	0.034147	-0.024323	0.003864	-1826.864502	-870.825317	-1262.985864	-463.941193	-174.636887	-307.114902	-341.802917	290.054565	-7.644200	-267.163086	78.529488	-218.444977	-0.219331	0.016499	0.023590	-0.221163	-0.017359	-0.009449	-461.697144	-178.742111	-1255.825606	1.735774	-0.030101	4.702040	1.566685	2.240684	4.266709
199	CFHR2	1	protein	protein	428			-9.423673	12.046265	14.631537	-17.350994	22.179745	26.939784	59.896973	-6.582164	-318.948779	-158.675262	160.622864	-227.620468	59.896973	-6.582164	-1300.035093	0.230735	-0.046789	0.269444	-0.066690	0.159701	0.125998	0.870194	0.325811	1.065314	-1.018330	-2.056977	0.750918	-0.005344	-0.003088	-0.008850	-0.004101	-0.004741	-0.022037	267.557922	184.571503	-1262.985864	-12.450609	61.699001	-307.114902	117.301620	19.102104	-4.811186	211.680313	-44.159996	-104.539589	0.101719	-0.102788	0.044680	0.085309	-0.099580	-0.044550	59.896973	-6.582164	-1332.535970	7.795560	0.610735	6.761663	6.684250	2.978152	6.391780
200	TPP2	1	bridge	protein				17.964460	-6.166057	-25.441264	14.700624	-5.045790	-20.819021	47.502567	-27.963177	0.000000	-618.556251	741.144987	0.000000	47.502567	-27.963177	-1300.035093	-0.332654	0.146347	0.587817	-0.511377	0.241390	-0.546207	-4.188325	1.611993	-0.150047	0.242036	-1.544437	7.623813	-0.005659	-0.000707	-0.012249	-0.003460	-0.000077	-0.006924	941.528137	1868.932007	0.000000	167.050079	390.149109	0.000000	438.085602	55.208767	27.875168	603.129517	15.474460	-180.235199	0.221115	0.110802	-0.053987	0.159210	-0.062571	-0.293067	47.502567	-27.963177	-1332.535970	7.880046	1.083671	4.441547	8.058778	4.437447	5.150403
201	HTR2C	2	protein	protein	27			-11.354289	10.246864	-14.631537	-20.905670	18.866664	-26.939784	-97.807892	-56.792809	-318.948779	408.469487	859.334849	-227.620468	-97.807892	-56.792809	-1267.534215	-0.270562	0.331807	-0.158941	-0.688792	0.329917	0.247736	0.370274	2.012887	2.469192	-0.627285	8.114365	0.394655	-0.005500	-0.000711	-0.016391	-0.003624	0.000224	-0.007080	-933.735718	1225.717529	-1262.985864	-121.383080	-135.142624	-307.114902	278.116852	64.400932	-159.406158	470.981873	-87.854309	-137.817383	0.138941	-0.041296	-0.115760	0.170241	-0.125768	-0.168173	-97.807892	-56.792809	-1320.877551	9.128982	0.402978	3.811997	7.080668	3.046666	4.043777
202	APOBR	1	transcript	protein		399		-1.195408	-15.337908	14.536835	-2.201001	-28.240363	26.765416	-409.613190	-225.187180	-318.948779	151.337738	-125.093170	-227.620468	-409.613190	-225.187180	-1300.035093	0.371327	0.724522	0.161033	0.102868	0.624967	-0.169781	1.398339	4.901389	-1.641965	-5.694111	0.655657	2.097383	0.019534	-0.016827	-0.006478	0.018443	-0.016539	-0.000797	-1656.305176	-864.813354	-1262.985864	-406.454193	-200.477020	-307.114902	-308.020081	314.439575	36.278847	-233.612427	108.306114	-188.112366	-0.236515	-0.001727	0.072924	-0.243134	-0.065719	0.020454	-409.613190	-225.187180	-1332.535970	1.944547	-0.218136	4.459785	1.903548	2.303334	4.228508
203	[Protein]-(3R)-3-hydroxy-L-arginine	2	metabolite	metabolite			1127	33.189836	-18.804034	28.510404	12.071026	-6.838961	10.369134	496.550812	-55.041702	318.948779	55.473347	127.764473	227.620468	496.550812	-55.041702	-1267.534215	0.170370	-0.297095	0.227644	0.066060	-0.379399	-0.011329	1.046194	-1.868792	1.684985	2.393251	1.681964	-2.288230	-0.011403	-0.000871	0.013939	-0.015494	-0.001732	0.013707	2741.182373	-1301.402100	1262.985864	603.337036	-19.146255	307.114902	-48.478729	-94.467422	298.109650	-114.828941	119.097000	487.298615	0.032309	0.070636	0.198366	0.031655	0.123860	0.225508	496.550812	-55.041702	-1332.535970	13.515442	3.286917	6.859937	12.101318	3.239214	5.773400
204	HSCB	2	bridge	protein				13.183514	-22.000426	-18.712996	10.788294	-18.003325	-15.313164	308.606049	117.193748	0.000000	252.640259	163.218323	0.000000	308.606049	117.193748	-1267.534215	-0.225984	-0.347868	0.615707	-0.653203	0.225212	0.353387	-3.442739	-2.987953	2.071044	1.130721	-7.125797	3.373463	-0.007973	-0.000540	0.002775	-0.005188	0.000003	-0.006520	2581.584717	1155.048462	0.000000	222.548462	38.020287	0.000000	84.109428	32.977074	248.030457	305.295807	115.466438	250.984421	0.135822	0.109887	0.142613	0.235685	0.115789	0.112826	308.606049	117.193748	-1331.618342	12.704136	2.554495	6.120601	10.324971	2.692483	6.009386
205	CCDC134	3	bridge	protein				-31.713373	-0.309424	1.471809	-25.951595	-0.253207	1.204406	73.984268	-68.034233	0.000000	198.661194	-69.439781	0.000000	73.984268	-68.034233	-1235.033338	-0.303281	0.163464	-0.051855	-0.505439	0.069062	0.248081	-2.004582	-0.637127	-2.706339	1.625229	4.051049	3.212588	-0.006277	-0.003142	-0.011486	-0.005468	-0.001372	-0.010715	-67.762703	-1146.645020	0.000000	52.614040	-127.136261	0.000000	235.935013	-24.992887	51.340332	394.822479	60.474651	155.025513	0.138925	-0.021717	0.050722	0.169510	-0.056041	0.019087	73.984268	-68.034233	-1288.776693	4.612224	-0.132530	4.353867	7.263284	4.539418	4.386796
206	PRKD2	2	bridge	protein				-10.591884	15.065865	25.861781	-8.667519	12.328655	21.163137	-249.744751	177.457489	0.000000	-66.089653	153.218536	0.000000	-249.744751	177.457489	-1267.534215	-0.160931	0.109955	-0.584598	0.241427	0.041824	0.585230	4.034188	-1.326060	1.958838	-0.350578	-4.618799	-4.794360	0.002826	-0.001402	-0.000958	-0.002367	-0.000074	-0.005597	-2537.290283	857.562195	0.000000	-323.861450	193.590317	0.000000	-23.041285	49.264038	67.130791	-10.808134	-349.353912	91.674065	-0.194621	-0.105576	0.029872	-0.178563	-0.170998	0.114834	-249.744751	177.457489	-1275.396372	7.803028	2.477427	7.932042	8.121920	2.058639	7.459339
207	N-Formimino-L-glutamate	2	metabolite	metabolite			317	-11.844041	36.509426	28.191852	-4.307636	13.278350	10.253277	437.908447	-73.926857	318.948779	55.695263	-30.621809	227.620468	437.908447	-73.926857	-1267.534215	0.017143	-0.476421	-0.182708	-0.055788	-0.417977	0.246167	0.034474	-3.148453	-0.451033	3.146307	-0.598952	-2.678530	-0.011054	-0.000849	0.013921	-0.015049	-0.001655	0.013620	1250.902588	-63.007687	1262.985864	511.473816	-97.912621	307.114902	-117.095398	-244.917831	142.575226	-184.895874	40.249004	370.570282	-0.039934	-0.050765	0.177506	0.011559	0.018916	0.232826	437.908447	-73.926857	-1332.535970	11.703493	1.579638	7.897876	10.659454	3.140245	9.633609
208	TUBGCP2	2	protein	protein	142			11.307054	10.562923	14.442132	20.818701	19.448595	26.591048	-66.579010	-86.479134	-318.948779	4.009403	267.810181	-227.620468	-66.579010	-86.479134	-1267.534215	-0.117158	0.386414	-0.203076	-0.168330	0.348044	0.080094	-0.198381	2.716977	1.547674	-2.011428	1.621325	2.445336	-0.004756	-0.002572	-0.015385	-0.004120	-0.003780	-0.023242	-437.153198	-2006.658203	-1262.985864	-51.808479	-20.740528	-307.114902	226.369110	63.514534	-153.064835	246.471100	-85.065071	-59.055000	0.148071	-0.100921	-0.085523	0.136437	-0.127766	-0.030532	-66.579010	-86.479134	-1329.745250	9.922871	0.626189	3.343644	6.312423	2.374592	4.377141
209	[Protein]-L-cysteine	2	metabolite	metabolite			516	-16.024593	-35.132486	27.873300	-5.828088	-12.777562	10.137421	296.165710	-41.294472	318.948779	-83.589653	-52.587364	227.620468	296.165710	-41.294472	-1267.534215	-0.284710	-0.322304	0.186883	-0.176976	-0.353218	-0.027913	-1.723090	-2.239449	0.753417	3.832837	0.105948	-0.378784	-0.011950	-0.001603	0.009850	-0.015884	-0.002138	0.012208	1887.125488	-140.617050	1262.985864	376.540253	-148.119980	307.114902	4.601086	-86.651398	84.609421	-28.785418	124.302902	252.294846	0.009478	0.078483	0.039127	0.018107	0.103043	0.069279	296.165710	-41.294472	-1332.535970	9.949273	1.487415	8.516808	10.534402	1.710936	7.279196
210	SNAI1	2	bridge	protein				-2.440831	-18.835722	25.441264	-1.997373	-15.413593	20.819021	88.425430	214.177460	0.000000	-34.323017	2.231327	0.000000	88.425430	214.177460	-1267.534215	-0.073238	0.096701	-0.206549	0.225253	-0.157481	-0.392835	-1.921144	0.470302	-2.147130	0.493535	-4.852057	0.729842	-0.006386	-0.001799	-0.010391	-0.005419	-0.000614	-0.011907	-513.219116	1139.312134	0.000000	26.026976	402.773834	0.000000	235.882233	-49.973930	-48.681023	267.566650	-208.317276	-280.285767	0.107539	-0.050357	-0.081232	0.101284	-0.020008	-0.165639	88.425430	214.177460	-1292.876583	6.872011	2.101982	5.586182	7.593603	4.562343	7.227661
211	USP7	9	protein	protein	120			-15.560469	-0.151822	14.347430	-28.650145	-0.279537	26.416681	74.715973	87.545219	-318.948779	-71.096848	260.158173	-227.620468	74.715973	87.545219	-1040.028074	-0.193875	0.049715	-0.007681	-0.136852	0.115260	-0.109238	-1.410531	0.397131	0.267384	-0.307607	-0.397997	2.057592	-0.008681	-0.003282	-0.012977	-0.006763	-0.005294	-0.028832	190.816360	780.993408	-1262.985864	12.375013	171.747955	-307.114902	208.839706	9.235403	-6.977728	337.957916	-10.970480	-78.235634	0.089068	-0.026005	-0.020229	0.070724	-0.070131	-0.058807	74.715973	87.545219	-1157.776794	7.645834	2.193141	6.083848	7.345224	4.320750	6.195277
212	CGN	4	bridge	protein				14.944188	12.594977	25.020747	12.229084	10.306685	20.474905	3.484448	312.312042	0.000000	-34.787487	142.653778	0.000000	3.484448	312.312042	-1202.532461	-0.584809	0.158212	0.139680	-0.070108	0.096502	0.565104	-2.259397	1.329135	3.218559	2.608263	-5.142528	2.394604	-0.007509	-0.001216	-0.014483	-0.006212	-0.000466	-0.013947	-2563.114258	2513.213623	0.000000	-105.836235	415.498932	0.000000	284.410950	-33.038361	197.001923	132.454041	-326.240570	162.592148	0.010100	-0.147392	0.057261	-0.031111	-0.199075	0.107601	3.484448	312.312042	-1295.708797	7.998714	2.677832	7.792428	8.511269	2.423046	7.300520
213	C3	20	protein	protein	116			11.640922	-10.456993	14.252727	21.433422	-19.253556	26.242313	25.671633	49.403152	-318.948779	-134.182678	180.117691	-227.620468	25.671633	49.403152	-682.518424	0.030940	0.031809	0.064207	-0.020277	0.150045	-0.056692	-0.340160	0.139894	-0.577221	-1.043690	-0.925979	0.608573	-0.005823	-0.005751	-0.014791	-0.003854	-0.007799	-0.031184	236.781540	425.399384	-1262.985864	-32.698124	111.010529	-307.114902	145.981995	48.242958	9.295260	249.879593	-58.138966	-118.712700	0.067725	-0.058076	0.004043	0.047599	-0.069157	-0.045313	25.671633	49.403152	-121.815454	7.684607	0.875363	6.846496	6.628160	3.230073	6.615174
214	L-Formylkynurenine	1	metabolite	metabolite			788	22.119160	-7.112787	-41.571036	8.044661	-2.586896	-15.119239	481.176971	107.984779	318.948779	-69.299152	957.134070	227.620468	481.176971	107.984779	-1300.035093	-0.132000	-0.581576	0.462050	0.624627	-0.671987	0.175874	0.398071	-4.238132	2.456308	8.057496	-4.699468	1.394682	-0.008824	-0.000551	0.008761	-0.004457	0.000229	-0.002214	3116.849854	506.113647	1262.985864	445.855743	278.062531	307.114902	-60.091152	-222.464432	258.537872	-52.043171	-252.969696	397.813599	-0.089267	-0.069734	0.182584	-0.119991	-0.085352	0.299280	481.176971	107.984779	-1332.535970	11.485765	2.425890	9.347959	10.748627	2.633990	8.098517
215	[Oxidized NADPH---hemoprotein reductase]	4	metabolite	metabolite			373	35.757541	15.170174	27.554748	13.004892	5.517339	10.021565	8.234676	-235.186401	318.948779	-266.359161	101.805405	227.620468	8.234676	-235.186401	-1202.532461	-0.545415	0.311143	-0.057968	-0.554299	-0.346938	0.135720	-3.533901	2.376322	0.278227	4.684938	4.327362	0.738544	-0.007898	0.000241	-0.018866	-0.006887	0.000411	-0.004070	-82.605286	-3155.210693	1262.985864	147.358521	-449.015991	307.114902	453.007355	-43.697201	-76.334465	480.902283	-123.245644	251.581284	0.233424	0.051798	-0.046739	0.270627	0.030698	-0.066974	8.234676	-235.186401	-1317.625116	7.529885	-0.091916	3.468849	7.455862	4.273483	4.034723
216	TPT1	2	bridge	protein				-7.023517	29.856807	-8.200077	-5.747464	24.432336	-6.710263	37.011368	174.968658	0.000000	-238.579544	-18.584379	0.000000	37.011368	174.968658	-1267.534215	-0.298777	0.053321	-0.257812	-0.383930	0.150752	0.396331	-2.551463	-0.623597	-2.315089	-0.024595	-5.395484	-1.995588	-0.007289	-0.001558	-0.007165	-0.005605	-0.000559	-0.009116	-215.740799	1011.930481	0.000000	-71.372177	-202.562668	0.000000	209.097687	-158.799149	49.275082	224.860291	-362.282776	161.936813	0.044197	-0.112078	-0.031942	0.093516	-0.213144	0.020436	37.011368	174.968658	-1293.726467	6.829417	0.489266	7.080567	7.092255	2.593897	7.695967
217	CFAP69	1	transcript	protein		289		12.115459	14.450580	-9.612305	22.307145	26.606602	-17.698304	-561.463318	-708.239075	-318.948779	-16.538292	499.090576	-227.620468	-561.463318	-708.239075	-1300.035093	-0.064419	-0.079095	1.353126	-0.051855	-0.063668	1.089213	0.976378	2.613944	12.365238	1.180994	3.161738	14.956573	0.007911	0.026051	0.119027	0.006512	0.024291	0.110300	-3360.142822	-2375.452881	-1262.985864	-660.525757	-732.536682	-307.114902	499.415863	-777.104187	-25.806021	583.247437	-842.225830	35.442860	0.463958	-0.606507	-0.130180	0.469872	-0.572628	-0.094218	-561.463318	-708.239075	-1332.535970	8.443017	3.534626	15.853763	3.104775	2.618419	15.007630
218	PLXNC1	0	transcript	protein		410		1.441996	-15.134679	-14.726240	2.655022	-27.866174	-27.114151	548.854735	1231.283717	-318.948779	344.631526	888.229835	-227.620468	548.854735	1231.283717	-1332.535970	-1.102059	1.191293	0.701028	-0.887113	0.958943	0.564300	-7.301940	7.893183	4.644821	-8.832179	9.547327	5.618219	-0.072637	0.077418	0.043907	-0.068938	0.072407	0.039935	2032.508726	4744.112726	-1262.985864	529.898133	1188.306478	-307.114902	1039.987896	124.134191	742.862548	1156.302476	131.374490	823.587475	0.969575	0.130455	0.711617	0.963156	0.129591	0.706906	548.854735	1231.283717	-1332.535970	0.906607	8.352892	10.556718	0.556373	9.969653	10.263185
219	CNTFR	4	bridge	protein				-20.053452	0.829273	24.600231	-16.410083	0.678608	20.130789	21.302340	127.737633	0.000000	35.622215	-30.218830	0.000000	21.302340	127.737633	-1202.532461	-0.242272	0.220472	0.129213	0.135290	-0.052407	-0.521557	-2.674295	1.061982	-0.525566	0.490836	-4.401084	3.635953	-0.007023	-0.002501	-0.015703	-0.004994	-0.001445	-0.015587	908.369507	1425.411255	0.000000	-10.942077	366.998291	0.000000	294.242188	21.324656	-60.701794	336.482025	-140.469498	-288.943970	0.146980	-0.010349	-0.063649	0.120577	-0.019741	-0.171000	21.302340	127.737633	-1290.924433	7.389529	0.336551	5.315658	7.510493	3.651034	5.869696
220	CREB3	3	protein	protein	136			-1.528385	15.659322	14.158025	-2.814083	28.832155	26.067946	7.760017	83.695793	-318.948779	-179.876144	140.674789	-227.620468	7.760017	83.695793	-1235.033338	0.087835	0.029305	-0.182476	0.037904	0.071580	-0.234188	-1.462493	-0.239117	-2.255296	-1.176407	-2.732908	0.911907	-0.005989	-0.002355	-0.013002	-0.004660	-0.003699	-0.023236	536.475464	264.767975	-1262.985864	-21.760920	108.444649	-307.114902	216.043030	-24.762756	-75.299164	234.119690	-147.929123	-144.796310	0.134394	-0.085280	-0.022799	0.092114	-0.083720	-0.061442	7.760017	83.695793	-1310.260248	7.330363	0.391210	6.068656	7.070732	2.962831	6.131913
221	D-Glucosamine 6-phosphate	4	metabolite	metabolite			318	-36.824977	13.042651	27.236196	-13.393114	4.743566	9.905709	341.654999	-80.432480	318.948779	35.107616	-41.860790	227.620468	341.654999	-80.432480	-1202.532461	-0.051925	-0.287384	-0.186704	-0.100348	-0.234904	0.173870	-0.163658	-2.424594	-0.189299	3.044240	-0.195343	-1.951159	-0.012992	-0.001339	0.014201	-0.017727	-0.002209	0.016031	1098.451172	-533.339233	1262.985864	434.002075	-107.024979	307.114902	-32.724182	-197.616516	98.474907	-87.288773	34.076927	342.308472	0.008093	-0.001167	0.096445	0.050615	0.052233	0.152222	341.654999	-80.432480	-1323.783047	11.547677	0.903674	7.982209	10.649310	3.477401	9.252252
222	N-Acetyl-O-acetylneuraminate	1	metabolite	metabolite			557	18.446786	-34.686547	26.917644	6.709031	-12.615375	9.789852	153.931259	-273.858704	318.948779	45.164577	-239.579178	227.620468	153.931259	-273.858704	-1300.035093	-0.461862	-0.556963	-0.003291	-0.227025	-0.575949	0.005329	-1.787738	-3.235803	2.646327	5.315374	1.181514	-0.798343	-0.006686	0.000087	0.000058	-0.008796	-0.000153	0.000130	-1219.655640	-2249.441406	1262.985864	245.153183	-315.298492	307.114902	2.252763	-133.894806	-213.534454	-4.328553	214.548569	14.268621	-0.041325	0.010734	-0.178634	-0.053032	0.096365	-0.108001	153.931259	-273.858704	-1332.535970	10.386511	-0.726273	6.755474	8.907271	0.356514	4.473352
223	ARRDC2	1	transcript	protein		43		-9.501616	-12.646828	14.063322	-17.494504	-23.285509	25.893578	-443.618011	-232.761810	-318.948779	139.572556	-122.498650	-227.620468	-443.618011	-232.761810	-1300.035093	0.572697	0.604091	0.236465	0.175468	0.649514	-0.047609	2.556052	4.785007	-1.123091	-6.135003	0.732863	1.463354	0.020511	-0.016129	-0.007304	0.019297	-0.015771	-0.000898	-1699.911255	-1009.509277	-1262.985864	-436.239990	-223.095093	-307.114902	-357.481018	279.414856	40.613544	-278.548370	52.939713	-185.794205	-0.275553	0.004809	0.071958	-0.278992	-0.048223	0.024063	-443.618011	-232.761810	-1332.535970	1.575196	-0.201160	4.625219	1.609307	1.934030	4.230575
224	SLC16A6	1	transcript	protein		148		-10.973054	12.951914	-12.642785	-20.203734	23.847239	-23.278065	-237.533035	970.204651	-318.948779	-4.799546	-717.832031	-227.620468	-237.533035	970.204651	-1300.035093	0.625567	-0.898796	1.463015	0.503556	-0.723495	1.177669	1.428718	-5.955180	9.693540	1.728130	-7.203185	11.724978	0.012312	-0.057327	0.093032	0.010634	-0.053809	0.085950	-1063.340210	4298.459473	-1262.985864	-242.504501	1011.733093	-307.114902	-152.378723	55.517498	895.080505	-83.313477	86.430176	1111.026001	0.116946	0.361229	0.732882	0.122247	0.362387	0.734122	-237.533035	970.204651	-1332.535970	11.432627	-4.381538	15.199329	10.836520	-2.467318	14.797350
225	L-Isoleucine	3	metabolite	metabolite			631	9.882470	38.246897	26.599092	3.594220	13.910262	9.673996	478.967468	8.724004	318.948779	36.661648	71.156052	227.620468	478.967468	8.724004	-1235.033338	-0.007227	-0.418493	0.030379	-0.016192	-0.414086	0.097809	0.518877	-2.018572	1.205036	2.807546	1.367576	-1.828388	-0.012724	-0.001190	0.016348	-0.017384	-0.002128	0.016867	2889.803711	-904.311157	1262.985864	540.162781	5.067365	307.114902	-48.732136	-173.747513	256.188568	-145.581635	106.460907	430.155212	-0.032691	0.013263	0.152173	-0.022637	0.068935	0.192294	478.967468	8.724004	-1322.943590	11.537358	3.971000	6.455084	11.396069	4.203823	6.784096
226	Acetoacetyl-CoA	2	metabolite	metabolite			588	-33.300726	-21.642433	26.280540	-12.111357	-7.871277	9.558140	384.297546	-20.005882	318.948779	-3.972712	107.748100	227.620468	384.297546	-20.005882	-1267.534215	-0.043302	-0.301315	0.429180	0.029130	-0.334175	-0.111101	0.945381	-1.554695	2.916826	2.673440	2.774438	-2.141314	-0.011063	-0.001148	0.010534	-0.015394	-0.001910	0.012696	631.192993	471.189972	1262.985864	496.833496	-4.548861	307.114902	18.578192	-99.866837	207.533859	-32.305492	119.360710	415.639496	0.041297	0.061889	0.116133	0.073109	0.096013	0.169271	384.297546	-20.005882	-1328.763620	13.448183	3.043022	6.722067	11.904348	3.100810	5.786534
227	SLC39A1	2	protein,transcript	protein	217	255		15.631270	2.922508	13.968620	28.780505	5.380961	25.719211	-268.830658	-221.004257	-318.948779	106.379784	86.878212	-227.620468	-268.830658	-221.004257	-1267.534215	0.351273	0.586728	0.484866	-0.074785	0.656380	-0.035568	-0.187436	5.232665	-1.954574	-5.393460	-0.519500	3.220986	0.008267	-0.015688	-0.014316	0.007313	-0.016228	-0.014742	-304.470062	-267.086212	-1262.985864	-254.337372	-164.100067	-307.114902	-64.547707	333.031921	126.783279	9.844853	125.170464	-128.010971	-0.045010	-0.203531	0.106417	-0.142797	-0.216497	-0.034925	-268.830658	-221.004257	-1332.535970	3.521994	-0.421851	4.230320	3.625788	2.713321	4.781853
228	ABL1	7	protein	protein	72			-13.570339	8.447504	13.873917	-24.985890	15.553659	25.544843	56.083679	101.912048	-318.948779	-89.617043	250.098984	-227.620468	56.083679	101.912048	-1105.029829	-0.231313	0.119998	0.153889	-0.169560	0.131454	-0.166313	-1.953477	0.836643	0.166965	-0.440031	-0.615703	2.527466	-0.008318	-0.003187	-0.015402	-0.006533	-0.004898	-0.028266	843.605713	1475.857666	-1262.985864	26.685333	189.794205	-307.114902	258.393646	17.005426	3.012386	327.944824	-1.472532	-70.625237	0.108884	-0.029148	-0.021455	0.082480	-0.068422	-0.064994	56.083679	101.912048	-1263.483779	7.367600	0.400340	5.414349	7.449489	3.587278	6.028920
229	SGIP1	0	transcript	protein		296		9.104431	12.060224	-14.820942	16.763200	22.205447	-27.288519	446.254855	1271.318314	-318.948779	278.833927	912.331319	-227.620468	446.254855	1271.318314	-1332.535970	0.007979	-1.635681	0.670549	0.006423	-1.316658	0.539765	0.052869	-10.837579	4.442873	0.063949	-13.108768	5.373948	-0.001075	-0.104832	0.041942	-0.001905	-0.098308	0.038094	1635.403478	4899.063674	-1262.985864	431.331198	1226.767415	-307.114902	-828.565773	582.160130	718.051644	-881.207450	630.815535	796.533148	-0.816864	0.568353	0.687897	-0.811456	0.564590	0.683343	446.254855	1271.318314	-1332.535970	7.669810	-8.871206	10.371014	7.161597	-6.852114	10.081818
230	SLC38A5	4	transcript	protein		396		4.322118	-15.474254	13.779215	7.957943	-28.491404	25.370476	-511.695709	107.511375	-318.948779	243.811447	-7.475324	-227.620468	-511.695709	107.511375	-1202.532461	0.396430	0.702428	-0.343490	0.251406	0.600277	0.203323	3.572556	4.564977	-0.576064	-6.613578	1.174435	0.450803	0.013248	0.045711	-0.032504	0.010961	0.045123	-0.022993	-1960.686768	1336.062622	-1262.985864	-526.257812	99.127686	-307.114902	-486.835236	68.134499	-178.384171	-452.627594	-86.790100	-299.063751	-0.311921	0.081040	-0.063011	-0.312302	0.071468	-0.077402	-511.695709	107.511375	-1295.283912	-0.213498	0.810329	5.565958	-0.035935	1.653104	4.127930
231	TMCC3	2	bridge	protein				14.584351	-14.513378	24.179714	11.934624	-11.876545	19.786673	-148.733826	206.651093	0.000000	-97.115326	183.670258	0.000000	-148.733826	206.651093	-1267.534215	-0.506124	0.184847	-0.378713	-0.207798	0.121862	0.587660	-4.223274	1.064426	1.980034	2.054495	-6.333310	-0.188609	-0.004542	-0.000569	-0.006546	-0.004579	0.000015	-0.008048	-3706.625977	125.036926	0.000000	-336.991669	149.701553	0.000000	270.939392	-249.061783	16.829775	156.603836	-460.893860	81.000404	-0.069149	-0.254789	-0.045951	-0.084640	-0.318976	0.041289	-148.733826	206.651093	-1316.319951	6.650193	-0.442617	6.743997	7.333055	1.813497	7.395685
232	3-Oxopropanoate	3	metabolite	metabolite			784	39.380287	-6.570249	25.961988	14.322472	-2.389577	9.442284	401.818909	-37.382076	318.948779	53.904007	27.499947	227.620468	401.818909	-37.382076	-1235.033338	0.042456	-0.244202	0.010205	-0.012130	-0.248009	0.127904	0.317327	-1.822978	0.350706	2.455784	0.383166	-1.929447	-0.012521	-0.001314	0.013565	-0.017093	-0.002115	0.015228	1496.395508	-366.405121	1262.985864	490.421875	-51.631325	307.114902	-30.075085	-179.196198	183.546341	-100.194817	57.938869	392.291534	0.011867	-0.000875	0.126174	0.022827	0.052144	0.170790	401.818909	-37.382076	-1312.670455	12.293724	2.123445	8.250572	11.574718	2.962834	8.888476
233	HLA-A	1	transcript	protein		63		7.302225	14.401793	13.684512	13.444954	26.516775	25.196108	-472.712769	-75.491669	-318.948779	2.780824	-19.542742	-227.620468	-472.712769	-75.491669	-1300.035093	1.000000	-0.049541	0.035822	0.564431	0.286577	0.332226	6.521711	0.566846	0.514839	-5.812750	3.846652	-2.433129	0.008860	0.005339	-0.012007	0.007223	0.005332	-0.009277	-517.362305	-1116.354126	-1262.985864	-469.772095	-45.573917	-307.114902	-485.230621	60.278198	15.441507	-364.036713	-171.532394	-199.965836	-0.400100	0.032116	0.008382	-0.394398	0.002455	-0.044608	-472.712769	-75.491669	-1332.535970	0.569700	-0.202765	5.207472	0.744803	1.329833	4.751039
234	FAM161A	3	protein,transcript	protein	42	65		-18.646634	-2.465167	-9.707007	-34.332434	-4.538899	-17.872672	-585.315369	-688.688660	-318.948779	-53.295803	497.643463	-227.620468	-585.315369	-688.688660	-1235.033338	-0.293133	0.316918	1.815547	-0.235961	0.255106	1.461443	-2.325190	1.331120	11.302549	-2.812472	1.610078	13.671181	-0.024213	0.013569	0.108687	-0.023579	0.012600	0.100614	-3494.395996	-2314.593750	-1262.985864	-686.387512	-718.803772	-307.114902	514.637451	-764.244019	-43.748508	594.958313	-856.655090	56.237427	0.395450	-0.480746	-0.114340	0.398212	-0.448213	-0.083365	-585.315369	-688.688660	-1331.537505	5.622973	2.025147	17.115617	6.328885	4.730880	16.653217
235	MCL1	0	transcript	protein		238		-14.767970	-2.725913	-14.915645	-27.190985	-5.018988	-27.462886	340.699374	1302.743542	-318.948779	211.436055	931.507667	-227.620468	340.699374	1302.743542	-1332.535970	1.107177	1.220501	0.640069	0.891233	0.982455	0.515230	7.335853	8.086708	4.240924	8.873200	9.781408	5.129678	0.069789	0.079302	0.039977	0.064473	0.074171	0.036254	1226.858798	5020.692695	-1262.985864	329.924841	1256.957396	-307.114902	257.968554	-1044.126078	693.240741	303.572261	-1142.520895	769.478821	0.221922	-0.986465	0.664176	0.220453	-0.979935	0.659779	340.699374	1302.743542	-1332.535970	14.366966	8.530850	10.185310	13.702317	10.143454	9.900451
236	Deamino-NAD+	2	metabolite	metabolite			619	-24.726184	31.607436	25.643436	-8.992826	11.495513	9.326427	378.034607	-87.050911	318.948779	68.590324	-44.847107	227.620468	378.034607	-87.050911	-1267.534215	0.082780	-0.314318	-0.208691	-0.113745	-0.261837	0.247411	0.130257	-2.683618	-0.557377	3.178608	-0.383398	-2.314035	-0.011818	-0.000964	0.014004	-0.015960	-0.001782	0.014293	1134.453735	-479.342743	1262.985864	458.649048	-114.981102	307.114902	-70.424561	-238.678238	124.038445	-121.817154	-4.018864	367.701935	-0.004541	-0.045154	0.138729	0.056897	0.011625	0.195185	378.034607	-87.050911	-1332.535970	11.732114	1.009075	8.062146	10.641082	3.468884	9.334384
237	RIMKLB	5	bridge	protein				-0.972767	21.036974	23.759197	-0.796032	17.214915	19.442557	302.594360	88.077583	0.000000	-30.779524	18.300539	0.000000	302.594360	88.077583	-1170.031583	-0.006410	-0.333832	-0.249234	0.199234	-0.423006	-0.260352	-0.412401	-2.814462	-0.895809	3.814861	-3.448376	-1.971114	-0.010080	-0.000790	0.007633	-0.008301	-0.000413	-0.002790	-334.176514	47.164761	0.000000	156.467514	272.693420	0.000000	6.528735	-238.355118	37.927719	94.084648	-201.481781	-86.201141	0.067519	-0.046657	0.026296	0.111187	0.047265	-0.030233	302.594360	88.077583	-1135.614289	12.029826	1.224265	7.149247	10.298113	3.722167	9.873210
238	ELMO1	4	transcript	protein		223		-15.187376	-5.714951	13.589810	-27.963202	-10.522444	25.021741	-548.682129	174.376495	-318.948779	238.857224	-8.744876	-227.620468	-548.682129	174.376495	-1202.532461	0.348941	0.647354	-0.658746	0.398032	0.603228	0.331394	5.175266	4.010760	0.792102	-7.311857	2.015471	-1.847952	0.012858	0.067501	-0.037160	0.010184	0.066692	-0.026857	-2153.939941	1578.289185	-1262.985864	-572.072510	157.705246	-307.114902	-524.186646	35.750706	-245.315552	-502.661682	-107.186562	-345.167084	-0.344110	0.124424	-0.114488	-0.337638	0.129615	-0.112004	-548.682129	174.376495	-1331.923484	-0.106482	1.038888	5.848116	-0.269825	1.891062	4.216364
239	Succinyl-CoA	5	metabolite	metabolite			826	-3.133877	-40.209813	25.324884	-1.139780	-14.624168	9.210571	286.834869	5.232775	318.948779	-33.318890	58.660629	227.620468	286.834869	5.232775	-1170.031583	-0.223754	-0.193855	0.201335	-0.184319	-0.233414	0.098789	-0.668961	-0.964842	2.208158	3.027465	1.878458	-0.760959	-0.012432	-0.001896	0.009239	-0.017535	-0.002551	0.014462	371.342651	615.339172	1262.985864	390.389679	-4.650821	307.114902	57.522594	-130.951553	101.709007	10.065717	103.791382	330.189362	0.032197	0.023446	0.060087	0.061578	0.054846	0.126189	286.834869	5.232775	-1304.122884	10.402215	0.019716	5.366035	7.406419	1.882985	5.070489
240	3-Oxoacyl-CoA	6	metabolite	metabolite			558	29.617052	27.667916	25.006332	10.771618	10.062724	9.094715	174.204666	-26.152655	318.948779	-22.432831	30.956865	227.620468	174.204666	-26.152655	-1137.530706	-0.153196	-0.022822	-0.036593	-0.231250	-0.166659	0.055952	-0.369913	0.278880	1.392069	2.150868	1.981795	-0.056957	-0.010695	-0.002471	0.001045	-0.015857	-0.002652	0.009819	24.140583	588.118958	1262.985864	312.492889	-19.568388	307.114902	99.256889	-103.546593	8.047945	46.730740	72.568207	269.737091	0.042652	-0.007263	0.001359	0.072018	0.019890	0.086045	174.204666	-26.152655	-1274.269957	10.184633	-0.029024	5.315098	7.234919	2.002059	5.018188
241	CD55	2	bridge	protein				-13.790972	-16.526194	23.338680	-11.285388	-13.523667	19.098441	84.259987	13.256493	0.000000	12.403155	4.680712	0.000000	84.259987	13.256493	-1267.534215	-0.404953	-0.049755	0.401308	-0.067816	-0.218816	-0.599475	-2.761708	0.865877	2.598435	2.683845	-2.666870	5.245208	-0.006415	-0.000507	-0.010007	-0.005097	0.000023	-0.010039	74.887939	-1916.598511	0.000000	29.733658	258.508759	0.000000	356.099030	21.470436	8.639313	386.095367	-240.545258	-188.697449	0.205623	-0.029105	0.018671	0.091373	-0.186523	-0.137700	84.259987	13.256493	-1322.621414	8.719486	1.324004	4.478368	8.338594	3.552719	4.820741
242	RAB4A	3	bridge	protein				23.605908	-21.205091	1.051292	19.317118	-17.352488	0.860290	242.682800	-21.356754	0.000000	143.574814	-102.980858	0.000000	242.682800	-21.356754	-1235.033338	-0.239328	-0.249243	0.415530	-0.494253	-0.150185	0.246006	-2.558406	-1.020863	2.041460	4.582246	0.205020	3.458121	-0.009052	-0.001130	-0.002624	-0.007154	-0.000370	-0.007549	501.633453	1411.685913	0.000000	207.792343	-46.208714	0.000000	205.358871	-79.944763	167.334381	281.794067	-38.921093	292.982452	0.120324	-0.001671	0.110733	0.070801	-0.111491	0.097532	242.682800	-21.356754	-1317.435837	8.767994	2.100921	5.554280	8.773268	3.969532	6.165057
243	8,9-EET	0	metabolite	metabolite			139	-11.218476	19.682689	-41.889588	-4.080120	7.158525	-15.235096	113.161670	1339.792748	318.948779	-286.106971	918.905002	227.620468	113.161670	1339.792748	-1332.535970	-1.652302	-0.153135	0.609590	-1.330037	-0.123268	0.490695	-10.947704	-1.014631	4.038975	-13.241972	-1.227263	4.885408	-0.108111	-0.009255	0.038012	-0.102166	-0.008780	0.034413	346.190944	5164.088905	1262.985864	111.331077	1292.550289	307.114902	559.561427	919.087731	668.429838	632.435427	998.208425	742.424494	0.510261	0.890474	0.640455	0.506883	0.884579	0.636215	113.161670	1339.792748	-1332.535970	-2.445900	0.161604	9.999605	-2.717824	1.969702	9.719085
244	CSF2RA	7	transcript	protein		165		15.132261	-6.074269	13.495107	27.861723	-11.184026	24.847373	-530.688538	-138.035461	-318.948779	26.646231	-212.712891	-227.620468	-530.688538	-138.035461	-1105.029829	0.525319	0.292033	-0.175041	0.342502	0.371245	-0.153166	2.276673	2.238728	-2.832677	-4.866290	-0.948972	-0.594989	0.034057	-0.005009	0.020514	0.032547	-0.003938	0.021653	-2545.500977	-82.999413	-1262.985864	-556.626465	-132.935715	-307.114902	-331.385406	263.762939	-142.900406	-266.186890	67.420860	-327.908630	-0.206210	0.053711	-0.050205	-0.195826	0.039579	-0.067791	-530.688538	-138.035461	-1279.201165	2.213492	0.172901	5.916176	1.080864	2.802508	5.247046
245	LOX	0	transcript	protein		195		12.650525	-7.915408	-15.010347	23.292317	-14.573956	-27.637254	232.909344	1325.344735	-318.948779	142.806013	945.654145	-227.620468	232.909344	1325.344735	-1332.535970	1.330465	-1.009776	0.579110	1.070971	-0.812829	0.466161	8.815299	-6.690498	3.837026	10.662687	-8.092599	4.641137	0.084184	-0.064481	0.036048	0.077957	-0.060511	0.032572	809.665461	5108.168939	-1262.985864	226.371769	1278.670192	-307.114902	-1011.230752	-343.172901	643.618934	-1080.389156	-378.186918	715.370167	-0.991501	-0.316316	0.616735	-0.984938	-0.314222	0.612652	232.909344	1325.344735	-1332.535970	15.727408	-5.057708	9.813901	15.030981	-3.127693	9.537718
246	Taurine	2	metabolite	metabolite			952	-40.722913	-0.397329	24.687780	-14.810780	-0.144507	8.978859	368.168701	148.448837	318.948779	-104.946388	65.983269	227.620468	368.168701	148.448837	-1267.534215	-0.415010	-0.464411	0.269223	-0.252714	-0.449716	0.313628	-2.686314	-2.561826	2.250901	4.559862	2.036900	-2.699840	-0.012323	-0.001464	0.011904	-0.012886	-0.001591	0.008319	1549.117920	2001.703003	1262.985864	449.454773	118.006592	307.114902	90.205124	-206.841980	188.292130	11.532288	144.151764	366.345001	0.036438	-0.077586	0.121893	0.005761	-0.045659	0.180426	368.168701	148.448837	-1332.535970	10.415054	2.888134	7.301857	9.732072	4.010355	7.994149
247	CFHR1	11	protein	protein	632			-7.088660	14.770919	13.400405	-13.051736	27.196415	24.673006	55.533325	7.254736	-318.948779	-138.646423	161.762939	-227.620468	55.533325	7.254736	-975.026320	0.027660	-0.023522	0.048776	-0.029994	0.120190	-0.016911	-0.231040	-0.078724	-0.251438	-0.866156	-0.522344	0.622977	-0.007003	-0.004956	-0.011616	-0.004485	-0.007254	-0.029702	257.952118	181.768005	-1262.985864	-17.592009	61.953259	-307.114902	124.167160	13.272290	4.571930	239.261917	-64.311142	-105.865204	0.064319	-0.056208	0.018657	0.057037	-0.067871	-0.022542	55.533325	7.254736	-964.598836	7.792384	0.558370	6.734783	6.598956	3.070665	6.447266
248	1,2-Diacyl-sn-glycerol	5	metabolite	metabolite			912	30.438598	-27.342869	24.369228	11.070411	-9.944505	8.863002	18.145027	-33.815701	318.948779	146.327911	-129.260895	227.620468	18.145027	-33.815701	-1170.031583	-0.316185	-0.035641	-0.218173	-0.264794	-0.244446	-0.088305	-0.614436	0.234270	2.604250	2.737799	2.910905	-0.050534	-0.009124	-0.001505	-0.010916	-0.011326	-0.001086	-0.001937	-1187.709839	1624.016357	1262.985864	89.322563	-34.179230	307.114902	247.790497	-37.068558	-148.366226	247.207428	176.254379	103.592804	0.121648	0.010083	-0.080924	0.127996	0.035839	-0.041195	18.145027	-33.815701	-1283.182440	9.662958	-0.015817	4.934452	7.970144	2.618394	4.090793
249	NPHS2	3	transcript	protein		1375		7.104567	-17.086396	-10.275222	13.081024	-31.459703	-18.918877	916.177490	347.403687	-318.948779	218.420975	571.731323	-227.620468	916.177490	347.403687	-1235.033338	0.217743	-0.151017	1.706851	0.175274	-0.121562	1.373947	-0.909521	-1.000596	11.309130	-1.100125	-1.210287	13.679141	-0.010439	-0.009118	0.108751	-0.010677	-0.008652	0.100674	3883.796143	1121.889160	-1262.985864	930.095337	365.764801	-307.114902	51.187294	356.124207	-867.565369	104.652489	421.689331	-1010.492554	-0.522053	0.365253	-0.353738	-0.519050	0.383117	-0.346540	916.177490	347.403687	-1332.461085	8.947851	-3.571947	16.684964	6.297292	1.982307	16.248283
250	GQ1	1	metabolite	metabolite			1047	-3.992900	40.909922	24.050676	-1.452204	14.878795	8.747146	159.210403	-281.102173	318.948779	42.112785	-235.958557	227.620468	159.210403	-281.102173	-1300.035093	-0.485117	-0.532658	0.074623	-0.108101	-0.591842	-0.076262	-1.894531	-3.382428	2.387477	5.234395	1.444060	-0.913360	-0.006686	0.000087	0.000058	-0.008796	-0.000153	0.000130	-1201.934692	-2267.208984	1262.985864	254.431122	-315.382111	307.114902	-3.423043	-136.790298	-210.391693	-10.221894	213.136719	17.270428	-0.046357	-0.007352	-0.175632	-0.063923	0.088020	-0.103038	159.210403	-281.102173	-1332.535970	10.399922	-0.765895	6.785700	8.815763	0.438107	4.410479
251	GMP	6	metabolite	metabolite			1126	-24.800982	-33.010568	23.732124	-9.020030	-12.005827	8.631290	191.197876	-35.441738	318.948779	35.797157	-81.515358	227.620468	191.197876	-35.441738	-1137.530706	0.038232	-0.182073	-0.197254	-0.024444	-0.184555	0.220497	0.485098	-1.623772	-0.808177	1.665357	-0.130279	-2.658330	-0.009695	0.000577	0.008955	-0.014698	-0.001019	0.011604	301.337952	-1121.944824	1262.985864	307.459503	-136.762512	307.114902	8.726383	-176.827484	22.910749	-55.183800	-71.664581	301.822571	0.001656	-0.018036	0.028436	0.043357	-0.011346	0.118821	191.197876	-35.441738	-621.606509	6.647365	0.611387	7.549727	10.288552	3.405902	9.374585
252	HMGB1	3	protein	protein	41			-4.772983	-15.753632	13.305702	-8.788080	-29.005799	24.498638	35.737576	103.926575	-318.948779	-189.756683	174.183334	-227.620468	35.737576	103.926575	-1235.033338	0.007998	0.106456	0.247683	-0.048277	0.134728	-0.182298	-1.366639	0.229416	-1.603589	-1.250614	-2.069808	0.900730	-0.006272	-0.003217	-0.013985	-0.004263	-0.004134	-0.022541	227.643341	1202.410645	-1262.985864	-38.577549	121.688774	-307.114902	243.998962	38.130131	1.013382	295.412689	-6.320852	-174.531158	0.137893	-0.032784	0.003067	0.095531	-0.018120	-0.082626	35.737576	103.926575	-1301.694945	6.953485	1.024298	6.341288	7.023990	3.408654	7.038389
253	L-Asparaginyl-tRNA(Asn)	0	metabolite	metabolite			348	-4.890459	-21.507124	-42.208140	-1.778643	-7.822065	-15.350952	-282.936016	1310.109330	318.948779	-488.254478	831.707079	227.620468	-282.936016	1310.109330	-1332.535970	-0.300786	1.653386	0.548631	-0.242121	1.330910	0.441626	-1.992926	10.954884	3.635078	-2.410576	13.250657	4.396867	-0.020980	0.107209	0.034083	-0.020551	0.100312	0.030732	-1186.875855	5049.201431	1262.985864	-269.196996	1264.033653	307.114902	1027.048443	-474.898205	618.808031	1142.193027	-521.822940	688.315840	0.957204	-0.442252	0.593014	0.950867	-0.439325	0.589088	-282.936016	1310.109330	-1332.535970	5.788575	11.168316	9.628196	5.324305	12.719312	9.356352
254	CD300E	0	transcript	protein		207		-3.955745	14.289491	-15.105050	-7.283371	26.310002	-27.811621	123.621081	1338.967503	-318.948779	73.318634	954.693489	-227.620468	123.621081	1338.967503	-1332.535970	-0.900194	-1.430498	0.518151	-0.724620	-1.151494	0.417091	-5.964437	-9.478087	3.433129	-7.214381	-11.464373	4.152596	-0.059623	-0.091605	0.032118	-0.056748	-0.085917	0.028891	386.673319	5160.894855	-1262.985864	121.379354	1291.757483	-307.114902	-405.187784	1017.615535	593.997127	-419.547253	1105.645199	661.261513	-0.412092	0.984672	0.569294	-0.409364	0.978153	0.565525	123.621081	1338.967503	-1332.535970	2.136524	-7.621070	9.442492	1.757561	-5.631179	9.174985
255	CERK	4	bridge	protein				21.775529	2.929867	22.918164	17.819287	2.397560	18.754325	-65.320312	55.937778	0.000000	45.895325	-0.894411	0.000000	-65.320312	55.937778	-1202.532461	-0.455504	0.275487	-0.028306	-0.053535	-0.146474	-0.560090	-1.817016	2.297856	2.120123	2.388295	-1.206196	5.021979	-0.006768	-0.001374	-0.015267	-0.005740	-0.000321	-0.011261	-1105.688354	1484.674316	0.000000	-54.346954	185.750839	0.000000	300.858246	50.844627	-181.448257	354.434814	-108.559525	-220.850403	0.169674	-0.011006	-0.125725	0.106908	-0.080115	-0.187024	-65.320312	55.937778	-1283.416226	9.038260	0.535728	4.914898	8.247725	2.971127	4.588039
256	Arachidonic acid	15	metabolite	metabolite			449	40.764169	7.621493	23.413572	14.825785	2.771910	8.515434	81.477028	-169.863007	318.948779	-269.295227	135.230026	227.620468	81.477028	-169.863007	-845.022810	-0.474106	0.061090	0.201137	-0.430606	-0.287651	-0.052422	-3.174856	0.377031	0.419488	3.865785	1.951160	1.833113	-0.008761	-0.000737	-0.015024	-0.007992	-0.000003	-0.005780	-809.790222	-2990.219482	1262.985864	143.118744	-312.228027	307.114902	422.864227	-41.416233	18.933319	448.886078	-58.207706	252.274597	0.221344	0.064888	0.004073	0.225800	0.028547	-0.062160	81.477028	-169.863007	-911.282270	7.228712	-0.342499	3.613476	7.899247	4.750826	4.019374
257	CFP	7	protein	protein	156			14.226344	8.430933	13.211000	26.193735	15.523147	24.324271	-331.820435	-162.425842	-318.948779	33.639332	-37.422302	-227.620468	-331.820435	-162.425842	-1105.029829	0.290989	0.246119	-0.016522	0.132615	0.317605	-0.003325	1.544405	1.688820	-0.965616	-3.183861	-0.223820	0.222502	0.025895	-0.024911	-0.009599	0.025270	-0.024913	-0.006421	-1171.022339	-621.160828	-1262.985864	-342.867981	-125.504852	-307.114902	-178.663086	246.768005	-10.490531	-81.811630	23.900852	-192.606964	-0.106022	-0.038709	-0.003858	-0.112337	-0.061523	-0.032113	-331.820435	-162.425842	-1035.508688	2.962201	-0.274779	4.474375	2.402998	2.475906	4.759265
258	RNPEPL1	2	transcript	protein		1403		-16.258690	3.408482	13.116297	-29.935719	6.275742	24.149903	-162.586502	159.705673	-318.948779	-144.027420	80.612335	-227.620468	-162.586502	159.705673	-1267.534215	-0.242065	0.526081	-0.287229	-0.143320	0.496720	-0.224442	-2.085482	3.457970	-2.329467	-3.614737	-1.998526	3.408464	-0.003643	-0.001342	-0.008302	-0.003036	-0.002309	-0.013200	-3693.575439	196.671387	-1262.985864	-232.506149	142.842407	-307.114902	257.166199	-192.724411	-25.614628	214.666473	-250.609848	-98.997719	-0.044885	-0.227413	-0.064510	-0.034799	-0.250482	-0.032366	-162.586502	159.705673	-1313.222067	6.918538	-0.447191	6.268948	7.184684	1.844073	7.122095
259	DYNLT1	1	bridge	protein				-18.388984	12.794576	22.497647	-15.048019	10.470020	18.410209	-33.653419	243.543182	0.000000	-17.142570	-81.942307	0.000000	-33.653419	243.543182	-1300.035093	-0.492558	0.569195	0.507800	-0.156775	-0.005040	-0.823209	-1.378037	2.904401	5.248519	0.586041	4.570955	6.971097	-0.004625	-0.000008	-0.009573	-0.004631	0.000407	-0.009425	417.037872	2919.837646	0.000000	-96.480324	392.958771	0.000000	375.556274	189.733765	-63.371044	583.984558	-98.261566	-57.277328	0.323140	0.016352	-0.053697	0.334450	-0.145282	-0.034870	-33.653419	243.543182	-1332.535970	9.770164	1.066399	4.851973	8.990947	2.824090	4.566765
260	Acetoacetate	4	metabolite	metabolite			782	-35.357794	22.010145	23.095020	-12.859505	8.005012	8.399577	434.189941	-60.436821	318.948779	26.357485	88.433167	227.620468	434.189941	-60.436821	-1202.532461	-0.047875	-0.250099	0.209033	0.007601	-0.292832	0.012086	0.246316	-1.393798	1.642836	2.566863	1.504100	-1.389689	-0.011868	-0.001130	0.012527	-0.016323	-0.001959	0.014079	2259.214111	-1160.756348	1262.985864	523.782288	-16.393064	307.114902	-6.920977	-114.221886	239.571930	-68.215271	102.993164	435.154602	0.035134	0.020559	0.140551	0.002370	0.085730	0.172861	434.189941	-60.436821	-1278.169357	13.444749	3.138517	7.024833	12.234677	3.171326	5.946216
261	RRP1	1	bridge	protein				18.332425	-25.542635	-4.415426	15.001737	-20.901975	-3.613219	118.632248	175.589386	0.000000	-34.312157	-228.273087	0.000000	118.632248	175.589386	-1300.035093	0.185669	0.064574	0.513414	-0.436213	0.507285	0.181726	-2.624170	0.850806	-2.673120	-2.474477	-2.671419	6.050965	-0.005664	-0.001632	-0.009513	-0.004590	-0.001157	-0.013671	688.179016	1104.727783	0.000000	90.929901	59.477974	0.000000	249.533737	86.323532	68.990524	367.013763	143.052597	-146.096222	0.158300	0.070852	0.057057	0.122841	0.115288	-0.056132	118.632248	175.589386	-1332.535970	7.497189	1.368197	5.960108	8.030140	3.748740	6.926885
262	PTGES2	6	bridge	protein				5.007833	-22.260322	22.077130	4.097996	-18.216002	18.066093	161.863983	-30.535549	0.000000	11.392596	-76.872612	0.000000	161.863983	-30.535549	-1137.530706	-0.246654	0.025670	0.512337	-0.308653	-0.043830	-0.514306	-2.840597	1.082954	1.839277	1.208254	3.067619	4.840141	-0.008037	-0.000768	-0.007680	-0.006024	-0.000165	-0.011791	-229.116119	9.226309	0.000000	27.567337	111.812927	0.000000	252.449631	88.359146	127.018486	417.893280	-168.823105	8.693830	0.156081	0.011925	0.012048	0.154749	-0.114407	-0.068487	161.863983	-30.535549	-1241.179779	9.909437	1.667324	5.277362	9.752889	3.442221	5.410806
263	5,6-EET	1	metabolite	metabolite			762	11.251190	-40.282046	22.776468	4.092018	-14.650438	8.283721	73.736626	-199.391891	318.948779	-279.208588	141.070892	227.620468	73.736626	-199.391891	-1300.035093	-0.642105	0.037509	0.335180	-0.524234	-0.338264	-0.109677	-4.635427	0.581486	0.392066	4.945255	2.588422	2.404695	-0.006491	-0.000190	-0.011249	-0.006397	0.000237	-0.005296	-874.857239	-3063.701416	1262.985864	135.236160	-336.301453	307.114902	456.900177	-41.621471	21.368626	468.370850	-60.586761	263.006439	0.280434	0.086295	0.012072	0.275806	0.045675	-0.082187	73.736626	-199.391891	-1332.535970	7.220137	-0.366115	3.584301	7.900095	4.748692	3.897739
264	Thromboxane A2	0	metabolite	metabolite			432	17.623656	12.201936	-42.526692	6.409662	4.437801	-15.466808	-652.686852	1164.992820	318.948779	-664.843847	700.241164	227.620468	-652.686852	1164.992820	-1332.535970	1.638785	0.449123	0.487672	1.319157	0.361526	0.392556	10.858145	2.975767	3.231180	13.133644	3.599387	3.908326	0.104061	0.029572	0.030153	0.096576	0.027589	0.027051	-2617.969120	4487.538713	1262.985864	-624.413849	1124.621311	307.114902	-356.393107	-1075.038744	569.186224	-366.340518	-1176.228711	634.207186	-0.365441	-1.016019	0.545573	-0.363022	-1.009293	0.541961	-652.686852	1164.992820	-1332.535970	17.605932	3.831023	9.256787	16.865625	5.553409	8.993618
265	SYT6	2	bridge	protein				-3.083511	31.592627	0.630775	-2.523290	25.852787	0.516174	145.418839	98.064369	0.000000	164.750427	-94.727165	0.000000	145.418839	98.064369	-1267.534215	-0.348507	-0.079201	0.529374	-0.625253	0.059358	0.160880	-3.434218	0.091981	2.423405	2.689847	2.146202	5.427119	-0.007509	-0.001300	-0.009281	-0.005976	-0.000472	-0.010171	267.011993	2019.591919	0.000000	126.099915	-24.974165	0.000000	275.371796	-8.561352	124.976723	338.791687	-19.559984	215.668854	0.167912	-0.038623	0.081500	0.142579	-0.129592	0.067765	145.418839	98.064369	-1324.530059	8.504578	2.379931	6.320368	8.626186	3.645491	6.386558
266	MORF4L2	0	transcript	protein		300		-6.691459	-13.122191	-15.199752	-12.320403	-24.160755	-27.985989	13.581132	1343.518789	-318.948779	3.353435	958.576329	-227.620468	13.581132	1343.518789	-1332.535970	-1.519288	0.779674	0.457192	-1.222967	0.627606	0.368022	-10.066390	5.165905	3.029231	-12.175964	6.248504	3.664056	-0.099535	0.050882	0.028188	-0.094134	0.047550	0.025210	-39.228162	5178.510270	-1262.985864	15.664802	1296.129869	-307.114902	1036.352582	518.776848	544.375321	1152.338454	561.701081	607.152859	0.966099	0.507755	0.521853	0.959704	0.504393	0.518398	13.581132	1343.518789	-1332.535970	-1.635477	5.844990	9.071083	-1.926331	7.520333	8.812252
267	PRODH2	2	transcript	protein		348		6.284988	17.348302	-10.369925	11.572005	31.941927	-19.093245	913.853760	341.032959	-318.948779	217.316681	564.681580	-227.620468	913.853760	341.032959	-1267.534215	-0.137271	-0.765919	1.706851	-0.110498	-0.616534	1.373947	-0.909520	-5.074771	11.309130	-1.100125	-6.138271	13.679141	-0.010439	-0.048760	0.108751	-0.010677	-0.045785	0.100674	3912.202148	1081.595825	-1262.985864	923.457336	367.309753	-307.114902	53.414543	353.738159	-861.503235	104.204597	416.152435	-1006.617615	-0.552026	0.381994	-0.378653	-0.551964	0.402583	-0.363678	913.853760	341.032959	-1332.519329	6.784833	0.174510	16.684964	9.466031	0.152835	16.248283
268	Aceneuramate	1	metabolite	metabolite			800	18.991596	37.456125	22.457916	6.907177	13.622661	8.167865	340.756683	-70.570740	318.948779	-54.442478	-71.108963	227.620468	340.756683	-70.570740	-1300.035093	-0.250393	-0.480346	0.065164	-0.087485	-0.484223	0.048299	-1.518501	-2.593688	0.825890	3.951988	0.040738	-0.891995	-0.010254	-0.001000	0.010430	-0.013600	-0.001571	0.010708	2072.674561	-347.774811	1262.985864	414.194763	-164.865417	307.114902	-67.595428	-103.876854	91.393532	-92.422173	145.339661	264.454712	-0.036427	0.098382	0.068960	0.006931	0.153156	0.116935	340.756683	-70.570740	-1332.535970	9.901110	1.416625	8.687712	10.635787	1.575760	7.173475
269	Hydroxyproline	2	metabolite	metabolite			818	-39.463049	-14.849792	22.139364	-14.352572	-5.400817	8.052009	453.634705	-1.706836	318.948779	39.378979	143.936234	227.620468	453.634705	-1.706836	-1267.534215	0.049545	-0.355820	0.322707	0.135699	-0.373836	0.020073	0.889532	-2.239694	1.400759	2.591373	0.924272	-2.414821	-0.010901	-0.000890	0.011321	-0.014307	-0.001607	0.010892	2932.936523	294.241486	1262.985864	549.445496	-16.393091	307.114902	-7.373769	-67.414200	290.465240	-58.164036	99.908882	462.366699	0.049273	0.069353	0.177645	0.060170	0.102310	0.206688	453.634705	-1.706836	-1325.881002	13.216304	2.982937	6.527828	11.291913	4.023817	6.471051
270	FFAR2	1	protein	protein	21			9.729600	-13.556288	13.021595	17.914271	-24.960020	23.975536	-94.318176	-39.788715	-318.948779	-223.055069	82.388222	-227.620468	-94.318176	-39.788715	-1300.035093	0.321778	0.079137	0.583372	0.183151	0.123754	-0.466578	-2.726198	2.268033	-3.410044	-2.643720	4.104590	1.846405	-0.003693	-0.000905	-0.005928	-0.003560	-0.001907	-0.011626	1507.204712	-2034.061890	-1262.985864	-100.522873	-22.790674	-307.114902	151.756729	-93.021614	-185.120071	196.929352	-149.420227	-156.874954	0.152676	-0.126326	-0.163639	0.165032	-0.179098	0.010365	-94.318176	-39.788715	-1332.535970	8.269859	-0.340751	6.197001	6.974052	2.054518	5.724327
271	Procollagen trans-4-hydroxy-L-proline	2	metabolite	metabolite			418	39.283519	-15.768871	21.820812	14.287278	-5.735083	7.936153	549.931213	-22.508961	318.948779	105.523849	123.361855	227.620468	549.931213	-22.508961	-1267.534215	0.218447	-0.375758	0.196412	0.125283	-0.432139	0.114416	1.373597	-2.392586	0.837450	2.406033	0.996951	-2.964909	-0.010238	-0.000622	0.012866	-0.013941	-0.001391	0.011981	2998.476807	-1241.301758	1262.985864	615.229797	13.259479	307.114902	-81.759445	-144.428894	327.381714	-159.915161	88.524811	512.221558	-0.019238	0.047293	0.239535	-0.006347	0.099377	0.275778	549.931213	-22.508961	-1332.535970	11.535189	3.799062	6.636487	11.344899	4.346997	6.422626
272	Phosphatidylethanolamine	3	metabolite	metabolite			698	-18.385119	38.309793	21.502260	-6.686603	13.933137	7.820296	85.613693	-61.462799	318.948779	86.543953	-90.360870	227.620468	85.613693	-61.462799	-1235.033338	-0.365077	-0.036272	-0.076112	-0.305538	-0.215945	0.015959	-1.679779	0.255561	1.719140	2.752808	2.882370	-0.180352	-0.009733	-0.001646	-0.008334	-0.012199	-0.001447	0.001862	-668.965881	729.955200	1262.985864	177.070847	-55.901306	307.114902	254.276230	-79.604286	-61.403927	198.484894	125.993942	175.109024	0.124698	0.009077	-0.026493	0.115855	0.041658	0.008040	85.613693	-61.462799	-1318.375045	9.799472	-0.156243	4.990042	7.903593	3.057716	4.035456
273	IDP	6	metabolite	metabolite			918	-12.367585	-40.820257	21.183708	-4.498047	-14.846184	7.704440	300.098572	-77.804497	318.948779	9.895103	-35.118217	227.620468	300.098572	-77.804497	-1137.530706	-0.119262	-0.183772	0.031250	-0.056450	-0.276754	-0.022429	-0.243119	-1.120154	1.616190	2.907818	0.935656	-0.681524	-0.012776	-0.001605	0.010799	-0.017521	-0.002354	0.014186	1275.393921	-991.728149	1262.985864	412.658325	-115.405731	307.114902	-2.584877	-111.644768	74.763138	-48.543365	78.467300	294.299957	0.026603	0.032225	0.050087	0.042476	0.079657	0.104133	300.098572	-77.804497	-1201.330504	9.996838	0.436847	7.786020	8.780500	1.345871	5.471454
274	CERS4	7	protein	protein	70			1.991567	16.641187	12.926892	3.666900	30.639978	23.801168	-26.662910	6.573231	-318.948779	-51.632526	212.316620	-227.620468	-26.662910	6.573231	-1105.029829	-0.120251	0.125560	-0.076756	-0.070738	0.174875	-0.034853	-0.312432	1.012332	0.550012	-1.131677	0.661840	1.302003	-0.007575	-0.002969	-0.015023	-0.005355	-0.004705	-0.021981	-756.275818	1418.627686	-1262.985864	-45.366798	68.321800	-307.114902	224.694611	21.602196	-124.396950	273.190704	26.418369	-67.768661	0.105645	-0.025431	-0.072174	0.101184	-0.053547	-0.059459	-26.662910	6.573231	-933.395674	9.627990	0.126039	4.830715	7.979220	2.487191	4.172465
275	GJB1	1	protein,transcript	protein	100	129		-12.764549	-10.972748	12.832190	-23.502259	-20.203171	23.626800	-106.263466	6.407380	-318.948779	-105.097023	109.095818	-227.620468	-106.263466	6.407380	-1300.035093	0.032946	0.501971	0.024962	0.009874	0.339574	-0.279239	-0.804079	2.980705	-1.432939	-2.896988	-0.384641	2.603646	-0.002423	-0.003742	-0.011539	-0.001904	-0.004862	-0.018487	-183.435898	353.698120	-1262.985864	-131.515610	102.965248	-307.114902	161.272614	44.994530	-90.952560	240.743164	-62.534519	-193.118393	0.019183	-0.127719	-0.081826	0.009550	-0.149141	-0.090468	-106.263466	6.407380	-1332.535970	7.174483	-0.365185	5.932333	6.821323	2.087530	6.349503
276	STAB1	3	transcript	protein		347		16.895906	-0.533632	12.737487	31.108970	-0.982530	23.452433	-586.916992	-143.250519	-318.948779	-19.578907	-264.967407	-227.620468	-586.916992	-143.250519	-1235.033338	0.671538	0.293443	-0.148764	0.399412	0.329860	-0.284858	1.628382	2.144330	-4.228137	-5.126107	-2.396017	-0.685228	0.021454	0.004726	0.022896	0.019928	0.005489	0.019405	-2842.833496	174.246536	-1262.985864	-620.322449	-146.949539	-307.114902	-359.606049	248.275238	-199.315826	-262.566986	45.397045	-381.755371	-0.247190	0.108027	-0.088687	-0.223822	0.099535	-0.105278	-586.916992	-143.250519	-1295.443008	2.197538	0.093633	6.436988	0.877197	2.847571	5.596836
277	L-Serine	8	metabolite	metabolite			906	36.827994	21.825310	20.865156	13.394212	7.937788	7.588584	404.473755	39.631977	318.948779	-62.127399	5.229033	227.620468	404.473755	39.631977	-1072.528951	-0.184691	-0.416615	-0.010666	-0.157452	-0.411116	0.104194	-0.918901	-2.226984	1.383051	3.709991	0.665215	-0.974818	-0.016380	-0.002129	0.022039	-0.022065	-0.003249	0.023640	2308.830566	438.985596	1262.985864	454.875519	-51.371891	307.114902	-56.253967	-159.142670	142.660904	-113.609077	146.199371	327.009003	-0.032231	0.017887	0.096065	-0.010950	0.076943	0.136870	404.473755	39.631977	-1327.029022	10.774536	2.139371	8.329671	10.446599	1.844576	8.334217
278	UBE2I	6	protein	protein	63			-12.148826	11.856054	12.642785	-22.368582	21.829526	23.278065	63.570614	125.287926	-318.948779	-168.203156	239.757324	-227.620468	63.570614	125.287926	-1137.530706	-0.251425	0.203500	0.107492	-0.277273	0.191568	-0.119869	-2.342121	0.764134	-1.087466	-0.393301	-2.281969	2.693961	-0.007695	-0.002312	-0.013561	-0.006352	-0.003839	-0.025862	454.539124	1261.114746	-1262.985864	72.147324	196.151871	-307.114902	252.736557	-18.279005	20.680511	362.135925	-87.467308	-52.244984	0.102397	-0.060129	-0.023274	0.068128	-0.100224	-0.065523	63.570614	125.287926	-1262.695402	7.145713	1.106129	6.764721	7.337340	3.186581	7.073777
279	LINC02582	4	bridge	protein				11.542642	20.143449	21.656613	9.445541	16.483728	17.721977	88.732132	171.969284	0.000000	-107.167152	-104.723457	0.000000	88.732132	171.969284	-1202.532461	-0.191632	0.079034	-0.278142	0.240055	0.013097	-0.499730	-2.257179	0.027049	-1.880500	-0.986301	-5.791280	1.748999	-0.006823	-0.001990	-0.010715	-0.005207	-0.001064	-0.013961	605.986267	1343.872681	0.000000	88.358055	381.694214	0.000000	161.476364	-14.792612	-59.526382	210.528625	-96.757904	-237.879517	0.092597	0.008581	-0.060887	0.071252	0.015462	-0.143980	88.732132	171.969284	-1285.568130	7.534073	1.924376	6.537841	7.248233	4.162365	6.595745
280	DOK2	1	transcript	protein		30		0.953439	-17.018713	12.548082	1.755485	-31.335083	23.103698	-472.721802	126.064476	-318.948779	225.424500	57.631020	-227.620468	-472.721802	126.064476	-1300.035093	0.140927	0.693016	-0.477805	0.230756	0.506034	0.443649	4.265653	3.119785	2.618704	-5.776328	4.067289	-0.659140	0.005214	0.029013	-0.023550	0.003532	0.028623	-0.018695	-1677.402832	1108.358887	-1262.985864	-481.128510	123.706245	-307.114902	-462.795288	7.261208	-158.549622	-417.114441	-174.356552	-271.580322	-0.328900	0.056337	-0.098621	-0.337905	0.051982	-0.113680	-472.721802	126.064476	-1332.535970	-0.282627	0.655976	5.472301	-0.003053	1.471204	4.202936
281	DKK4	2	protein	protein	1203			10.836826	13.246755	12.453380	19.952911	24.390104	22.929330	-140.557556	92.070961	-318.948779	-128.971100	91.814064	-227.620468	-140.557556	92.070961	-1267.534215	-0.014506	0.473725	-0.098286	-0.061310	0.387494	-0.197880	-0.906136	2.924010	-1.443982	-2.865875	-0.741908	2.506357	-0.003052	-0.002965	-0.011050	-0.002474	-0.004099	-0.017626	-3531.824219	202.157791	-1262.985864	-182.953125	130.169312	-307.114902	217.843781	-95.869621	-57.892181	228.576599	-166.268265	-161.710449	-0.011013	-0.162639	-0.062431	-0.008801	-0.186280	-0.050788	-140.557556	92.070961	-1286.659729	7.075801	-0.404348	6.058873	6.935417	1.969362	6.592603
282	SREBF2	4	bridge	protein				-8.805586	16.174979	-25.861781	-7.205762	13.236261	-21.163137	-22.100882	51.991627	0.000000	-781.256176	567.887165	0.000000	-22.100882	51.991627	-1202.532461	-0.175207	0.216554	-0.150029	-0.084404	0.385441	-0.475453	-1.823954	1.100893	-1.541780	-2.853110	-4.930821	2.449765	-0.005690	-0.000751	-0.011907	-0.003069	-0.000149	-0.012072	98.754807	1400.620850	0.000000	-137.266525	86.466591	0.000000	204.735825	8.983320	-76.305298	236.361343	38.926464	-197.844620	0.090327	0.009444	-0.054372	0.075547	0.013765	-0.089237	-22.100882	51.991627	-1200.379342	6.122423	1.097496	6.280056	7.227788	3.864380	4.999957
283	L-2-Aminoadipate	3	metabolite	metabolite			905	-42.049129	8.815205	20.546604	-15.293120	3.206059	7.472728	468.664703	-85.595200	318.948779	97.371010	26.303839	227.620468	468.664703	-85.595200	-1235.033338	0.158773	-0.370276	-0.016434	0.051869	-0.306079	0.201851	0.821505	-2.449212	-0.085397	2.387219	0.094782	-2.761204	-0.011742	-0.000911	0.015051	-0.015882	-0.001750	0.014471	1649.743286	-698.692932	1262.985864	549.341553	-87.397713	307.114902	-98.724602	-212.933014	223.323975	-172.670471	38.013371	431.641235	-0.006407	-0.013332	0.194569	0.036415	0.053488	0.238877	468.664703	-85.595200	-1328.539524	12.223866	1.860937	8.129529	11.261991	3.058366	9.380908
284	[eIF5A-precursor]-lysine	2	metabolite	metabolite			1157	25.139119	-35.026427	20.228052	9.143009	-12.738988	7.356871	242.323944	378.256592	318.948779	-276.630310	-62.164005	227.620468	242.323944	378.256592	-1267.534215	-0.134741	-0.568248	-0.578930	0.196452	-0.692313	0.302238	-0.605703	-4.920572	-2.759789	4.720444	-0.088369	-5.719838	-0.006471	0.000272	-0.000518	-0.007939	0.000210	-0.001374	2066.058105	3037.034180	1262.985864	431.741089	392.035126	307.114902	-4.461988	-315.159454	-94.292618	-274.612488	-153.754059	185.692032	-0.124124	-0.167454	-0.128620	-0.204894	-0.136683	-0.018221	242.323944	378.256592	-1332.535970	6.796008	3.233999	8.859767	8.088604	3.090552	8.098177
285	11,12-EET	1	metabolite	metabolite			143	5.140797	42.955605	19.909500	1.869690	15.622803	7.241015	81.857651	-196.525116	318.948779	-277.196655	148.905655	227.620468	81.857651	-196.525116	-1300.035093	-0.675364	0.031404	0.267101	-0.541714	-0.322561	-0.052715	-4.656286	0.509166	0.215880	5.006901	2.427417	2.449413	-0.006491	-0.000190	-0.011249	-0.006397	0.000237	-0.005296	-855.804504	-3039.121094	1262.985864	138.548065	-333.182678	307.114902	452.838257	-40.510372	25.092758	464.951935	-61.891960	267.022797	0.271487	0.101947	0.011548	0.275654	0.051497	-0.074275	81.857651	-196.525116	-1332.535970	7.219323	-0.387127	3.609296	7.894913	4.844037	3.970377
286	Kynurenic acid	4	metabolite	metabolite			205	-32.916854	-28.296209	19.590948	-11.971744	-10.291232	7.125159	459.814209	-18.626205	318.948779	105.373100	44.457470	227.620468	459.814209	-18.626205	-1202.532461	0.080741	-0.388527	0.027082	0.064926	-0.292691	0.164805	0.623714	-2.316606	0.121878	2.498121	0.051264	-2.519719	-0.013498	-0.001290	0.017941	-0.016247	-0.001814	0.014600	2882.752197	-434.923889	1262.985864	547.981445	-43.263268	307.114902	-102.556076	-179.976974	214.423660	-156.443451	16.487722	439.190887	-0.020595	0.016912	0.159356	-0.002080	0.050296	0.220826	459.814209	-18.626205	-1332.535970	11.659366	2.152555	9.195870	11.384046	2.629816	8.504433
287	2-(Formamido)-N1-(5'-phosphoribosyl)acetamidine	2	metabolite	metabolite			266	43.527977	-1.374766	19.272396	15.830972	-0.499997	7.009303	468.765320	-128.900696	318.948779	104.926468	-57.170273	227.620468	468.765320	-128.900696	-1267.534215	0.050954	-0.515385	-0.126182	0.025175	-0.397761	0.265683	0.255186	-3.083493	-0.621101	2.935967	-0.646179	-2.880040	-0.008678	-0.000317	0.009626	-0.011845	-0.000963	0.008672	-2399.444580	-1139.645020	1262.985864	533.807983	-167.412903	307.114902	-148.591431	-271.873688	168.847305	-213.232605	-11.806409	404.907806	-0.019013	-0.081473	0.207722	0.025223	-0.010714	0.258414	468.765320	-128.900696	-1295.443008	12.149664	1.582645	7.801671	10.977801	3.369675	9.660720
288	ATF1	2	bridge	protein				-22.484926	-7.173305	21.236097	-18.399799	-5.870038	17.377861	60.273956	286.094452	0.000000	-60.465717	-80.108223	0.000000	60.273956	286.094452	-1267.534215	-0.056217	0.054411	-0.606205	0.418689	-0.193613	-0.410512	-0.990255	-0.843876	-4.312605	-0.615667	-5.881185	-2.117401	-0.004926	-0.000409	-0.007916	-0.005241	-0.000096	-0.010592	-31.725080	2438.517822	0.000000	78.150581	444.259094	0.000000	190.322464	-96.749092	-172.655792	184.823578	-167.767014	-272.758301	0.086828	-0.017769	-0.177816	0.051550	0.028318	-0.210595	60.273956	286.094452	-1320.535578	6.642066	2.006193	5.922170	7.264622	4.309875	7.237871
289	Glucosylceramide	3	metabolite	metabolite			219	-31.267431	30.513924	18.953844	-11.371855	11.097807	6.893446	4.697753	-123.290016	318.948779	165.946854	-218.275131	227.620468	4.697753	-123.290016	-1235.033338	-0.506146	0.008869	-0.222037	-0.225217	-0.349761	-0.280071	-0.145235	0.963241	3.533807	2.885779	3.870109	0.442117	-0.007786	-0.000667	-0.010314	-0.008265	-0.000077	-0.005629	-537.105896	-1583.129517	1262.985864	46.054554	-149.295776	307.114902	171.957016	-21.549093	-236.084549	211.165512	227.220276	-32.742485	0.086213	0.011094	-0.165822	0.079017	0.046290	-0.133168	4.697753	-123.290016	-1292.617589	9.561090	-0.044699	5.486911	8.420338	2.244411	4.237480
290	D-Alanine	2	metabolite	metabolite			1191	2.451424	-43.757473	18.635292	0.891574	-15.914439	6.777590	343.457916	9.679786	318.948779	-45.142574	-25.154419	227.620468	343.457916	9.679786	-1267.534215	-0.244444	-0.365083	-0.095119	-0.200232	-0.377782	0.093502	-1.175886	-2.151605	1.283929	3.758905	0.397933	-0.869713	-0.013051	-0.001524	0.014927	-0.017598	-0.002344	0.016531	2185.193359	-18.486055	1262.985864	418.125214	-91.463058	307.114902	-26.442827	-156.653183	111.872215	-93.539253	106.894836	299.644501	-0.040756	0.024878	0.070664	-0.019931	0.080367	0.121255	343.457916	9.679786	-1332.535970	10.240310	1.986762	8.570381	10.336586	1.734980	7.641926
291	TMPRSS11E	6	bridge	protein				-19.070174	-25.382755	0.210258	-15.605449	-20.771142	0.172058	183.411575	20.099726	0.000000	94.631905	-112.234978	0.000000	183.411575	20.099726	-1137.530706	-0.368845	-0.126753	0.289935	-0.537656	-0.036376	0.114820	-2.929828	-0.467362	0.660865	2.878238	1.249370	4.275544	-0.009926	-0.001663	-0.006854	-0.007290	-0.000623	-0.009869	525.516174	1609.836060	0.000000	155.004166	-60.068363	0.000000	254.501205	-75.460487	97.966484	331.230835	4.675572	230.175812	0.125929	-0.011154	0.047268	0.117827	-0.087973	0.040764	183.411575	20.099726	-1235.886282	8.621837	2.171764	5.975185	8.655597	3.910089	6.188990
292	INHA	1	transcript	protein		27		14.397114	11.096980	-10.843437	26.508160	20.431910	-19.965082	369.703308	793.603943	-318.948779	176.180664	-613.207275	-227.620468	369.703308	793.603943	-1300.035093	0.341448	0.735226	1.676372	0.274852	0.591828	1.349412	4.182925	2.950823	11.107182	5.059525	3.569215	13.434871	0.039111	0.029329	0.106786	0.035737	0.027362	0.098834	2471.070801	2902.463379	-1262.985864	444.928833	826.697021	-307.114902	787.313232	162.370346	-649.783081	891.381104	206.863220	-706.864441	0.630887	0.256089	-0.570406	0.617901	0.274048	-0.553794	369.703308	793.603943	-1332.535970	9.701556	2.041988	16.499260	10.870728	5.531006	16.066916
293	ACOT2	6	bridge	protein				31.207557	5.834737	-0.210258	25.537678	4.774665	-0.172058	78.099304	-132.958664	0.000000	152.569305	-119.116287	0.000000	78.099304	-132.958664	-1137.530706	-0.560661	0.132741	0.136308	-0.632833	-0.007605	0.173212	-4.046391	0.862388	-0.140035	3.078925	3.850327	4.077893	-0.009000	-0.001529	-0.015629	-0.006507	-0.000505	-0.008675	-891.690918	-2821.568115	0.000000	76.627411	-186.633591	0.000000	381.271362	-59.945923	20.841492	440.024933	36.777344	212.246155	0.206219	0.021829	0.022086	0.219392	-0.027779	-0.004710	78.099304	-132.958664	-1292.734444	7.029275	-0.561348	3.786382	7.761657	4.591288	3.818918
294	3'-Phosphoadenylyl sulfate	1	metabolite	metabolite			367	-27.659246	-2.227382	-38.704068	-10.059571	-0.810091	-14.076533	-347.398376	975.401917	318.948779	-510.597015	77.070656	227.620468	-347.398376	975.401917	-1300.035093	0.514982	0.988375	1.432536	0.414540	0.795602	1.153134	3.412130	6.548703	9.491592	4.127196	7.921089	11.480708	0.031611	0.064337	0.091067	0.028712	0.060153	0.084109	-1689.326416	4035.802246	1262.985864	-388.111542	1053.185425	307.114902	-911.400269	194.097473	-387.720764	-927.129028	179.039413	-455.143799	-0.789542	0.246180	-0.067175	-0.790605	0.268077	-0.051672	-347.398376	975.401917	-1332.535970	10.758859	7.116559	15.013624	7.739193	8.762199	14.615984
295	Thiamin diphosphate	3	metabolite	metabolite			351	27.835048	34.025096	18.316740	10.123509	12.374808	6.661734	552.889160	-42.094837	318.948779	94.313080	119.950951	227.620468	552.889160	-42.094837	-1235.033338	0.126119	-0.483681	0.190604	0.096724	-0.443822	0.141713	1.205861	-2.447598	1.201873	2.531613	1.039776	-2.859099	-0.011167	-0.000757	0.014766	-0.015241	-0.001618	0.013930	2930.013916	-1039.171021	1262.985864	618.670349	21.166328	307.114902	-88.742317	-160.029556	321.545746	-176.937805	109.452454	491.915100	-0.036509	0.040199	0.224415	-0.031043	0.103997	0.251971	552.889160	-42.094837	-1332.511008	11.485487	3.905634	6.507459	11.401786	4.500314	6.625121
296	Alkyl thiol	1	metabolite	metabolite			688	-20.599347	2.819932	-42.845244	-7.491910	1.025599	-15.582664	432.653625	-9.945084	318.948779	-806.355101	531.594619	227.620468	432.653625	-9.945084	-1300.035093	-0.067002	-0.605528	0.066648	0.343846	-0.788661	-0.237411	-0.008008	-3.507056	1.188457	8.279220	-2.366658	-2.301087	-0.010461	-0.000856	0.012694	-0.005915	-0.000028	0.000803	2827.571289	-283.761536	1262.985864	622.662048	-221.617950	307.114902	-126.215958	-147.525375	163.323151	-232.749542	-83.475082	312.358246	-0.042140	0.082907	0.144512	-0.059462	0.164956	0.217710	432.653625	-9.945084	-1332.535970	10.920880	1.710705	9.330934	11.363145	2.134496	8.023032
297	(5Z,13E)-11alpha-Hydroxy-9,15-dioxoprost-5,13-dienoate	0	metabolite	metabolite			1023	12.856603	-15.478841	-43.163796	4.675901	-5.629600	-15.698521	-963.236854	917.337458	318.948779	-905.159331	334.859223	227.620468	-963.236854	917.337458	-1332.535970	0.596350	-1.608551	0.426713	0.480038	-1.294819	0.343487	3.951250	-10.657820	2.827283	4.779299	-12.891338	3.419785	0.036857	-0.103083	0.026223	0.033625	-0.096670	0.023369	-3819.929935	3529.006949	1262.985864	-922.756904	886.700664	307.114902	-1089.173678	281.598365	519.564417	-1165.379749	303.076712	580.098532	-1.066019	0.280999	0.498132	-1.058962	0.279139	0.494834	-963.236854	917.337458	-1332.535970	11.254614	-8.705907	8.885379	10.662665	-6.690675	8.630885
298	PTP4A1	2	bridge	protein				21.762608	-10.054877	20.815580	17.808714	-8.228077	17.033745	43.518909	131.485458	0.000000	33.087620	-4.862200	0.000000	43.518909	131.485458	-1267.534215	-0.123424	0.146963	0.529737	0.023114	-0.132049	-0.521326	-1.531736	1.623006	3.000664	2.472393	-2.339548	4.329379	-0.006340	-0.000914	-0.011620	-0.005943	-0.000189	-0.012209	709.172302	2304.081299	0.000000	54.907871	285.521118	0.000000	319.658569	91.908485	-2.747698	391.012329	-190.488403	-62.136642	0.200599	-0.052490	-0.022149	0.147817	-0.147429	-0.036453	43.518909	131.485458	-1318.285113	9.391046	1.257339	5.019714	8.838771	3.189810	5.196817
299	2-Oxoglutarate	82	metabolite	metabolite			337	-43.638349	-6.305531	17.998188	-15.871114	-2.293299	6.545878	484.707123	-28.860111	318.948779	63.332478	83.673767	227.620468	484.707123	-28.860111	1332.535970	0.046332	-0.311842	0.121687	0.035876	-0.338844	0.094719	0.321739	-1.440142	0.550200	2.169256	0.557983	-1.553739	-0.013250	-0.001263	0.016848	-0.017775	-0.002143	0.016735	2684.596436	-1056.533325	1262.985864	568.858459	-19.066092	307.114902	-57.290874	-137.765549	267.670166	-123.384079	79.479271	453.706573	0.003770	0.029322	0.176868	0.007059	0.077801	0.214356	484.707123	-28.860111	1332.535970	11.593933	3.754962	6.594220	11.410982	4.189686	6.702926
300	RPL7L1	1	bridge	protein				-9.393600	22.445527	20.395063	-7.686943	18.367558	16.689629	104.921425	267.687378	0.000000	-37.174767	11.898084	0.000000	104.921425	267.687378	-1300.035093	-0.219961	-0.226988	-0.537403	0.261364	-0.394533	-0.462490	-1.901511	-3.252208	-2.957659	2.734618	-5.884254	-0.533575	-0.005131	-0.000332	-0.005987	-0.005292	0.000068	-0.009154	-620.152588	1145.656860	0.000000	30.730156	424.781525	0.000000	228.887482	-131.581635	-138.358459	249.378830	-234.320190	-308.144745	0.163881	-0.026456	-0.157736	0.141093	0.032933	-0.205561	104.921425	267.687378	-1332.535970	6.682959	2.008902	5.576205	7.461150	4.490175	7.488643
301	UDP-alpha-D-galactose	4	metabolite	metabolite			1152	36.543238	-24.900246	17.679636	13.290647	-9.056132	6.430021	179.024673	-179.225449	318.948779	-21.177088	-175.142273	227.620468	179.024673	-179.225449	-1202.532461	-0.387160	-0.252684	-0.219750	-0.098637	-0.415704	-0.196352	-1.107282	-1.391077	3.105530	4.028281	2.342139	-0.435487	-0.009983	-0.001168	0.001087	-0.013584	-0.001477	0.005260	616.395569	-1773.477051	1262.985864	289.247406	-240.620712	307.114902	14.702881	-71.616707	-121.191826	3.863272	175.201920	111.300858	0.007014	0.057148	-0.096262	0.025763	0.116268	-0.028904	179.024673	-179.225449	-1326.332430	9.704138	0.057176	7.223760	8.669796	1.266877	4.827113
302	H3-3B	2	bridge	protein				-14.932605	-26.659008	-8.620594	-12.219606	-21.815521	-7.054379	-0.597022	194.386963	0.000000	-240.800247	-23.526651	0.000000	-0.597022	194.386963	-1267.534215	-0.216743	0.054246	-0.379725	-0.339060	0.159870	0.445925	-2.270302	-0.875395	-2.901957	-0.152180	-5.208823	-2.827015	-0.006621	-0.001299	-0.008222	-0.005426	-0.000456	-0.008879	-2975.957520	-437.277710	0.000000	-78.185585	-210.966843	0.000000	244.518799	-191.720413	22.617592	233.353683	-377.142456	149.307266	0.059463	-0.180627	-0.045031	0.080511	-0.248118	-0.002971	-0.597022	194.386963	-1311.369952	6.808059	0.648206	6.971807	7.007463	2.597244	7.771409
303	CD72	5	transcript	protein		208		-17.006599	-2.457372	12.358677	-31.312779	-4.524546	22.754963	-536.331238	141.163498	-318.948779	247.584290	-26.820766	-227.620468	-536.331238	141.163498	-1170.031583	0.382331	0.644177	-0.529406	0.368995	0.601034	0.210037	4.594112	3.727661	-0.881745	-6.769904	0.778093	-1.693426	0.013105	0.057994	-0.033452	0.010593	0.057314	-0.023742	-2089.586670	1539.072998	-1262.985864	-559.141113	125.730568	-307.114902	-515.923950	62.222775	-222.707642	-490.965240	-84.370415	-331.097595	-0.337640	0.120948	-0.086983	-0.330171	0.118451	-0.088011	-536.331238	141.163498	-1302.525481	-0.011691	1.080899	5.752863	-0.157318	1.898301	4.163743
304	(S)-1-Pyrroline-5-carboxylate	2	metabolite	metabolite			1209	-10.154832	43.167953	17.361084	-3.693277	15.700033	6.314165	399.338287	-39.260674	318.948779	63.399315	56.031872	227.620468	399.338287	-39.260674	-1267.534215	0.156983	-0.311449	-0.060438	0.035903	-0.229599	0.230923	-0.086486	-2.946246	-0.211731	3.062124	-0.861752	-2.257692	-0.010809	-0.000889	0.010797	-0.014062	-0.001571	0.010375	2645.449707	722.068665	1262.985864	516.047913	-46.460884	307.114902	-19.082996	-120.407166	222.526154	-62.916691	41.092751	415.165405	0.049493	0.012702	0.160532	0.085517	0.058378	0.203921	399.338287	-39.260674	-1311.126682	12.460644	2.044431	7.119605	10.666175	3.395726	9.651845
305	IKBKE	1	protein,transcript	protein	347	393		14.256030	-9.713935	12.263975	26.248394	-17.885429	22.580595	-592.205078	183.040421	-318.948779	186.612518	-14.441011	-227.620468	-592.205078	183.040421	-1300.035093	0.364012	0.482530	-0.814359	0.505265	0.541157	0.376683	5.650471	3.516425	1.483142	-7.155709	2.473126	-2.853418	0.008772	0.049997	-0.020857	0.006584	0.049427	-0.015931	-2416.973145	1578.129150	-1262.985864	-613.598694	172.903351	-307.114902	-515.292664	17.314463	-296.715790	-498.580597	-126.388275	-391.240875	-0.361143	0.144339	-0.168202	-0.352427	0.163633	-0.158425	-592.205078	183.040421	-1332.535970	-0.137107	0.851585	6.116022	-0.426395	1.879371	4.561376
306	RPRD1B	0	bridge	protein				-4.287381	-17.287544	-26.282298	-3.508437	-14.146693	-21.507253	-652.686852	1164.992820	0.000000	-895.757115	359.610730	0.000000	-652.686852	1164.992820	-1332.535970	0.649581	1.595680	0.396233	0.522887	1.284459	0.318952	4.303949	10.572543	2.625334	5.205911	12.788190	3.175515	0.040289	0.103489	0.024258	0.036840	0.096827	0.021529	-2617.969120	4487.538713	0.000000	-624.413849	1124.621311	0.000000	655.380381	-991.388100	494.753514	736.918414	-1085.014302	553.044205	0.601869	-0.936045	0.474411	0.597885	-0.929848	0.471271	-652.686852	1164.992820	-1332.535970	11.578942	10.816730	8.699674	10.979417	12.375939	8.449519
307	Peptide 3-hydroxy-L-aspartate	3	metabolite	metabolite			1033	-21.731978	-38.797851	17.042532	-7.903844	-14.110642	6.198309	361.653442	-18.391657	318.948779	111.105934	112.679474	227.620468	361.653442	-18.391657	-1235.033338	0.192434	-0.245144	0.164495	0.133757	-0.263513	0.135735	1.308695	-1.632362	1.097243	1.982814	1.310011	-2.453145	-0.010122	-0.000665	0.007452	-0.013157	-0.001291	0.008558	1645.089600	-1285.054688	1262.985864	519.858948	44.064991	307.114902	-5.085354	-62.754509	238.198532	-79.210693	34.326672	424.133789	0.040903	0.005432	0.171344	0.003619	0.038547	0.190418	361.653442	-18.391657	-1332.535970	10.019642	2.523569	5.950414	10.043906	4.207844	6.349964
308	SPHK2	3	bridge	protein				-8.352420	-23.221856	19.974546	-6.834928	-19.002841	16.345513	-89.428947	153.538879	0.000000	-17.424486	-78.130562	0.000000	-89.428947	153.538879	-1235.033338	-0.433837	0.454213	-0.000536	-0.239495	-0.143861	-0.718997	-0.332853	2.634033	3.370404	1.629896	5.562861	5.031596	-0.006108	-0.000499	-0.013876	-0.005013	0.000343	-0.009767	-876.169617	2571.288818	0.000000	-127.275620	347.156494	0.000000	334.259277	137.204773	-166.403503	565.146057	-4.729448	-63.077480	0.238053	0.017231	-0.112937	0.302334	-0.080199	-0.076984	-89.428947	153.538879	-1306.815625	9.746538	0.659291	4.842942	8.765592	2.669779	4.336732
309	RAD23A	5	protein	protein	203			-3.965611	16.857721	12.169272	-7.301536	31.038662	22.406228	79.888985	76.311691	-318.948779	-29.876011	237.207687	-227.620468	79.888985	76.311691	-1170.031583	-0.079178	0.121150	0.196843	-0.209943	0.266372	-0.017652	-1.612335	0.997335	-0.210686	-1.028886	0.214055	3.104228	-0.007509	-0.002965	-0.012926	-0.005726	-0.003841	-0.024076	161.976028	1333.817871	-1262.985864	-0.325682	128.969223	-307.114902	220.524216	15.065642	52.035110	302.180206	-8.434328	-10.160706	0.108597	-0.060811	0.029054	0.102409	-0.058201	-0.012743	79.888985	76.311691	-1267.899162	7.458729	1.243681	6.124324	7.908280	3.439262	6.860919
310	Deoxyinosine	2	metabolite	metabolite			561	42.346756	13.966417	16.723980	15.401366	5.079537	6.082453	-40.522930	233.210602	318.948779	-201.619781	-243.761597	227.620468	-40.522930	233.210602	-1267.534215	-0.355759	-0.192234	-0.572833	-0.186670	-0.308648	0.723318	-2.713613	-2.600995	-3.115250	3.353691	-3.660913	-6.215854	-0.007232	-0.000351	-0.003742	-0.005799	0.000379	-0.005266	-3268.847900	-542.667664	1262.985864	-150.124176	-297.165375	307.114902	203.355362	-310.817749	44.050217	137.055191	-458.849335	262.806610	-0.016490	-0.220391	-0.055095	0.053988	-0.308090	0.092264	-40.522930	233.210602	-1332.535970	6.604568	0.193159	7.316144	7.018272	2.257541	7.991209
311	CFI	2	protein	protein	1355			-8.495441	-15.166814	12.074570	-15.641921	-27.925342	22.231860	64.997292	5.288178	-318.948779	-132.259521	159.842880	-227.620468	64.997292	5.288178	-1267.534215	0.185340	-0.032820	0.171459	0.050005	0.081651	-0.078313	-0.166541	-0.309492	-1.261762	-1.128716	-1.367496	0.326117	-0.005240	-0.004677	-0.010102	-0.003518	-0.006671	-0.025819	379.683990	260.312042	-1262.985864	-14.150143	69.790688	-307.114902	99.830292	50.714817	22.740679	221.446381	2.898592	-107.100304	0.043515	-0.044960	0.029921	0.026629	-0.034904	-0.049856	64.997292	5.288178	-1332.535970	7.846024	0.651331	6.834907	6.367824	3.200931	6.504349
312	FXYD5	5	transcript	protein		362		16.571416	5.465432	11.979867	30.511514	10.063027	22.057493	-615.422424	10.959680	-318.948779	-65.920532	-245.738373	-227.620468	-615.422424	10.959680	-1170.031583	0.582466	0.226784	-0.528019	0.543369	0.402426	-0.010333	3.043501	1.785541	-4.348889	-5.872799	-1.787371	-2.119788	0.026061	0.041499	0.045778	0.023845	0.042449	0.034777	-3123.928467	1188.090942	-1262.985864	-673.521179	-3.702706	-307.114902	-397.295502	164.433655	-309.744446	-366.146637	-7.300354	-443.126282	-0.234816	0.127625	-0.140174	-0.214804	0.136753	-0.133764	-615.422424	10.959680	-1285.029749	1.597345	0.266531	6.921711	0.052640	2.770061	5.676515
313	SAMSN1	2	transcript	protein		104		-15.970035	7.190330	11.885165	-29.404243	13.238932	21.883125	-617.277649	152.891449	-318.948779	2.230284	-98.246620	-227.620468	-617.277649	152.891449	-1267.534215	0.594097	0.305402	-0.738356	0.613723	0.458958	0.251835	6.129258	2.586962	-0.026847	-6.920543	1.638752	-3.317953	0.010595	0.047454	-0.004487	0.008347	0.047152	-0.004553	-3058.151855	381.940491	-1262.985864	-664.720886	132.304398	-307.114902	-460.082062	40.099560	-343.757294	-439.890076	-116.183968	-443.079987	-0.277791	0.153776	-0.198894	-0.260674	0.171009	-0.187241	-617.277649	152.891449	-1302.697826	0.640362	0.233652	7.056155	-0.451610	2.202722	5.597547
314	ACVR2B	0	transcript	protein		332		13.705852	5.121452	-15.294455	25.235398	9.429687	-28.160356	-96.458816	1338.967503	-318.948779	-66.707458	957.281459	-227.620468	-96.458816	1338.967503	-1332.535970	-1.562927	-0.740700	0.365754	-1.258094	-0.596234	0.294417	-10.355527	-4.907677	2.423385	-12.525694	-5.936160	2.931245	-0.102349	-0.047134	0.022293	-0.096769	-0.044262	0.019688	-465.129643	5160.894855	-1262.985864	-90.049750	1291.757483	-307.114902	224.738533	1144.982665	469.942610	267.337553	1244.528977	525.989878	0.190152	1.106441	0.450691	0.188893	1.099117	0.447707	-96.458816	1338.967503	-1332.535970	-1.901356	-3.418294	8.513970	-2.185999	-1.526574	8.268152
315	(S)-Methylmalonate semialdehyde	2	metabolite	metabolite			175	-40.767121	18.354940	16.405428	-14.826858	6.675627	5.966596	463.839630	-72.260193	318.948779	80.503685	35.109608	227.620468	463.839630	-72.260193	-1267.534215	0.142750	-0.406909	0.000235	0.068669	-0.279826	0.196401	0.858651	-2.448029	-0.016511	2.349665	0.167838	-2.792903	-0.011505	-0.000912	0.014435	-0.015531	-0.001714	0.013974	2081.302490	-937.272400	1262.985864	545.992371	-69.962273	307.114902	-80.019157	-196.807892	230.833603	-156.987457	48.169125	436.981689	-0.013440	-0.000053	0.191541	0.025405	0.060520	0.239838	463.839630	-72.260193	-1332.535970	12.273682	2.127446	8.318167	11.492230	2.859645	9.050931
316	SYT2	3	protein	protein	30			6.944049	-16.148225	11.790462	12.785477	-29.732329	21.708758	-82.880547	-15.358313	-318.948779	-116.173492	98.072319	-227.620468	-82.880547	-15.358313	-1235.033338	0.232293	0.154579	0.109437	0.119968	0.178186	-0.127201	0.808584	1.476066	-0.280977	-2.248768	0.315411	0.913116	-0.002036	-0.005080	-0.012931	-0.001115	-0.006327	-0.022687	-33.982056	128.970154	-1262.985864	-110.708870	52.646736	-307.114902	101.391968	51.185524	-57.848103	162.304642	-70.962715	-161.119919	0.023996	-0.069799	-0.013797	0.007952	-0.076977	-0.034773	-82.880547	-15.358313	-1305.307691	7.250113	-0.155288	6.100108	6.842788	2.086706	6.343213
317	RIPOR2	3	transcript	protein		329		5.808437	16.657469	11.695760	10.694572	30.669955	21.534390	-549.460083	163.984039	-318.948779	225.771912	-30.054661	-227.620468	-549.460083	163.984039	-1235.033338	0.230759	0.477297	-0.631142	0.385722	0.466530	0.308895	4.600747	2.917174	1.013893	-5.800358	1.776069	-2.763101	0.012999	0.063212	-0.032656	0.010463	0.062541	-0.023418	-2201.879395	1524.201904	-1262.985864	-578.908325	144.893784	-307.114902	-509.333618	48.919498	-249.781509	-486.092346	-102.363106	-352.199066	-0.320966	0.127827	-0.116238	-0.314683	0.132739	-0.110603	-549.460083	163.984039	-1321.360191	-0.028313	1.003076	5.960372	-0.364928	1.933129	4.259204
318	SLC18A2	3	protein	protein	140			-15.589888	-8.388734	11.601057	-28.704312	-15.445450	21.360023	-39.762005	-37.451138	-318.948779	-188.516922	120.808388	-227.620468	-39.762005	-37.451138	-1235.033338	-0.002232	0.194897	-0.219045	0.007454	0.116137	-0.282086	0.012624	2.007880	0.458549	-1.671607	-2.199206	0.885212	-0.005587	-0.001890	-0.013404	-0.004218	-0.004270	-0.021403	-62.418629	28.797745	-1262.985864	-65.236000	24.918974	-307.114902	155.080139	-10.771107	-123.582214	226.886597	-148.642044	-141.831863	0.069856	-0.088495	-0.088040	0.071200	-0.114849	-0.072740	-39.762005	-37.451138	-1297.234910	8.271380	0.002093	6.139281	6.981696	2.277922	5.789600
319	2-Lysophosphatidylcholine	3	metabolite	metabolite			689	17.707491	-41.178358	16.086876	6.440152	-14.976424	5.850740	88.859138	-150.103256	318.948779	-288.829956	161.900513	227.620468	88.859138	-150.103256	-1235.033338	-0.552206	-0.042993	0.227309	-0.553413	-0.293967	0.003920	-3.790883	-0.001869	0.635503	4.961221	2.297159	2.564687	-0.008900	-0.001060	-0.014398	-0.006835	0.000038	-0.006820	-833.279480	-2901.254395	1262.985864	115.435837	-304.170563	307.114902	406.578674	-71.321846	17.292582	481.093140	-34.576927	251.619324	0.226432	0.037319	0.021033	0.259773	0.033748	-0.043677	88.859138	-150.103256	-1331.746914	7.205488	-0.527577	3.917142	7.858933	4.601970	3.845996
320	IRF2	1	transcript	protein		343		11.842583	11.961945	-12.832190	21.804723	22.024494	-23.626800	217.527802	1038.218018	-318.948779	-660.017395	-155.231476	-227.620468	217.527802	1038.218018	-1300.035093	-1.136584	-0.539891	1.402056	-0.914905	-0.434590	1.128599	-4.814577	-3.577168	9.289643	-5.823549	-4.326822	11.236437	-0.048435	-0.034188	0.089102	-0.046268	-0.032135	0.082268	1008.585999	4349.597168	-1262.985864	241.151398	1074.219849	-307.114902	-602.294128	-815.972412	-151.053726	-689.248779	-865.262268	-164.130035	-0.635386	-0.601006	0.184012	-0.654828	-0.577696	0.170764	217.527802	1038.218018	-1332.535970	0.696253	-2.194808	14.827920	2.790230	-0.331667	14.434617
321	PKD2	2	protein	protein	182			17.221817	-4.360370	11.506355	31.709041	-8.028371	21.185655	-74.992599	-129.014633	-318.948779	13.562188	289.517792	-227.620468	-74.992599	-129.014633	-1267.534215	-0.192879	0.340503	-0.277495	-0.199428	0.330010	0.125833	0.185702	2.548008	2.033927	-1.894493	1.550443	2.716683	-0.003859	-0.002147	-0.010992	-0.003814	-0.003030	-0.017867	-2537.947021	-1839.874512	-1262.985864	-40.245800	-44.828548	-307.114902	224.869141	46.947552	-195.241318	260.046143	-79.407257	-27.273598	0.186288	-0.099827	-0.086851	0.183603	-0.117353	0.006134	-74.992599	-129.014633	-1295.443008	10.063734	0.543387	3.418688	6.445873	2.246099	4.473383
322	Delta1-Pyrroline-5-carboxylate	1	metabolite	metabolite			1111	14.795851	42.431625	15.768324	5.381199	15.432233	5.734884	525.070435	-27.083925	318.948779	93.149933	88.496231	227.620468	525.070435	-27.083925	-1300.035093	0.237873	-0.342401	0.125780	0.146745	-0.330310	0.173274	1.250539	-2.537118	0.654792	2.474464	1.467714	-2.761556	-0.009422	-0.000552	0.011183	-0.012802	-0.001233	0.010461	2841.250244	-1081.514771	1262.985864	607.614990	-5.172301	307.114902	-86.425743	-136.360779	299.927307	-160.643005	88.357895	488.919312	-0.030217	0.057617	0.228914	-0.027787	0.096040	0.265851	525.070435	-27.083925	-1332.535970	11.482647	3.802184	6.621280	11.232846	4.200640	6.452047
323	MAP3K5	1	transcript	protein		237		-16.739998	-0.817275	-12.926892	-30.821909	-1.504778	-23.801168	220.321152	1037.732544	-318.948779	-659.603210	-158.034943	-227.620468	220.321152	1037.732544	-1300.035093	-0.726649	-0.539891	1.402056	-0.584923	-0.434590	1.128599	-7.530694	-3.577168	9.289643	-9.108872	-4.326822	11.236437	-0.074863	-0.034188	0.089102	-0.071023	-0.032135	0.082268	955.877502	4359.724121	-1262.985864	238.378372	1074.807617	-307.114902	-602.586121	-815.249023	-153.781357	-688.834534	-865.847595	-161.408371	-0.661656	-0.626476	0.191528	-0.681215	-0.601381	0.177684	220.321152	1037.732544	-1332.535970	3.193891	-2.194808	14.827920	0.350933	-0.331667	14.434617
324	MRAP2	3	bridge	protein				22.141062	11.636722	19.554030	18.118410	9.522528	16.001397	-90.804337	54.257961	0.000000	67.117691	-17.712763	0.000000	-90.804337	54.257961	-1235.033338	-0.289472	0.467421	-0.031939	0.025835	-0.013084	-0.603732	-1.558072	3.415945	0.423907	-0.413406	2.862485	4.900317	-0.005039	-0.002119	-0.013784	-0.005009	-0.000705	-0.010989	-865.334351	1112.163452	0.000000	-91.461815	110.356125	0.000000	241.020309	90.121658	-188.388962	308.504028	-88.965958	-264.751831	0.117094	0.006259	-0.161334	0.063414	-0.073114	-0.225913	-90.804337	54.257961	-1307.512924	8.972376	0.338418	5.085054	7.959785	2.240656	4.419664
325	CDC42BPA	2	transcript	protein		189		15.374341	-10.749703	-9.801710	28.307444	-19.792498	-18.047039	-573.852905	-695.855286	-318.948779	-37.231121	497.754181	-227.620468	-573.852905	-695.855286	-1267.534215	-0.189880	0.141803	1.669964	-0.152846	0.114145	1.344254	-0.963704	1.607557	11.662555	-1.165664	1.944447	14.106632	-0.010966	0.016259	0.112190	-0.011170	0.015119	0.103895	-3397.925049	-2310.434814	-1262.985864	-674.836670	-723.610168	-307.114902	507.127289	-769.957214	-37.184925	590.941833	-851.018616	46.476578	0.421805	-0.529038	-0.120653	0.425582	-0.496052	-0.087707	-573.852905	-695.855286	-1331.787122	6.604759	2.807100	16.657297	5.123006	3.739731	16.220070
326	AIM2	8	transcript	protein		415		-9.786924	14.899339	11.411652	-18.019816	27.432864	21.011287	-569.747742	156.731918	-318.948779	196.665924	-31.841282	-227.620468	-569.747742	156.731918	-1072.528951	0.403225	0.428787	-0.586039	0.433658	0.465096	0.235411	4.708518	2.795742	0.220945	-5.985648	1.251133	-2.593439	0.015620	0.075462	-0.033747	0.012749	0.074718	-0.024219	-2310.963379	1520.477661	-1262.985864	-595.612305	141.275925	-307.114902	-504.623322	40.463764	-265.145844	-480.732208	-109.539536	-367.566376	-0.308410	0.121900	-0.125813	-0.299664	0.130031	-0.121695	-569.747742	156.731918	-1307.134117	-0.125545	0.870642	6.044416	-0.376689	1.912744	4.480482
327	RAB35	2	bridge	protein				-26.948061	16.775105	-0.630775	-22.052058	13.727355	-0.516174	303.640625	-161.819519	0.000000	11.819942	-125.761322	0.000000	303.640625	-161.819519	-1267.534215	-0.052066	-0.424822	0.511297	-0.460936	-0.569781	0.275041	1.382571	-3.015831	2.623044	5.388647	4.656223	-2.695943	-0.007816	-0.000135	0.000677	-0.006686	0.000217	-0.002468	501.239990	-2727.767090	0.000000	250.542114	-148.808945	0.000000	183.139053	-1.194865	237.162781	214.724197	-129.672272	378.309509	0.070333	-0.013888	0.122356	0.002092	-0.134041	0.101996	303.640625	-161.819519	-1316.561159	9.523368	1.983317	4.920626	10.314764	4.049002	5.739408
328	LCK	3	transcript	protein		58		-2.857415	-17.656779	11.316950	-5.261110	-32.509898	20.836920	-459.602325	-130.196304	-318.948779	159.539154	-102.308540	-227.620468	-459.602325	-130.196304	-1235.033338	0.522699	0.661382	0.026912	0.185571	0.619745	0.037129	3.041122	4.351414	-1.018769	-6.167099	0.679343	0.894710	0.026379	-0.011201	-0.013116	0.024918	-0.010845	-0.003711	-1796.072388	-891.448181	-1262.985864	-463.667938	-121.792587	-307.114902	-378.472717	241.717590	-17.367155	-308.664673	35.102753	-218.616913	-0.261137	0.021919	0.021180	-0.262856	-0.012847	-0.015055	-459.602325	-130.196304	-1327.589787	1.491580	-0.061708	4.582724	1.461614	2.029674	4.126957
329	2-Oxo-3-hydroxy-4-phosphobutanoate	1	metabolite	metabolite			823	-39.669470	-21.345672	15.449772	-14.427647	-7.763346	5.619028	527.400208	-34.536438	318.948779	87.145058	110.520546	227.620468	527.400208	-34.536438	-1300.035093	0.229120	-0.387633	0.137435	0.084500	-0.459506	0.113661	1.363938	-2.336321	1.129533	2.396514	0.906105	-2.991902	-0.009422	-0.000552	0.011183	-0.012802	-0.001233	0.010461	2824.916748	-1139.140137	1262.985864	589.333801	7.102921	307.114902	-84.464516	-145.462357	298.839447	-156.344864	79.187653	491.084259	-0.006270	0.025109	0.243841	-0.015388	0.094121	0.273951	527.400208	-34.536438	-1332.535970	11.586164	3.666099	6.591630	11.413299	4.418962	6.687031
330	5-Oxoproline	2	metabolite	metabolite			252	43.774519	-11.083214	15.131220	15.920639	-4.030926	5.503171	441.677795	23.308222	318.948779	27.322565	17.728580	227.620468	441.677795	23.308222	-1267.534215	-0.033151	-0.472586	-0.182223	-0.080920	-0.392102	0.257500	-0.197733	-3.089859	-0.490415	3.210944	-0.928180	-2.423904	-0.011590	-0.000976	0.014433	-0.015625	-0.001780	0.014292	1946.505493	909.914978	1262.985864	499.910736	-29.430767	307.114902	-52.592381	-248.730759	188.028412	-153.379440	59.033020	386.375549	-0.038655	-0.050465	0.165948	-0.003675	0.015057	0.217677	441.677795	23.308222	-1329.427356	11.606241	2.029850	7.626135	10.782809	3.622113	9.366934
331	PTGR3	0	transcript	protein		188		-13.473378	5.444440	-15.389158	-24.807364	10.024375	-28.334724	-205.747079	1325.344735	-318.948779	-136.481399	950.815952	-227.620468	-205.747079	1325.344735	-1332.535970	1.658682	-0.511389	0.335274	1.335173	-0.411648	0.269882	10.989972	-3.388326	2.221436	13.293098	-4.098404	2.686974	0.105344	-0.032351	0.020328	0.097777	-0.030414	0.017848	-888.121785	5108.168939	-1262.985864	-195.042164	1278.670192	-307.114902	-910.192525	-737.237889	445.131707	-970.214964	-807.883607	498.935551	-0.894903	-0.693063	0.426970	-0.888979	-0.688475	0.424144	-205.747079	1325.344735	-1332.535970	17.727156	-2.021156	8.328265	16.984017	-0.162071	8.086785
332	FUT9	0	transcript	protein		292		6.213716	-13.024585	-15.483860	11.440778	-23.981041	-28.509091	-313.537109	1302.743542	-318.948779	-205.587304	939.215118	-227.620468	-313.537109	1302.743542	-1332.535970	-0.880459	1.502347	0.304795	-0.708734	1.209329	0.245348	-5.833679	9.954139	2.019488	-7.056221	12.040189	2.442704	-0.058351	0.097472	0.018363	-0.055556	0.091191	0.016007	-1305.315123	5020.692695	-1262.985864	-298.595237	1256.957396	-307.114902	1214.761700	-110.816444	420.320804	1346.879481	-124.820587	471.881224	1.136668	-0.094171	0.403250	1.129143	-0.093547	0.400580	-313.537109	1302.743542	-1332.535970	2.256764	10.248069	8.142561	1.874992	11.820561	7.905419
333	PDS5B	10	bridge	protein				-26.315510	-14.160064	-10.723177	-21.534431	-11.587423	-8.774959	-78.490944	-94.237366	0.000000	-268.995331	-114.759964	0.000000	-78.490944	-94.237366	-1007.527197	-0.161810	0.395783	0.029873	-0.337771	0.573611	-0.001628	-0.361726	2.524848	0.807288	-3.528728	2.198210	4.839786	-0.005681	-0.000640	-0.019127	-0.004389	-0.000148	-0.014774	-519.767456	-2146.582520	0.000000	-56.196705	-198.828262	0.000000	307.873627	50.968662	-128.495514	466.848877	-264.001221	-125.003746	0.143575	-0.059387	-0.074847	0.133193	-0.178024	-0.129865	-78.490944	-94.237366	-998.893504	8.979413	0.436990	3.692818	6.930614	3.279379	4.032368
334	gamma-L-Glutamyl-L-2-aminobutyrate	1	metabolite	metabolite			914	-24.849284	37.829855	14.812668	-9.037597	13.758585	5.387315	432.010956	-90.926697	318.948779	87.517609	-23.576200	227.620468	432.010956	-90.926697	-1300.035093	0.105795	-0.401211	-0.207244	-0.035814	-0.383581	0.275923	0.394997	-3.031964	-0.640228	3.150878	-0.761442	-2.599574	-0.009449	-0.000567	0.010848	-0.012793	-0.001225	0.010269	1389.479614	-556.128174	1262.985864	497.317993	-123.496429	307.114902	-98.908821	-250.926682	169.359314	-166.658493	-2.178894	391.834229	0.012133	-0.059429	0.192281	0.065505	0.016012	0.240775	432.010956	-90.926697	-1332.535970	12.029418	1.571445	7.756976	10.825637	3.339874	9.783429
335	LRP3	0	transcript	protein		155		4.186295	13.703405	-15.578563	7.707863	25.230894	-28.683459	-419.092590	1271.318314	-318.948779	-273.647742	922.542319	-227.620468	-419.092590	1271.318314	-1332.535970	-0.366660	-1.707473	0.274315	-0.295147	-1.374448	0.220813	-2.429391	-11.313250	1.817539	-2.938509	-13.684125	2.198433	-0.025227	-0.109461	0.016398	-0.024529	-0.102643	0.014166	-1713.859803	4899.063674	-1262.985864	-400.001594	1226.767415	-307.114902	-790.049667	869.641906	395.509900	-839.208684	944.291666	444.826897	-0.780040	0.843201	0.379529	-0.774877	0.837619	0.377017	-419.092590	1271.318314	-1332.535970	5.387218	-9.308616	7.956857	4.932323	-7.279306	7.724052
336	15(S)-HPETE	1	metabolite	metabolite			1162	-7.247068	-44.781699	14.494116	-2.635733	-16.286947	5.271459	77.031815	-195.976746	318.948779	-281.800110	145.268738	227.620468	77.031815	-195.976746	-1300.035093	-0.640451	0.103227	0.313805	-0.537906	-0.358830	-0.001030	-4.646883	0.545693	0.303066	4.890601	2.740458	2.348677	-0.006491	-0.000190	-0.011249	-0.006397	0.000237	-0.005296	-838.608215	-3051.703125	1262.985864	144.140930	-338.791870	307.114902	453.988617	-46.290611	17.996405	461.512878	-65.822334	265.297089	0.279421	0.090171	0.002779	0.274369	0.037578	-0.086204	77.031815	-195.976746	-1332.535970	7.195188	-0.393507	3.608937	7.833110	4.737270	3.938021
337	GALNT2	0	transcript	protein		127		-12.254070	-7.224024	-15.673265	-22.562359	-13.300970	-28.857826	-521.692470	1231.283717	-318.948779	-340.290991	900.888615	-227.620468	-521.692470	1231.283717	-1332.535970	1.427427	1.013977	0.243836	1.149022	0.816211	0.196278	9.457741	6.718336	1.615590	11.439763	8.126272	1.954163	0.090435	0.065987	0.014433	0.083812	0.061700	0.012326	-2110.965051	4744.112726	-1262.985864	-498.568529	1188.306478	-307.114902	31.745538	-1221.691195	370.698997	56.893962	-1336.141605	417.772570	0.005640	-1.156227	0.355809	0.005603	-1.148573	0.353453	-521.692470	1231.283717	-1332.535970	16.318173	7.272547	7.771152	15.607946	8.914543	7.542685
338	RAPGEF5	0	bridge	protein				14.308364	9.498970	-26.702815	11.708778	7.773169	-21.851369	-1318.954837	10.982819	0.000000	-954.864554	129.402456	0.000000	-1318.954837	10.982819	-1332.535970	-1.741416	0.217029	0.213356	-1.401771	0.174700	0.171743	-11.538148	1.437977	1.413641	-13.956153	1.739329	1.709893	-0.113856	0.014609	0.012468	-0.107548	0.013574	0.010485	-5196.710078	21.028354	0.000000	-1264.492499	15.972567	0.000000	843.359755	888.872618	345.888093	941.895047	965.261234	390.718243	0.781588	0.861586	0.332088	0.776414	0.855883	0.329889	-1318.954837	10.982819	-1332.535970	-2.988850	2.416929	7.585448	-3.248091	4.172346	7.361319
339	Formate	4	metabolite	metabolite			652	35.672258	28.187646	14.175564	12.973875	10.251748	5.155603	393.754883	45.520515	318.948779	-66.202934	-22.330540	227.620468	393.754883	45.520515	-1202.532461	-0.238095	-0.466349	-0.217670	-0.256750	-0.327136	0.257916	-1.881148	-3.227208	-0.307875	4.298019	-1.203730	-1.711885	-0.014040	-0.001661	0.017919	-0.019312	-0.002679	0.019944	1648.025513	386.015015	1262.985864	426.866180	-17.376247	307.114902	-57.778610	-214.935028	104.484192	-136.673416	115.799477	326.583405	-0.051028	-0.030654	0.102733	-0.020916	0.042041	0.155996	393.754883	45.520515	-1324.390647	11.213878	1.553656	8.071451	10.327505	2.632751	9.024127
340	RDH14	4	bridge	protein				-24.499072	6.457877	19.133513	-20.048009	5.284591	15.657280	-82.144516	-63.855457	0.000000	62.871174	21.963091	0.000000	-82.144516	-63.855457	-1202.532461	-0.328954	0.359583	-0.089159	0.071951	-0.055698	-0.561814	-0.056699	2.780351	2.269643	-0.739717	4.704671	2.814934	-0.004018	-0.002857	-0.011385	-0.004782	-0.000952	-0.009548	-485.030823	643.724365	0.000000	-88.887955	-0.924824	0.000000	153.842194	93.762367	-192.390503	262.852234	-93.156013	-260.047424	0.057395	0.016040	-0.164681	0.018800	-0.052439	-0.219906	-82.144516	-63.855457	-1240.563177	8.930802	0.307626	5.110344	7.927455	1.847122	4.393668
341	gamma-L-Glutamyl-L-cysteine	2	metabolite	metabolite			1221	-45.441934	3.318716	13.857012	-16.527072	1.207005	5.039746	399.081543	-5.982521	318.948779	21.029211	-13.146405	227.620468	399.081543	-5.982521	-1267.534215	-0.067076	-0.426603	-0.184034	-0.136737	-0.315174	0.243024	-0.516844	-2.893693	-0.576863	3.300880	-0.790280	-2.134061	-0.012581	-0.001296	0.015479	-0.017088	-0.002171	0.016321	1716.329956	-31.504030	1262.985864	463.415314	-78.851898	307.114902	-60.855347	-213.130386	136.128891	-136.057907	68.928711	347.855194	-0.040327	-0.013796	0.126706	0.025269	0.062451	0.172760	399.081543	-5.982521	-1330.203332	11.667286	1.576536	7.989666	10.775042	3.310104	9.659307
342	2-Methyl-3-oxopropanoate	1	metabolite	metabolite			712	31.331355	-33.212292	13.538460	11.395104	-12.079194	4.923890	467.166077	75.982681	318.948779	-49.071354	61.286976	227.620468	467.166077	75.982681	-1300.035093	-0.129308	-0.607749	0.251758	-0.013844	-0.573241	0.073571	0.348417	-3.167181	2.479396	3.975113	2.086431	-2.306631	-0.011222	-0.001049	0.014474	-0.015364	-0.001914	0.014895	2561.958252	373.916565	1262.985864	489.820984	-6.366470	307.114902	-81.250862	-147.992416	203.216339	-136.841766	160.392731	367.636627	-0.080923	0.034864	0.160059	-0.056546	0.107191	0.186390	467.166077	75.982681	-1332.535970	10.783232	2.246263	8.522638	10.409824	1.899090	8.319882
343	CPNE9	3	bridge	protein				13.871447	-21.573287	18.712996	11.351242	-17.653790	15.313164	37.451817	-30.991190	0.000000	101.935143	-59.957745	0.000000	37.451817	-30.991190	-1235.033338	-0.223106	0.323227	0.373847	-0.191848	0.044956	-0.572852	-1.876989	2.957523	0.339520	-0.756819	3.940916	4.429517	-0.006387	-0.001023	-0.011384	-0.005506	-0.000198	-0.012025	-414.901306	104.355705	0.000000	-35.474724	54.582150	0.000000	239.927841	110.981171	-27.743597	366.805420	-162.386597	-106.033119	0.129992	-0.014026	-0.084297	0.108202	-0.120714	-0.141578	37.451817	-30.991190	-1264.609376	9.133382	0.662551	5.828238	9.361607	3.479792	5.338920
344	TKT	0	transcript	protein		145		13.812765	-2.928945	-15.767968	25.432249	-5.392812	-29.032194	-620.635888	1182.913227	-318.948779	-405.153068	874.372271	-227.620468	-620.635888	1182.913227	-1332.535970	1.139693	-1.338958	0.182877	0.917407	-1.077808	0.147209	7.551295	-8.871571	1.211693	9.133791	-10.730752	1.465622	0.071885	-0.085703	0.010503	0.066437	-0.080389	0.008645	-2493.918235	4556.898322	-1262.985864	-593.622728	1141.837311	-307.114902	-1192.490351	-125.232314	321.077190	-1278.038407	-140.539952	363.663916	-1.164795	-0.107953	0.308367	-1.157085	-0.107238	0.306326	-620.635888	1182.913227	-1332.535970	14.565078	-7.063340	7.399743	13.895801	-5.086477	7.179952
345	HDAC4	0	protein,transcript	protein	127	168		-8.144745	11.403457	-15.862670	-14.996214	20.996198	-29.206561	-715.246962	1126.537264	-318.948779	-467.879719	843.138110	-227.620468	-715.246962	1126.537264	-1332.535970	0.064185	1.760059	0.152397	0.051666	1.416777	0.122674	0.425271	11.661672	1.009744	0.514394	14.105563	1.221352	0.002549	0.114086	0.008538	0.001489	0.106754	0.006804	-2860.103397	4338.699327	-1262.985864	-684.514876	1087.677347	-307.114902	1005.478670	-755.823610	296.266287	1118.672896	-828.149865	336.609589	0.936582	-0.710832	0.284647	0.930382	-0.706127	0.282762	-715.246962	1126.537264	-1332.535970	8.012257	11.818251	7.214039	7.496045	13.354066	6.998586
346	DUSP22	1	transcript	protein		414		14.080690	11.126335	11.222247	25.925556	20.485958	20.662552	-515.019653	-148.973221	-318.948779	96.899681	-225.090332	-227.620468	-515.019653	-148.973221	-1300.035093	0.651115	0.407079	-0.095680	0.321766	0.461443	-0.257073	2.245920	2.743359	-3.446906	-5.328741	-1.671699	-0.745436	0.023250	-0.011376	0.004375	0.022054	-0.010761	0.008682	-2158.515137	-460.695831	-1262.985864	-533.776611	-144.120972	-307.114902	-348.120422	322.601074	-90.003159	-292.065491	128.429581	-282.143707	-0.255098	0.083518	0.005435	-0.251224	0.048958	-0.018002	-515.019653	-148.973221	-1332.535970	2.118768	0.409131	5.385710	1.225946	2.742933	4.492796
347	IGHM	3	protein	protein				-17.957112	1.311444	11.127545	-33.062876	2.414649	20.488185	-402.946106	-3.640480	-318.948779	-17.166719	-142.077621	-227.620468	-402.946106	-3.640480	-1235.033338	0.265651	0.241046	-0.352620	0.323213	0.260801	-0.061443	0.947653	1.346380	-3.300934	-4.030794	-2.051380	-0.922371	0.018351	0.006161	0.015214	0.018137	0.006737	0.011468	-2558.670898	359.954224	-1262.985864	-462.627686	-4.674010	-307.114902	-193.164993	186.522507	-184.995956	-142.546585	24.329252	-338.620636	-0.105246	0.062022	-0.077043	-0.108047	0.055015	-0.085781	-402.946106	-3.640480	-1131.641482	6.048246	1.285045	6.185658	0.830516	3.204330	5.216700
348	C1QBP	3	protein	protein	132			12.395075	-13.139197	11.032842	22.821979	-24.192067	20.313817	38.784100	171.867767	-318.948779	-213.700424	159.218613	-227.620468	38.784100	171.867767	-1235.033338	0.065733	0.225702	0.393796	-0.056806	0.202178	-0.355910	-2.470154	0.449821	-2.439386	-1.799421	-3.749862	0.795708	-0.006000	-0.002213	-0.013003	-0.004119	-0.002377	-0.018840	249.181000	1354.898315	-1262.985864	-62.292751	160.333298	-307.114902	259.239136	69.806419	-22.210882	308.611969	-27.833572	-245.518951	0.163105	0.020917	-0.004021	0.120971	0.029388	-0.110192	38.784100	171.867767	-1310.369648	7.063506	1.113017	6.100510	7.664367	3.755828	7.064645
349	IGLC2	3	transcript	protein		312		-0.265184	18.118686	10.938140	-0.488260	33.360368	20.139450	-454.747498	-80.607155	-318.948779	23.934898	-14.476662	-227.620468	-454.747498	-80.607155	-1235.033338	0.815871	-0.074042	0.061378	0.468781	0.228725	0.236513	5.347658	0.657464	0.627107	-4.878710	3.231514	-1.784858	0.014419	0.006656	-0.017889	0.012505	0.006753	-0.012880	-583.440857	-1100.973022	-1262.985864	-455.847931	-54.925144	-307.114902	-464.425812	74.593369	9.673816	-344.650574	-156.449448	-199.437134	-0.343237	0.020599	0.008519	-0.341046	-0.006732	-0.040780	-454.747498	-80.607155	-1332.535970	0.473264	-0.124600	5.278371	0.733073	1.317374	4.757150
350	NHERF1	1	transcript	protein		125		-12.081228	-13.581745	10.843437	-22.244119	-25.006892	19.965082	-49.410477	100.101624	-318.948779	-67.060951	230.041168	-227.620468	-49.410477	100.101624	-1300.035093	-0.000130	0.410698	0.480476	0.030204	0.289037	-0.429210	-2.206088	3.031813	-1.667243	-2.843131	-2.506297	3.037404	-0.004562	-0.001580	-0.011508	-0.003723	-0.002571	-0.016684	-1186.775635	512.703003	-1262.985864	-107.963486	306.043152	-307.114902	297.097748	154.022232	-42.559074	418.316528	-22.604630	-236.657928	0.146896	-0.077803	-0.149214	0.042370	-0.180642	-0.199025	-49.410477	100.101624	-1332.535970	7.478683	2.703779	5.228655	7.450105	5.022404	6.164420
351	N-Acetyl-L-glutamate	1	metabolite	metabolite			527	-0.669550	45.746975	13.219908	-0.243513	16.638014	4.808034	418.450592	-98.096153	318.948779	96.049522	-9.634091	227.620468	418.450592	-98.096153	-1300.035093	0.064016	-0.466500	-0.177158	0.012843	-0.314691	0.295237	0.140976	-3.082203	-0.626985	3.022374	-0.583664	-2.803063	-0.009449	-0.000567	0.010848	-0.012793	-0.001225	0.010269	1374.839233	-482.002411	1262.985864	507.062164	-117.037125	307.114902	-110.241852	-242.029724	168.507462	-170.145264	5.835438	394.326691	-0.016471	-0.053949	0.195781	0.054904	0.021041	0.248236	418.450592	-98.096153	-1332.535970	11.979891	1.510894	7.713451	10.666296	3.471690	9.658620
352	L-Cystathionine	2	metabolite	metabolite			392	-30.468311	-34.252548	12.901356	-11.081218	-12.457531	4.692178	379.408478	-35.860619	318.948779	-53.135109	-63.928963	227.620468	379.408478	-35.860619	-1267.534215	-0.219931	-0.403385	0.192042	-0.150157	-0.394323	-0.034204	-1.281956	-2.491197	1.121499	3.915498	-0.349808	-0.763934	-0.012678	-0.001381	0.015130	-0.014031	-0.001638	0.011119	2637.457764	-282.358765	1262.985864	450.988922	-173.787643	307.114902	-84.814995	-129.419800	129.379623	-111.250587	107.590546	260.343201	-0.038278	0.064425	0.095982	-0.022702	0.131644	0.118485	379.408478	-35.860619	-1332.535970	10.703076	1.610723	9.327738	11.160200	1.587158	7.696048
353	FREM1	1	transcript	protein		233		-16.537387	5.140393	-12.169272	-30.448860	9.464560	-22.406228	-936.369324	437.445404	-318.948779	-543.249878	406.066284	-227.620468	-936.369324	437.445404	-1300.035093	-0.183079	-0.747159	1.554454	-0.147371	-0.601433	1.251273	-3.929145	-4.950472	10.299387	-4.752561	-5.987923	12.457789	-0.039820	-0.047551	0.098926	-0.038198	-0.044652	0.091471	-4377.612793	480.658386	-1262.985864	-984.775208	465.693512	-307.114902	-126.117188	-910.164124	419.656952	-170.439133	-979.831543	470.936584	-0.203840	-0.765181	0.520164	-0.204220	-0.744493	0.533122	-936.369324	437.445404	-1332.535970	6.505739	-3.457646	15.756442	3.585420	-1.565007	15.341450
354	Ceramide	12	metabolite	metabolite			428	45.691644	4.684736	12.582804	16.617890	1.703822	4.576322	-49.402634	-13.613688	318.948779	217.762650	-182.505722	227.620468	-49.402634	-13.613688	-942.525442	-0.331730	0.174339	-0.177592	-0.253591	-0.205356	-0.226583	-0.359512	1.820243	1.864993	1.854378	3.242765	0.843102	-0.008138	-0.001465	-0.016012	-0.008346	-0.000475	-0.008363	-1151.435303	1583.293091	1262.985864	-36.839890	-0.426992	307.114902	263.142578	20.237364	-195.831161	331.450287	201.193146	-3.204614	0.137703	0.006811	-0.121456	0.155542	0.016173	-0.116755	-49.402634	-13.613688	-1113.306970	9.589066	0.123877	4.981898	8.284453	2.504415	4.102924
355	FOXD4L6	2	protein	protein	25			18.138525	1.859732	10.748735	33.396897	3.424164	19.790715	-7.239197	149.360367	-318.948779	-114.818825	211.656738	-227.620468	-7.239197	149.360367	-1267.534215	0.174158	0.238956	0.308521	0.042251	0.213066	-0.263482	-0.765578	1.774651	-1.973050	-2.311770	-1.763815	1.606725	-0.004671	-0.003791	-0.013688	-0.003866	-0.005320	-0.026050	97.953133	875.635376	-1262.985864	-63.366306	229.239731	-307.114902	200.779037	123.268433	13.783914	321.584656	-20.460964	-142.801697	0.041499	-0.073125	-0.070737	-0.000538	-0.123540	-0.110386	-7.239197	149.360367	-1327.393899	7.395723	2.678996	5.736349	7.120607	5.108588	6.500902
356	CAMKV	1	bridge	protein				4.395255	25.574732	18.292479	3.596712	20.928240	14.969048	0.476712	133.983322	0.000000	12.751892	0.776088	0.000000	0.476712	133.983322	-1300.035093	-0.577360	0.203443	0.257165	0.016372	-0.209028	-0.615330	-3.542293	1.546730	2.199452	2.677376	-2.963457	5.126981	-0.005442	-0.000561	-0.010387	-0.005106	-0.000014	-0.010344	1060.287354	772.016418	0.000000	15.726280	305.596283	0.000000	373.910797	27.876263	-79.144814	370.785004	-226.331116	-225.078430	0.251294	-0.055309	-0.062214	0.111342	-0.170873	-0.179807	0.476712	133.983322	-1332.535970	8.561947	1.178649	4.629672	8.333723	3.417733	4.927543
357	CDP	0	metabolite	metabolite			1167	0.941902	19.400986	-43.482348	0.342567	7.056070	-15.814377	-1186.992292	589.148508	318.948779	-955.929975	120.641031	227.620468	-1186.992292	589.148508	-1332.535970	-1.237896	-1.256146	0.121918	-0.996457	-1.011148	0.098139	-8.201959	-8.322881	0.807795	-9.920812	-10.067075	0.977082	-0.081394	-0.080364	0.006573	-0.077141	-0.075389	0.004963	-4685.958805	2258.775893	1262.985864	-1137.717072	571.412004	307.114902	-195.301481	1203.303874	271.455383	-190.682847	1308.123640	309.555262	-0.211429	1.162200	0.260926	-0.210029	1.154506	0.259199	-1186.992292	589.148508	-1332.535970	0.078983	-6.558786	7.028334	-0.251919	-4.593708	6.817219
358	Citrate	4	metabolite	metabolite			874	-36.925164	27.461253	12.264252	-13.429552	9.987561	4.460465	342.244263	19.312595	318.948779	73.505798	-29.407681	227.620468	342.244263	19.312595	-1202.532461	0.053470	-0.301394	-0.176122	-0.019433	-0.217441	0.202260	-0.280400	-2.612317	-0.763564	2.866531	-1.124134	-2.125420	-0.011782	-0.001132	0.012321	-0.015604	-0.001801	0.012753	-56.314175	-105.733421	1262.985864	406.581604	-23.296713	307.114902	-33.328362	-228.642822	96.487892	-99.895157	-29.654074	304.037720	0.037828	-0.035748	0.091284	0.068187	0.044299	0.130864	342.244263	19.312595	-1326.188389	12.074142	1.335587	7.339141	10.442997	3.610830	9.845106
359	STXBP3	1	bridge	protein				3.728683	31.156229	-4.835943	3.051245	25.495674	-3.957335	139.512680	249.861008	0.000000	-93.712212	-203.956406	0.000000	139.512680	249.861008	-1300.035093	0.196818	0.077318	0.740568	-0.563007	0.595592	0.115917	-3.784669	0.960637	-3.608855	-2.845295	-3.193029	7.191223	-0.004283	-0.000566	-0.007198	-0.004226	-0.000379	-0.010649	-270.516937	-2510.921387	0.000000	85.048317	-5.754629	0.000000	304.691803	149.800064	83.879784	393.463654	178.207443	-186.554916	0.155310	0.173277	0.085555	0.108340	0.217489	-0.063040	139.512680	249.861008	-1332.535970	7.548139	1.334922	5.936198	8.120928	3.759629	6.996298
360	STMN3	0	transcript	protein		206		-1.684170	-13.803109	-15.957373	-3.100917	-25.414471	-29.380929	-804.879400	1062.540933	-318.948779	-528.128352	807.356723	-227.620468	-804.879400	1062.540933	-1332.535970	1.763141	0.090151	0.091438	1.419258	0.072568	0.073604	11.682088	0.597313	0.605846	14.130259	0.722490	0.732811	0.112078	0.006429	0.004608	0.104085	0.005912	0.003123	-3207.019121	4091.006261	-1262.985864	-770.624087	1026.196552	-307.114902	-635.007622	-1062.479393	246.644480	-670.147602	-1162.533732	282.500935	-0.631812	-1.004012	0.237206	-0.627629	-0.997365	0.235635	-804.879400	1062.540933	-1332.535970	18.363599	1.643886	6.842630	17.605594	3.417361	6.635852
361	ITPR2	2	protein	protein	155			-14.675547	10.914208	10.654032	-27.020814	20.095386	19.616347	-65.697762	-91.052139	-318.948779	-1.500194	268.108978	-227.620468	-65.697762	-91.052139	-1267.534215	-0.158442	0.380631	-0.203605	-0.143987	0.335857	0.130067	-0.243491	2.736555	1.513173	-2.012948	1.560911	2.484173	-0.004756	-0.002572	-0.015385	-0.004120	-0.003780	-0.023242	-440.128143	-1973.676025	-1262.985864	-47.983910	-25.823195	-307.114902	224.289536	57.591728	-155.747757	242.220535	-88.161789	-59.384411	0.144637	-0.108213	-0.081741	0.141325	-0.121929	-0.029555	-65.697762	-91.052139	-1329.745250	10.007750	0.568213	3.311213	6.352745	2.337212	4.377166
362	CHPF2	1	transcript	protein		186		-12.088275	-13.264040	-11.222247	-22.257095	-24.421929	-20.662552	56.544334	946.634033	-318.948779	-631.111694	14.792546	-227.620468	56.544334	946.634033	-1300.035093	-0.760784	-0.329771	1.645892	-0.612401	-0.265452	1.324878	-5.040746	-2.184970	10.905233	-6.097115	-2.642866	13.190601	-0.050636	-0.020642	0.104821	-0.048329	-0.019447	0.096993	-8.386376	3793.721436	-1262.985864	17.939442	964.639404	-307.114902	229.800751	914.334839	302.502350	308.841827	1009.623047	305.360931	-0.030322	0.833795	-0.024973	-0.040240	0.838898	-0.013621	56.544334	946.634033	-1332.535970	2.985915	-0.914596	16.313555	4.827749	2.212273	15.885550
363	CST4	3	protein	protein	144			3.459192	-18.014843	10.559330	6.369110	-33.169170	19.441980	87.872742	87.214119	-318.948779	-161.042114	211.748932	-227.620468	87.872742	87.214119	-1235.033338	0.225153	0.030621	0.384843	-0.173615	0.340388	-0.075029	1.762305	0.434889	1.698055	-2.011967	-2.789888	1.434503	-0.006231	-0.003181	-0.013072	-0.004524	-0.004998	-0.027043	317.409424	353.422272	-1262.985864	-44.349144	170.394012	-307.114902	168.134720	88.345268	75.054161	314.910126	-78.824005	-128.949799	0.125233	-0.086065	0.060734	0.081788	-0.148881	-0.038483	87.872742	87.214119	-1322.550065	7.970236	1.321125	6.906757	6.897463	3.611470	6.443282
364	TSPYL4	0	transcript	protein		103		10.482574	8.969199	-16.052075	19.300656	16.514210	-29.555296	-888.920923	991.361394	-318.948779	-585.569911	767.223534	-227.620468	-888.920923	991.361394	-1332.535970	-1.361995	1.125348	0.060959	-1.096351	0.905860	0.049070	-9.024205	7.456247	0.403898	-10.915372	9.018824	0.488541	-0.089395	0.073167	0.002643	-0.084635	0.068425	0.001282	-3532.295620	3815.511119	-1262.985864	-851.362147	957.814903	-307.114902	1227.049847	316.883035	221.833576	1360.278733	341.551853	255.446608	1.148416	0.314733	0.213485	1.140814	0.312650	0.212072	-888.920923	991.361394	-1332.535970	-0.677123	7.951102	6.656926	-0.990363	9.577249	6.454486
365	gamma-Glutamyl-beta-cyanoalanine	2	metabolite	metabolite			440	8.693444	-45.273881	11.945700	3.161775	-16.465951	4.344609	459.060120	-137.009552	318.948779	123.884880	-40.243774	227.620468	459.060120	-137.009552	-1267.534215	0.105661	-0.507550	-0.098459	0.004797	-0.366790	0.289673	0.319329	-3.041820	-0.690974	2.962904	-0.554517	-2.888835	-0.008678	-0.000317	0.009626	-0.011845	-0.000963	0.008672	775.392334	-550.396484	1262.985864	518.001465	-173.865936	307.114902	-141.589813	-279.038666	172.655304	-205.035599	-19.398586	413.829987	-0.015141	-0.070234	0.217412	0.038298	0.003572	0.268712	459.060120	-137.009552	-1295.443008	12.118269	1.377178	7.694772	10.887328	3.282786	9.756566
366	RIOX1	1	transcript	protein		96		16.909645	-2.146980	-12.548082	31.134267	-3.953048	-23.103698	-1077.149414	-52.939503	-318.948779	-601.497192	275.065033	-227.620468	-1077.149414	-52.939503	-1300.035093	-0.669322	0.360894	1.493495	-0.538777	0.290505	1.202204	-7.150860	2.391184	9.895489	-8.649439	2.892296	11.969249	-0.071167	0.023884	0.094997	-0.067561	0.022261	0.087790	-3725.724121	-1931.540894	-1262.985864	-1019.622559	-203.148636	-307.114902	175.530182	-230.280563	1015.908508	209.022171	-272.634521	1099.011108	0.003559	-0.065541	1.000000	-0.001513	-0.047969	1.000000	-1077.149414	-52.939503	-1332.535970	1.045534	3.293463	15.385033	0.692055	5.028405	14.978717
367	Prostaglandin I2	0	metabolite	metabolite			995	-13.281489	-13.156111	-43.800900	-4.830431	-4.784831	-15.930233	-1304.071511	209.587000	318.948779	-955.929975	-99.511399	227.620468	-1304.071511	209.587000	-1332.535970	0.244240	-1.750592	0.030479	0.196603	-1.409156	0.024535	1.618267	-11.598942	0.201949	1.957401	-14.029687	0.244270	0.014157	-0.112241	0.000678	0.012362	-0.105247	-0.000558	-5139.105267	789.711147	1262.985864	-1250.194200	206.770113	307.114902	-1085.987592	558.257350	197.022673	-1161.905575	604.751445	228.392281	-1.062973	0.545500	0.189765	-1.055936	0.541889	0.188508	-1304.071511	209.587000	-1332.535970	9.109291	-9.571327	6.471221	8.567453	-7.535881	6.273119
368	L-Aspartyl-tRNA(Asn)	1	metabolite	metabolite			924	24.214457	39.325177	11.627148	8.806713	14.302428	4.228753	432.392517	-96.741570	318.948779	92.028374	-17.546265	227.620468	432.392517	-96.741570	-1300.035093	0.073062	-0.429378	-0.206846	-0.068836	-0.355781	0.285359	-0.005752	-3.039380	-0.768436	2.862041	-0.634025	-2.926822	-0.009449	-0.000567	0.010848	-0.012793	-0.001225	0.010269	1440.574829	-572.429016	1262.985864	512.789734	-120.841133	307.114902	-104.103500	-247.263580	157.201874	-167.303467	-0.350608	382.695709	-0.009694	-0.065811	0.188100	0.052809	0.008722	0.241188	432.392517	-96.741570	-1332.535970	12.127113	1.538476	7.803702	10.751976	3.255848	9.702773
369	OPRL1	1	bridge	protein				28.819689	-7.296820	-11.143694	23.583644	-5.971113	-9.119075	-95.822350	-114.301537	0.000000	-229.214508	-164.091980	0.000000	-95.822350	-114.301537	-1300.035093	-0.237379	0.603797	0.029841	-0.411906	0.658107	0.059209	-0.905658	3.960469	1.397888	-4.146259	2.755173	5.822275	-0.004481	-0.000123	-0.014137	-0.004038	0.000138	-0.011590	-567.384033	-2259.016602	0.000000	-56.552536	-226.129745	0.000000	338.832886	53.091007	-149.832382	465.736755	-267.441132	-126.632034	0.184813	-0.105390	-0.103729	0.147679	-0.228588	-0.158637	-95.822350	-114.301537	-1332.535970	8.986737	0.461603	3.678308	6.926285	3.321124	4.017397
370	Succinate semialdehyde	3	metabolite	metabolite			40	-44.494778	-12.662163	11.308596	-16.182594	-4.605184	4.112897	474.456055	-66.673164	318.948779	60.379307	68.932655	227.620468	474.456055	-66.673164	-1235.033338	0.125023	-0.299007	0.049632	0.041933	-0.267995	0.126582	0.839586	-2.240045	0.315124	2.381673	0.343752	-2.475093	-0.012401	-0.001050	0.015586	-0.016775	-0.001952	0.015415	2482.935303	-1195.143066	1262.985864	566.239136	-59.087063	307.114902	-67.438095	-149.316559	247.153244	-124.443527	72.428116	448.691437	0.016421	0.016800	0.180235	0.038379	0.077130	0.218502	474.456055	-66.673164	-1322.330569	12.461250	2.240722	8.119120	11.603383	2.893724	9.035190
371	L-Cysteate	1	metabolite	metabolite			135	41.430819	-20.753462	10.990044	15.068243	-7.547961	3.997040	425.629486	-90.485367	318.948779	95.699875	-14.362682	227.620468	425.629486	-90.485367	-1300.035093	0.161266	-0.408935	-0.156555	-0.059568	-0.313276	0.296252	0.386649	-3.095883	-0.471372	3.183750	-0.822804	-2.535794	-0.009449	-0.000567	0.010848	-0.012793	-0.001225	0.010269	1471.396606	-562.321228	1262.985864	508.614655	-122.528488	307.114902	-99.312149	-252.581604	161.173096	-162.439743	-3.787819	386.965637	-0.001114	-0.061837	0.192464	0.042985	0.012605	0.246001	425.629486	-90.485367	-1332.535970	12.003665	1.496370	7.691311	10.742007	3.368214	9.720207
372	MYO1F	1	transcript	protein		42		9.646564	15.666378	10.464627	17.761383	28.845145	19.267612	-648.273071	128.725540	-318.948779	-146.488464	-188.093811	-227.620468	-648.273071	128.725540	-1300.035093	0.860224	0.005488	-0.747023	0.777081	0.366256	0.222025	6.790216	0.215681	-3.362070	-7.140458	0.477611	-4.904236	0.007290	0.024267	0.014283	0.005582	0.024320	0.008497	-3113.036621	269.890472	-1262.985864	-710.709229	110.830933	-307.114902	-409.526947	68.064323	-403.295410	-393.738831	-97.357574	-502.641815	-0.236396	0.200258	-0.264136	-0.217792	0.221803	-0.247333	-648.273071	128.725540	-1332.535970	0.811236	0.144706	7.093139	-0.389108	2.291848	5.749386
373	IDH3B	6	bridge	protein				8.536243	-30.561861	-1.051292	6.985353	-25.009293	-0.860290	350.608246	-125.332825	0.000000	94.481468	-107.655205	0.000000	350.608246	-125.332825	-1137.530706	-0.004480	-0.299809	0.321701	-0.379778	-0.450508	0.291491	0.609824	-1.983249	1.527232	4.245617	3.701968	-3.158543	-0.009715	-0.000487	0.005160	-0.007868	-0.000070	-0.001073	1774.188354	-1978.419312	0.000000	284.941010	-102.803391	0.000000	128.444626	-56.520531	245.395920	183.110886	-109.450249	382.515625	0.086392	0.002695	0.155893	0.006669	-0.101106	0.138428	350.608246	-125.332825	-1172.928954	9.292752	2.068238	4.852127	10.659355	4.296429	6.042537
374	ALOX5	12	transcript	protein		1042		-17.747061	-5.050395	10.369925	-32.676128	-9.298854	19.093245	54.081768	-16.043056	-318.948779	-76.925385	280.282684	-227.620468	54.081768	-16.043056	-942.525442	-0.312335	0.105747	0.360622	-0.224997	0.074096	-0.261905	-2.741223	1.046160	0.221978	0.055039	-0.687126	3.317722	-0.007485	-0.001490	-0.016445	-0.005420	-0.002047	-0.017858	926.801025	1775.260376	-1262.985864	119.003136	269.920807	-307.114902	408.317932	41.951298	24.838251	503.103729	-22.918848	-120.178513	0.191003	0.060806	-0.031453	0.138042	-0.061084	-0.167461	54.081768	-16.043056	-987.610581	7.871337	1.079878	4.476865	8.049767	4.446584	5.124675
375	PLA2R1	0	transcript	protein		273		-13.677234	0.463510	-16.146778	-25.182707	0.853421	-29.729664	-966.797442	913.484875	-318.948779	-639.890670	722.957738	-227.620468	-966.797442	913.484875	-1332.535970	1.002562	1.456030	0.000000	0.807022	1.172046	-0.000000	6.642700	9.647256	-0.000000	8.034785	11.668995	0.000000	0.063045	0.094486	-0.001287	0.058156	0.088394	-0.002399	-3833.710927	3514.095812	-1262.985864	-926.177534	882.999516	-307.114902	461.541927	-1187.532670	172.211770	525.552917	-1298.894436	201.337954	0.416549	-1.123570	0.166044	0.413792	-1.116132	0.164945	-966.797442	913.484875	-1332.535970	13.729569	9.965871	6.285517	13.079808	11.544955	6.091752
376	FAM209A	7	protein	protein	179			16.544925	-8.287658	10.275222	30.462738	-15.259347	18.918877	56.115223	15.646521	-318.948779	-126.007599	164.711349	-227.620468	56.115223	15.646521	-1105.029829	-0.115938	0.121187	0.136088	-0.026993	0.097040	-0.167610	-0.590499	1.158752	0.979637	-1.026846	0.367522	1.968031	-0.007854	-0.002831	-0.012609	-0.005665	-0.004013	-0.020656	68.787323	9.380985	-1262.985864	45.949699	73.399567	-307.114902	208.005035	-62.315147	-37.338966	252.770523	-134.742401	-63.331028	0.083508	-0.084757	-0.009379	0.096518	-0.099492	0.006992	56.115223	15.646521	-1201.391403	7.845160	-0.188906	6.001776	7.590748	2.365364	5.959200
377	L-Asparagine	3	metabolite	metabolite			460	-16.557576	43.358574	10.671492	-6.021932	15.769361	3.881184	370.477753	-60.808739	318.948779	45.056133	-30.931145	227.620468	370.477753	-60.808739	-1235.033338	-0.043725	-0.337519	-0.204703	-0.128366	-0.251721	0.227403	-0.464762	-2.585108	-0.415087	3.205144	-0.621946	-1.983840	-0.013128	-0.001266	0.015702	-0.017794	-0.002164	0.016816	1139.345947	-388.853180	1262.985864	449.016418	-94.436516	307.114902	-44.660332	-237.407990	127.489761	-106.880905	13.116307	365.921112	-0.007160	-0.037561	0.127570	0.047766	0.018941	0.181350	370.477753	-60.808739	-1332.535970	11.629191	1.007591	8.034209	10.642388	3.444175	9.130093
378	VPS8	2	protein	protein	73			-6.620127	17.335828	10.180520	-12.189068	31.918960	18.744510	-70.971207	-86.619560	-318.948779	2.194333	263.256989	-227.620468	-70.971207	-86.619560	-1267.534215	-0.191223	0.391999	-0.168425	-0.125009	0.317512	0.160269	-0.151374	2.695896	1.582059	-2.011115	1.499230	2.526810	-0.004756	-0.002572	-0.015385	-0.004120	-0.003780	-0.023242	-463.270813	-1993.742432	-1262.985864	-52.641705	-26.667379	-307.114902	226.982956	58.224911	-150.824783	245.720459	-88.342140	-55.645283	0.141424	-0.103085	-0.093556	0.141963	-0.120034	-0.036435	-70.971207	-86.619560	-1329.745250	9.967039	0.614871	3.337539	6.275185	2.463108	4.385513
379	UMOD	2	bridge	protein				-20.746786	-16.067477	17.871962	-16.977450	-13.148291	14.624932	169.142868	142.672348	0.000000	-66.654938	-57.641064	0.000000	169.142868	142.672348	-1267.534215	-0.187819	-0.119168	-0.433241	0.228262	-0.022984	-0.593163	-2.532987	-1.938479	-2.223612	-0.570779	-6.801117	0.387845	-0.006844	-0.001304	-0.004686	-0.004934	-0.000701	-0.010975	1107.888550	-1427.109375	0.000000	113.824951	367.460999	0.000000	93.085495	-29.684647	-20.991499	182.998856	-91.727692	-225.217484	0.105462	0.054804	-0.005715	0.096261	0.060377	-0.119708	169.142868	142.672348	-1326.133615	8.580664	1.400537	7.378504	9.539346	2.429822	6.275078
380	ELOVL4	8	protein	protein	102			-6.847711	-17.302750	10.085817	-12.608098	-31.858055	18.570142	-8.900978	-49.826111	-318.948779	-155.716522	98.201447	-227.620468	-8.900978	-49.826111	-1072.528951	0.046262	0.066455	-0.057895	0.093750	0.109248	-0.143078	0.280355	0.686073	-0.148891	-1.514184	0.581592	0.436282	-0.005905	-0.003626	-0.009795	-0.003452	-0.005603	-0.019909	-31.669043	50.635685	-1262.985864	-73.434006	7.717467	-307.114902	125.096687	-30.784517	-92.837135	193.329254	-75.831955	-128.417831	0.050956	-0.049687	-0.061936	0.056982	-0.077291	-0.024443	-8.900978	-49.826111	-1023.952593	8.259435	-0.357417	6.231346	6.990697	2.050449	5.638171
381	FADH2	2	metabolite	metabolite			54	-17.105785	-43.222780	10.352940	-6.221314	-15.719973	3.765328	551.542786	-34.416977	318.948779	113.203835	102.796127	227.620468	551.542786	-34.416977	-1267.534215	0.075982	-0.486523	0.227619	0.141477	-0.360610	0.176295	1.131918	-2.548538	1.055409	2.379952	1.108858	-2.955998	-0.010238	-0.000622	0.012866	-0.013941	-0.001391	0.011981	2983.844482	-1349.305542	1262.985864	623.503113	0.851172	307.114902	-98.346909	-143.364655	317.861725	-170.532211	87.758736	505.138947	0.000505	0.033935	0.245264	0.003166	0.087260	0.279629	551.542786	-34.416977	-1332.535970	11.597177	3.845418	6.649827	11.310511	4.258311	6.474259
382	GRIA3	2	transcript	protein		136		3.139422	-17.485646	-11.506355	5.780345	-32.194807	-21.185655	-158.903244	1154.013062	-318.948779	344.761169	578.468262	-227.620468	-158.903244	1154.013062	-1267.534215	0.480341	-0.167996	1.615413	0.386656	-0.135230	1.300343	5.677523	-2.553536	10.703284	6.867340	-3.088671	12.946330	0.053653	-0.024228	0.102856	0.049359	-0.022806	0.095153	-677.582642	4312.380859	-1262.985864	-223.821579	1058.238037	-307.114902	879.979919	512.506348	-201.525208	950.197021	536.952942	-159.658859	0.793311	0.381849	-0.265039	0.774872	0.398561	-0.248563	-158.903244	1154.013062	-1332.486047	10.547802	-2.578087	16.127851	9.972363	1.881271	15.704183
383	COL25A1	1	transcript	protein		353		-18.055263	1.537720	-10.938140	-33.243593	2.831271	-20.139450	365.265015	795.264709	-318.948779	161.691513	-616.733948	-227.620468	365.265015	795.264709	-1300.035093	0.051580	0.445358	1.676372	0.041520	0.358496	1.349412	0.341756	2.950823	11.107182	0.413376	3.569215	13.434871	0.001736	0.029329	0.106786	0.000728	0.027362	0.098834	2472.259521	2865.153076	-1262.985864	449.073639	824.602600	-307.114902	798.442871	171.318466	-652.640137	901.121643	201.153885	-697.163635	0.688719	0.292603	-0.621051	0.675442	0.313003	-0.603447	365.265015	795.264709	-1332.535970	7.935460	3.808084	16.499260	9.145884	7.255849	16.066916
384	Ferrocytochrome c	1	metabolite	metabolite			783	17.916043	0.699553	-44.119452	6.516002	0.254425	-16.046089	277.047913	66.730774	318.948779	-905.159331	-313.729591	227.620468	277.047913	66.730774	-1300.035093	-0.137279	-0.145966	0.643001	-0.692678	0.262709	-0.189868	-2.897428	-0.305118	3.440214	-0.033601	-6.051037	4.752747	-0.007528	-0.000649	0.000838	-0.004085	-0.000155	-0.005106	2529.281738	1045.119873	1262.985864	295.895721	219.442368	307.114902	124.177734	27.436895	231.311310	322.833069	64.524971	223.371674	0.152135	0.069993	0.106914	0.243677	0.029575	0.081965	277.047913	66.730774	-1332.535970	12.688653	2.519014	6.236792	10.399191	2.976865	5.833690
385	DBNL	3	bridge	protein				14.342318	28.286599	-1.471809	11.736564	23.147407	-1.204406	167.262451	-18.704113	0.000000	172.210464	-96.996666	0.000000	167.262451	-18.704113	-1235.033338	-0.499912	-0.150510	0.153346	-0.576968	-0.114296	0.074829	-3.586273	-1.111283	0.191019	4.127457	-0.052262	4.034412	-0.008879	-0.001532	-0.006178	-0.007317	-0.000660	-0.008180	542.681091	1507.380859	0.000000	170.507187	-84.987335	0.000000	177.464340	-87.120422	10.070999	269.433105	37.289581	188.962479	0.084011	-0.019058	-0.005686	0.067435	-0.068083	0.027229	167.262451	-18.704113	-1309.340112	8.369693	1.950929	6.332419	8.445789	3.619362	6.097867
386	Galactosylceramide	4	metabolite	metabolite			217	41.872626	20.346849	10.034388	15.228927	7.400078	3.649472	137.772919	-215.371918	318.948779	4.603835	-202.394836	227.620468	137.772919	-215.371918	-1202.532461	-0.508245	-0.263467	-0.084724	-0.103333	-0.512584	-0.166652	-0.835483	-1.693838	3.449376	4.917923	1.885117	-0.521299	-0.008772	-0.000675	-0.001160	-0.011653	-0.000836	0.002492	344.364166	-1620.151123	1262.985864	257.228302	-267.024445	307.114902	28.446560	-70.153915	-180.213196	9.477577	177.673508	58.733746	0.003477	0.040937	-0.143751	0.007896	0.095229	-0.075902	137.772919	-215.371918	-1312.062493	9.861385	-0.162636	6.970401	8.431978	1.134587	4.526644
387	FAXDC2	0	transcript	protein		139		9.691717	-9.501839	-16.241480	17.844521	-17.494913	-29.904032	-1037.976981	829.443352	-318.948779	-690.793947	674.801099	-227.620468	-1037.976981	829.443352	-1332.535970	-1.722536	-0.396351	-0.030479	-1.386573	-0.319047	-0.024535	-11.413052	-2.626117	-0.201949	-13.804841	-3.176462	-0.244270	-0.112638	-0.024935	-0.003252	-0.106408	-0.023467	-0.004240	-4109.206069	3188.819313	-1262.985864	-994.559183	802.261456	-307.114902	499.625832	1151.511646	147.400866	567.080402	1251.648314	174.283627	0.452959	1.112684	0.142323	0.449961	1.105318	0.141381	-1037.976981	829.443352	-1332.535970	-2.873816	-1.320257	6.099812	-3.135744	0.522455	5.910386
388	SRC	4	protein	protein	58			16.783016	8.155244	9.991115	30.901114	15.015546	18.395775	13.631210	137.882858	-318.948779	63.043144	374.404144	-227.620468	13.631210	137.882858	-1202.532461	-0.438296	0.139713	0.409265	-0.275225	0.004117	-0.780843	-3.484127	1.508457	1.514173	2.263914	-2.122016	7.657815	-0.006383	-0.000922	-0.014203	-0.004659	0.000096	-0.009912	1318.563232	1606.609009	-1262.985864	133.559357	438.080719	-307.114902	411.699615	60.349594	-37.077682	528.470703	-103.615944	-251.037933	0.235434	0.000118	-0.065649	0.140527	-0.149183	-0.231320	13.631210	137.882858	-1281.033149	8.407503	1.086292	4.618767	8.294978	3.731478	5.005810
389	LAMP3	1	bridge	protein				-16.302999	2.556781	-27.123331	-13.341022	2.092258	-22.195486	189.358963	-116.147377	0.000000	-954.864554	-108.272824	0.000000	189.358963	-116.147377	-1300.035093	0.374263	-0.326084	-0.195085	-0.011607	0.281859	0.615042	0.372868	-2.813240	-2.698428	-2.547735	6.244937	2.213288	-0.006277	-0.001330	-0.001057	-0.003651	-0.000568	-0.005900	806.189514	-1758.182983	0.000000	105.725754	-100.720734	0.000000	-0.542290	-49.013321	-45.773678	103.746590	50.834621	-36.676682	-0.006182	0.067233	-0.041948	0.139396	0.156659	-0.031363	189.358963	-116.147377	-1332.535970	9.347271	0.435157	7.201996	8.934269	1.531735	5.204289
390	ITGAV	6	bridge	protein				-23.743807	-20.410812	-5.256460	-19.429963	-16.702517	-4.301451	182.443344	56.001949	0.000000	-37.583557	-248.964050	0.000000	182.443344	56.001949	-1137.530706	0.178444	-0.084760	0.136777	-0.352543	0.350847	0.281961	-0.451325	-1.041238	-1.525778	-1.421486	-0.428363	5.468222	-0.007778	-0.002989	-0.004907	-0.005045	-0.002025	-0.014007	681.442505	114.761787	0.000000	131.410339	55.668102	0.000000	119.292213	-24.496336	106.128815	258.374756	140.655838	-44.473217	0.074661	-0.042877	0.084909	0.092052	0.021651	0.022841	182.443344	56.001949	-1201.428470	10.245360	2.507845	6.750641	9.364836	4.012800	7.295710
391	SGPP2	0	transcript	protein		213		-0.721849	13.439050	-16.336183	-1.329079	24.744160	-30.078399	-1101.973312	739.810913	-318.948779	-738.001727	623.016632	-227.620468	-1101.973312	739.810913	-1332.535970	1.537190	-0.870910	-0.060959	1.237376	-0.701048	-0.049070	10.185000	-5.770414	-0.403898	12.319431	-6.979697	-0.488541	0.097511	-0.055529	-0.005217	0.090441	-0.052125	-0.006080	-4356.899135	2841.903589	-1262.985864	-1056.039977	716.152245	-307.114902	-1112.092128	-551.607216	122.589963	-1190.370506	-605.468046	147.229300	-1.087930	-0.515590	0.118603	-1.080728	-0.512177	0.117818	-1101.973312	739.810913	-1332.535970	16.986933	-4.211634	5.914108	16.261085	-2.301382	5.729019
392	Nucleoside triphosphate	1	metabolite	metabolite			794	-44.684386	13.300682	9.715836	-16.251554	4.837411	3.533615	346.583954	-61.638222	318.948779	-64.250015	-58.592422	227.620468	346.583954	-61.638222	-1300.035093	-0.271256	-0.447881	0.133153	-0.129968	-0.473169	0.092235	-1.468716	-2.603981	0.904794	3.948075	0.259127	-0.896849	-0.010254	-0.001000	0.010430	-0.013600	-0.001571	0.010708	2153.365723	-255.838821	1262.985864	418.503937	-167.620544	307.114902	-62.585251	-104.669319	83.175278	-82.847374	144.432648	258.334229	-0.009071	0.106089	0.061068	0.019249	0.151177	0.101422	346.583954	-61.638222	-1332.535970	9.859200	1.378103	8.594762	10.627095	1.531297	7.255427
393	GNPTAB	3	protein	protein	198			-17.932367	5.337719	9.896412	-33.017315	9.827881	18.221407	52.016312	-45.874840	-318.948779	15.247307	247.224747	-227.620468	52.016312	-45.874840	-1235.033338	-0.236996	0.224852	0.060779	-0.178414	0.221431	0.089307	-0.347760	1.578951	2.086626	-1.302721	1.285354	2.390096	-0.006728	-0.002328	-0.010569	-0.005285	-0.003591	-0.020360	110.501816	-1661.877441	-1262.985864	15.979406	40.381714	-307.114902	163.332794	50.410515	-70.678246	236.764313	-22.051561	-2.321925	0.098054	-0.005877	-0.058462	0.106879	-0.031126	-0.014761	52.016312	-45.874840	-1289.249228	10.040808	0.748846	3.905855	6.699315	2.067639	4.504332
394	Isocitrate	3	metabolite	metabolite			245	23.997934	-40.047350	9.397284	8.727964	-14.565080	3.417759	412.053986	-109.240952	318.948779	85.464745	106.636345	227.620468	412.053986	-109.240952	-1235.033338	0.019750	-0.441036	0.276648	0.053057	-0.444721	0.160658	0.961861	-2.362234	1.316920	2.735097	1.476803	-2.518225	-0.010539	-0.000662	0.009253	-0.012135	-0.001041	0.008148	1962.262939	-1822.558594	1262.985864	507.633636	-20.355587	307.114902	59.239876	-92.742653	274.868988	-29.641520	21.508774	469.513763	0.061438	0.019783	0.194690	0.003105	0.001466	0.211100	412.053986	-109.240952	-1332.535970	9.379417	2.185680	4.968335	10.771720	4.355188	6.146844
395	NPHS1	4	transcript	protein		1476		-16.305511	-8.521848	-10.464627	-30.021926	-15.690542	-19.267612	925.650696	348.616364	-318.948779	227.518265	573.669189	-227.620468	925.650696	348.616364	-1202.532461	-0.314778	-0.458468	1.706851	-0.253384	-0.369048	1.373947	2.618819	-3.037683	11.309130	3.167634	-3.674279	13.679141	0.023892	-0.028939	0.108751	0.021481	-0.027218	0.100674	3873.387451	1033.907837	-1262.985864	936.617493	368.853760	-307.114902	57.318962	360.668732	-871.259827	103.046196	419.774353	-1018.314758	-0.546638	0.392558	-0.374307	-0.542841	0.410564	-0.366631	925.650696	348.616364	-1332.319636	10.029360	-1.698718	16.684964	8.409785	1.982307	16.248283
396	CLEC4E	0	transcript	protein		149		-8.472160	-10.307692	-16.430885	-15.599054	-18.978662	-30.252767	-1158.349275	645.199840	-318.948779	-781.256176	567.887165	-227.620468	-1158.349275	645.199840	-1332.535970	-0.544779	1.679288	-0.091438	-0.438525	1.351760	-0.073604	-3.609555	11.126504	-0.605846	-4.365995	13.458242	-0.732811	-0.036710	0.108879	-0.007182	-0.035285	0.101876	-0.007921	-4575.098130	2475.718427	-1262.985864	-1110.199942	625.260098	-307.114902	1231.311319	-383.975094	97.779059	1364.925531	-422.678481	120.174973	1.152490	-0.355325	0.094882	1.144861	-0.352973	0.094254	-1158.349275	645.199840	-1332.535970	4.301984	11.326131	5.728403	3.872439	12.873441	5.547653
397	Glyoxylate	7	metabolite	metabolite			417	9.368889	45.801753	9.078732	3.407432	16.657936	3.301903	414.022644	35.392807	318.948779	-31.838303	23.269518	227.620468	414.022644	35.392807	-1105.029829	-0.097054	-0.346789	0.090588	-0.049460	-0.363443	0.052712	-0.232120	-1.907133	1.285447	3.028961	0.864705	-1.277421	-0.015996	-0.002020	0.021108	-0.021591	-0.003111	0.022731	2374.700439	390.086151	1262.985864	472.765656	-44.656910	307.114902	-42.082981	-149.231110	170.051575	-108.069397	137.619400	350.176239	-0.017737	0.023412	0.110936	-0.002613	0.077261	0.152781	414.022644	35.392807	-1319.992660	10.693894	2.225630	8.384722	10.379300	1.766014	8.187291
398	IGKV3D-15	6	transcript	protein		308		9.642782	-16.091713	9.801710	17.754421	-29.628279	18.047039	-425.904816	-82.843361	-318.948779	82.453957	-12.485009	-227.620468	-425.904816	-82.843361	-1137.530706	0.641005	0.107380	0.124322	0.325799	0.319744	0.206133	4.282104	0.882071	0.858265	-4.209870	2.548538	-1.542865	0.016958	0.004826	-0.023077	0.015109	0.004991	-0.015874	-669.364319	-1110.200195	-1262.985864	-422.327789	-62.535603	-307.114902	-431.521301	101.567146	18.828815	-318.165619	-129.780457	-184.375305	-0.282893	0.019652	0.026869	-0.288341	-0.008506	-0.015883	-425.904816	-82.843361	-1284.119387	0.577111	-0.146946	5.114010	0.848216	1.358878	4.486516
399	XKR8	1	protein,transcript	protein	258	299		3.769364	18.427314	9.707007	6.940203	33.928619	17.872672	-592.440918	96.270889	-318.948779	-140.326492	-321.735992	-227.620468	-592.440918	96.270889	-1300.035093	0.518856	-0.244242	-0.903771	0.845143	0.074141	0.104242	4.830841	-2.576655	-4.713887	-5.175444	-0.039418	-6.789524	0.004579	0.014129	0.012458	0.003273	0.014364	0.007407	-1956.440552	2683.392334	-1262.985864	-695.163513	70.947655	-307.114902	-323.435120	101.466698	-408.606323	-313.793304	-6.268595	-521.518311	-0.059079	0.169550	-0.282648	-0.001750	0.220667	-0.213920	-592.440918	96.270889	-1332.535970	1.619854	0.490780	6.829619	0.047267	2.949544	5.595657
400	CMAS	4	bridge	protein				-29.662021	-11.161703	-1.892325	-24.272939	-9.133813	-1.548522	219.142975	-154.385864	0.000000	112.402946	-120.522202	0.000000	219.142975	-154.385864	-1202.532461	-0.418877	-0.398844	-0.054067	-0.540947	-0.283592	0.138977	-2.351556	-2.762160	1.339600	5.911572	-0.340909	1.912392	-0.010116	-0.000853	0.002630	-0.008528	-0.000538	-0.002835	-11.428300	-244.603119	0.000000	216.341385	-146.538712	0.000000	41.407707	-150.096130	-65.774696	170.855911	68.206268	184.097626	0.008755	-0.012439	-0.041621	0.017341	-0.018511	0.023501	219.142975	-154.385864	-1306.657187	10.651750	-0.574426	6.769409	9.096871	0.438892	4.792256
401	TNFRSF13C	2	transcript	protein		390		-15.266207	-11.070074	9.612305	-28.108345	-20.382369	17.698304	-471.322327	-177.903625	-318.948779	145.066147	-83.859055	-227.620468	-471.322327	-177.903625	-1267.534215	0.770273	0.480043	0.260064	0.237391	0.648978	0.162918	4.160229	4.481815	0.167391	-6.466556	2.446490	0.865698	0.019451	-0.010307	-0.014429	0.017931	-0.009984	-0.006563	-1477.276978	-1311.812744	-1262.985864	-425.474030	-186.191055	-307.114902	-419.653992	206.889313	51.745491	-329.471375	-20.082041	-174.415619	-0.312259	0.027422	0.080198	-0.317323	-0.026967	0.031683	-471.322327	-177.903625	-1332.535970	1.095721	-0.183846	4.850243	1.169124	1.609895	4.307315
402	SIRPB2	0	transcript	protein		128		13.093547	1.861178	-16.525588	24.108015	3.426825	-30.427134	-1206.719765	546.256421	-318.948779	-820.321055	509.713797	-227.620468	-1206.719765	546.256421	-1332.535970	-0.731875	-1.604571	-0.121918	-0.589130	-1.291616	-0.098139	-4.849205	-10.631449	-0.807795	-5.865435	-12.859440	-0.977082	-0.048772	-0.102827	-0.009147	-0.046584	-0.096429	-0.009761	-4762.312534	2092.765243	-1262.985864	-1156.669108	530.205898	-307.114902	-612.838646	1077.484595	72.968156	-645.974087	1170.927671	93.120646	-0.610617	1.041910	0.071162	-0.606575	1.035012	0.070691	-1206.719765	546.256421	-1332.535970	3.162048	-8.681657	5.542699	2.759131	-6.666992	5.366286
403	2-Hydroxyethylenedicarboxylate	1	metabolite	metabolite			939	-37.896137	-27.479848	8.760180	-13.782692	-9.994324	3.186047	308.043213	10.211368	318.948779	35.521175	-10.281741	227.620468	308.043213	10.211368	-1300.035093	0.177833	-0.319318	-0.137177	0.027692	-0.311142	-0.077782	-0.927396	-3.045344	-0.290116	3.424191	-1.202557	-1.736908	-0.009566	-0.001048	0.008441	-0.013212	-0.001526	0.009903	1294.210083	-762.915222	1262.985864	390.993744	-64.201149	307.114902	3.691679	-113.854782	143.684860	-79.899178	10.400427	308.931366	0.054554	0.013516	0.140789	0.071004	0.076896	0.168315	308.043213	10.211368	-1332.535970	9.141723	1.558422	8.049760	10.003144	2.200778	6.860731
404	ARHGAP8	0	transcript	protein		164		-10.813620	7.404835	-16.620290	-19.910183	13.633881	-30.601502	-1246.754363	443.656541	-318.948779	-854.983004	448.814250	-227.620468	-1246.754363	443.656541	-1332.535970	1.621350	0.687860	-0.152397	1.305122	0.553700	-0.122674	10.742625	4.557570	-1.009744	12.993916	5.512682	-1.221352	0.102937	0.044963	-0.011112	0.095523	0.042006	-0.011602	-4917.263482	1695.659995	-1262.985864	-1195.130046	431.638964	-307.114902	-239.614355	-1248.518864	48.157253	-239.002529	-1365.395055	66.066319	-0.253794	-1.181876	0.047441	-0.252114	-1.174052	0.047127	-1246.754363	443.656541	-1332.535970	17.499705	5.285589	5.356995	16.761879	6.973998	5.184919
405	Lactosylceramide	7	metabolite	metabolite			1383	46.563915	-5.342355	8.441628	16.935132	-1.942996	3.070190	81.483963	-233.698044	318.948779	98.943466	-240.719452	227.620468	81.483963	-233.698044	-1105.029829	-0.526914	-0.212147	-0.038181	-0.194378	-0.454854	-0.181219	-1.030620	-1.114572	3.443329	4.365283	2.382131	-0.227949	-0.007976	-0.000252	-0.004021	-0.009785	-0.000129	-0.002104	-25.579788	-2220.102783	1262.985864	160.399780	-265.019836	307.114902	69.506905	-84.464874	-238.380890	72.782822	204.901855	-31.129143	0.019357	-0.012608	-0.182171	-0.010678	0.045307	-0.126735	81.483963	-233.698044	-1207.431318	10.071186	-0.593453	6.556254	8.642311	0.658599	4.398737
406	2,5-Dioxopentanoate	1	metabolite	metabolite			670	-30.762953	35.435241	8.123076	-11.188378	12.887673	2.954334	530.000061	-25.564104	318.948779	91.407455	102.732994	227.620468	530.000061	-25.564104	-1300.035093	0.147329	-0.487092	0.136511	0.068901	-0.461554	0.053418	1.285565	-2.492163	0.826574	2.496890	1.332430	-2.802625	-0.009422	-0.000552	0.011183	-0.012802	-0.001233	0.010461	2825.037842	-1055.124390	1262.985864	603.606018	-4.449957	307.114902	-87.240646	-140.756393	294.897522	-160.699417	82.245003	486.158417	-0.026805	0.036317	0.237829	-0.025536	0.085997	0.269107	530.000061	-25.564104	-1332.535970	11.494015	3.735156	6.672339	11.220994	4.289663	6.600169
407	ASF1B	2	transcript	protein		112		18.782215	-2.154915	9.517602	34.582067	-3.967658	17.523937	25.773026	224.160980	-318.948779	-113.013832	214.042847	-227.620468	25.773026	224.160980	-1267.534215	-0.378139	0.271203	-0.189070	-0.298420	0.310288	0.003738	-2.789664	-0.195686	-2.870634	-1.450441	-3.745356	1.348558	-0.004936	-0.001156	-0.009585	-0.004677	-0.002128	-0.017273	1814.531494	2237.092041	-1262.985864	91.202087	156.766830	-307.114902	325.178864	-132.809387	0.030921	405.117401	-157.135544	-97.799232	0.088898	-0.210335	-0.054725	0.039997	-0.194590	-0.133770	25.773026	224.160980	-1295.443008	6.890576	0.841058	6.804815	7.006876	3.178877	7.236310
408	IL12RB1	10	transcript	protein		174		-12.424857	14.311949	9.422900	-22.876814	26.351353	17.349569	-468.872864	-129.691071	-318.948779	112.625755	-167.636353	-227.620468	-468.872864	-129.691071	-1007.527197	0.312658	0.441636	-0.088764	0.191046	0.421790	-0.120959	1.283097	2.738923	-1.838443	-4.122374	-0.786216	0.571645	0.034654	-0.018858	-0.000273	0.033363	-0.018077	0.007872	-1965.716675	-395.833649	-1262.985864	-488.808197	-118.045258	-307.114902	-332.456207	282.636108	-67.616463	-275.160400	86.976562	-256.216614	-0.201961	0.037647	-0.010820	-0.198418	0.010564	-0.030835	-468.872864	-129.691071	-1104.878469	1.974702	0.364430	5.026777	1.187960	2.660152	4.322214
409	PCDHB15	0	transcript	protein		341		2.944297	-12.646744	-16.714993	5.421080	-23.285355	-30.775869	-1278.179591	338.101061	-318.948779	-885.052711	385.521137	-227.620468	-1278.179591	338.101061	-1332.535970	-1.657439	0.587031	-0.182877	-1.334172	0.472536	-0.147209	-10.981738	3.889506	-1.211693	-13.283138	4.704615	-1.465622	-0.108442	0.038463	-0.013077	-0.102476	0.035917	-0.013442	-5038.892503	1287.115315	-1262.985864	-1225.320026	330.232606	-307.114902	1057.225296	720.326486	23.346349	1175.098498	781.475014	39.011992	0.986055	0.700447	0.023721	0.979527	0.695810	0.023563	-1278.179591	338.101061	-1332.535970	-2.477196	4.671262	5.171290	-2.748389	6.374021	5.003553
410	NR6A1	0	transcript	protein		15		6.311446	11.207132	-16.809695	11.620718	20.634722	-30.950237	-1300.780783	230.311031	-318.948779	-910.365948	320.180142	-227.620468	-1300.780783	230.311031	-1332.535970	0.823996	-1.549407	-0.213356	0.663284	-1.247211	-0.171743	5.459573	-10.265949	-1.413641	6.603715	-12.417344	-1.709893	0.051533	-0.099270	-0.015042	0.047372	-0.093098	-0.015283	-5126.368747	869.921977	-1262.985864	-1247.032822	226.679534	-307.114902	-1229.796425	144.171080	-1.464554	-1318.717729	153.223132	11.957665	-1.200462	0.149611	0.000000	-1.192515	0.148621	-0.000000	-1300.780783	230.311031	-1332.535970	12.641611	-8.345557	4.985586	12.017263	-6.338743	4.822186
411	SLC9B2	3	transcript	protein		187		-0.507128	-18.992829	9.328197	-0.933732	-34.969853	17.175202	-417.163483	-146.500122	-318.948779	15.763533	-146.752213	-227.620468	-417.163483	-146.500122	-1235.033338	0.455725	0.040858	-0.063514	0.287003	0.200503	-0.084787	2.501756	-0.080337	-1.919573	-3.154336	-0.729587	-1.730346	0.025155	-0.012154	0.007324	0.024213	-0.011738	0.008202	-2173.897461	-516.116211	-1262.985864	-452.604706	-121.256485	-307.114902	-276.314667	243.751160	-80.400742	-199.944870	69.040672	-268.894501	-0.168672	0.031987	-0.015160	-0.160901	0.010362	-0.051293	-417.163483	-146.500122	-1165.892700	2.537623	0.034431	5.740797	1.478425	2.666964	4.988107
412	FYB1	3	transcript	protein		338		13.235521	13.695385	9.233495	24.369419	25.216127	17.000834	-591.579102	-111.776978	-318.948779	-58.811092	-223.603348	-227.620468	-591.579102	-111.776978	-1235.033338	0.791032	0.156470	-0.273476	0.566950	0.329021	-0.139794	4.051794	1.384434	-3.695933	-5.932162	-0.642491	-2.553252	0.025760	0.017912	0.034776	0.023862	0.018844	0.027805	-3015.378906	603.414551	-1262.985864	-631.871399	-114.091820	-307.114902	-391.244690	192.633453	-208.591217	-309.584656	-14.747138	-377.616089	-0.257080	0.064817	-0.104123	-0.235212	0.065987	-0.118063	-591.579102	-111.776978	-1328.123415	1.880163	-0.085576	6.810361	0.451162	2.586044	5.764651
413	CKAP5	3	bridge	protein				9.850168	-12.341419	-27.543848	8.060560	-10.099194	-22.539602	30.278868	65.179184	0.000000	-895.757115	-338.481098	0.000000	30.278868	65.179184	-1235.033338	-0.215414	0.076324	0.461359	-0.297300	0.195768	-0.578736	-3.249409	1.038310	-0.193050	0.315346	-1.863680	6.462098	-0.006783	-0.001648	-0.015718	-0.004061	-0.000887	-0.011147	1140.720703	1695.114746	0.000000	118.094406	377.550690	0.000000	393.416443	54.093910	-8.613829	532.781189	-35.358101	-215.820221	0.194776	0.025054	-0.044868	0.145834	-0.089489	-0.209278	30.278868	65.179184	-1304.712746	7.939100	0.917951	4.501397	8.039813	4.139185	5.140695
414	Cys-Gly	3	metabolite	metabolite			935	-1.253959	-46.962932	7.804524	-0.456061	-17.080253	2.838478	451.683807	53.037075	318.948779	-1.532413	58.452766	227.620468	451.683807	53.037075	-1235.033338	-0.037282	-0.417354	0.105390	-0.026279	-0.409672	0.125677	0.442948	-1.898918	1.355480	2.743335	1.423250	-1.738597	-0.013420	-0.001415	0.017073	-0.018105	-0.002337	0.017742	2083.875244	742.588318	1262.985864	507.417328	14.266162	307.114902	-21.616402	-189.663635	221.829926	-117.671295	111.488510	404.845856	-0.019951	-0.003153	0.146182	-0.011677	0.053407	0.187809	451.683807	53.037075	-1328.081007	11.030257	2.747298	7.531056	10.888940	4.175518	7.235511
415	GM4	1	metabolite	metabolite			73	32.683641	33.819223	7.485972	11.886925	12.299933	2.722622	153.300705	-279.141846	318.948779	52.077080	-230.121506	227.620468	153.300705	-279.141846	-1300.035093	-0.431907	-0.585761	0.045995	-0.183817	-0.583700	-0.051206	-1.997768	-3.367117	2.320561	5.264414	1.354954	-0.870924	-0.006686	0.000087	0.000058	-0.008796	-0.000153	0.000130	-1192.277710	-2232.908447	1262.985864	245.991486	-319.896790	307.114902	0.239922	-133.272583	-207.999893	-5.230657	217.512314	19.893070	-0.047170	0.002105	-0.176495	-0.059715	0.098024	-0.101452	153.300705	-279.141846	-1332.535970	10.343347	-0.778521	6.806317	8.889299	0.414144	4.491423
416	DOCK10	5	transcript	protein		13		-19.056098	-1.160859	9.138792	-35.086345	-2.137389	16.826467	-631.067993	21.399542	-318.948779	-78.721970	-253.811813	-227.620468	-631.067993	21.399542	-1170.031583	0.697958	0.161797	-0.594528	0.640614	0.394464	-0.002391	4.074146	0.964602	-4.546596	-6.165364	-1.364780	-3.288585	0.025773	0.045724	0.049124	0.023454	0.046665	0.036665	-3168.784180	999.774780	-1262.985864	-689.818909	5.915126	-307.114902	-405.442322	155.214294	-325.068207	-373.711578	-18.236860	-454.326721	-0.250295	0.139975	-0.163724	-0.225507	0.154233	-0.154867	-631.067993	21.399542	-1332.449417	1.564262	0.151410	6.958414	0.035691	2.657254	5.744148
417	SAT2	5	bridge	protein				26.432019	-2.189839	17.451446	21.629773	-1.791982	14.280816	183.277771	211.227280	0.000000	-15.210314	149.771759	0.000000	183.277771	211.227280	-1170.031583	-0.373347	-0.135447	-0.039300	-0.108489	-0.046640	0.433188	-1.976327	-0.664341	1.647419	3.294508	-3.453767	0.776882	-0.009880	-0.001571	-0.002851	-0.007999	-0.000890	-0.007859	928.730713	2419.810059	0.000000	92.395882	343.555603	0.000000	142.077560	-147.575897	84.754372	48.925636	-226.331131	188.537949	-0.011066	-0.102278	0.024331	-0.041506	-0.120767	0.094333	183.277771	211.227280	-1160.068620	7.034840	3.263250	8.771310	8.256256	2.834881	7.853501
418	L-Selenocystathionine	2	metabolite	metabolite			932	-46.993963	-2.862777	7.167420	-17.091539	-1.041182	2.606765	379.347229	-29.051735	318.948779	-44.962303	-67.946602	227.620468	379.347229	-29.051735	-1267.534215	-0.190097	-0.464959	0.129607	-0.116324	-0.396854	-0.052481	-1.183127	-2.597392	1.023189	3.929043	-0.312841	-0.653988	-0.012678	-0.001381	0.015130	-0.014031	-0.001638	0.011119	2612.083496	-266.199524	1262.985864	443.836792	-176.586838	307.114902	-84.062202	-128.148468	122.410912	-104.018997	98.021400	254.803223	-0.034594	0.071934	0.095403	-0.019553	0.128286	0.111394	379.347229	-29.051735	-1332.535970	10.778266	1.647301	9.328323	11.046653	1.617598	7.700660
419	CD74	1	transcript	protein		352		-0.654955	-16.891638	-12.737487	-1.205912	-31.101112	-23.452433	-234.758942	970.786682	-318.948779	-1.963322	-717.899719	-227.620468	-234.758942	970.786682	-1300.035093	0.215632	-0.898796	1.463015	0.173575	-0.723495	1.177669	4.144835	-5.955180	9.693540	5.013452	-7.203184	11.724978	0.038740	-0.057327	0.093032	0.035390	-0.053809	0.085950	-1116.114624	4289.002930	-1262.985864	-239.703476	1012.191101	-307.114902	-154.300812	53.524151	895.709961	-81.113823	88.243576	1111.002686	0.122249	0.377814	0.765241	0.127914	0.378882	0.766534	-234.758942	970.786682	-1332.535970	8.934989	-4.381538	15.199329	8.397223	-2.467318	14.797350
420	WDR6	4	bridge	protein				-18.195620	19.668932	17.030929	-14.889787	16.095423	13.936700	28.460943	278.028748	0.000000	-33.107079	128.029999	0.000000	28.460943	278.028748	-1202.532461	-0.529797	-0.004697	0.020036	0.182322	-0.015658	0.470417	-2.602892	0.496289	2.593592	2.171458	-5.169049	0.733054	-0.006826	-0.001036	-0.008457	-0.006438	-0.000218	-0.011717	-2584.473389	2139.058105	0.000000	-121.644890	325.703430	0.000000	218.816330	-61.561943	187.411972	90.444099	-333.650024	165.469849	-0.041368	-0.148872	0.051624	-0.063273	-0.192021	0.126825	28.460943	278.028748	-1269.324096	7.943272	2.534396	7.921354	8.574424	2.281383	7.268291
421	PRKY	2	protein	protein	157			-12.105637	-3.961678	-16.904398	-22.289062	-7.294295	-31.124604	21.785982	285.653717	-318.948779	-930.784460	253.148136	-227.620468	21.785982	285.653717	-1267.534215	-0.155966	0.215504	-0.595117	0.575878	-0.199738	-0.676376	-1.652376	0.265825	-4.451563	-1.461414	-8.807540	-2.052866	-0.004742	-0.000563	-0.009274	-0.003740	0.000211	-0.006587	208.134232	2486.629883	-1262.985864	30.034182	523.103088	-307.114902	214.631180	-51.157352	-187.337891	257.545959	-168.639175	-392.177795	0.093503	0.013943	-0.174884	0.063958	0.049204	-0.274172	21.785982	285.653717	-1324.485023	6.661920	1.915455	5.949282	7.207591	4.275884	7.191682
422	GGH	7	transcript	protein		752		14.870526	-12.044580	9.044089	27.379812	-22.176642	16.652099	280.248657	-49.421696	-318.948779	-207.163483	209.108292	-227.620468	280.248657	-49.421696	-1105.029829	0.127838	-0.253632	-0.102432	0.070708	0.009808	0.233695	0.058014	-2.197512	-0.877019	-0.038261	-1.675391	-2.212854	-0.010189	-0.001899	0.006547	-0.007985	-0.002255	-0.004719	767.609924	-233.746353	-1262.985864	214.912109	-63.452267	-307.114902	-14.595996	-133.544861	56.211739	47.881401	51.171432	83.441345	0.005142	-0.046011	0.074892	0.091246	0.024071	0.077999	280.248657	-49.421696	-1170.869178	10.980273	1.473150	7.531798	10.072803	2.666784	9.216623
423	Prostaglandin D2	0	metabolite	metabolite			646	-13.069121	11.066251	-44.438004	-4.753193	4.024757	-16.161946	-1304.071511	-187.621362	318.948779	-806.355101	-510.464987	227.620468	-1304.071511	-187.621362	-1332.535970	0.438026	1.695237	-0.243836	0.352593	1.364599	-0.196278	2.902241	11.232181	-1.615590	3.510452	13.586066	-1.954163	0.026650	0.109907	-0.017007	0.024064	0.102839	-0.017124	-5139.105267	-747.654438	1262.985864	-1250.194200	-174.824978	307.114902	845.853321	-975.695668	-26.275458	944.614084	-1067.902947	-15.096662	0.783972	-0.921042	-0.023720	0.778782	-0.914945	-0.023564	-1304.071511	-187.621362	-1332.535970	10.289984	11.423308	4.799881	9.720567	12.968348	4.640820
424	MEOX2	9	protein	protein	186			-2.835641	18.970177	8.949387	-5.221020	34.928145	16.477732	91.129501	55.600380	-318.948779	-123.573021	267.675446	-227.620468	91.129501	55.600380	-1040.028074	-0.251034	0.104528	0.260747	-0.193979	0.125364	-0.183712	-2.210440	1.074648	0.097581	-0.391754	-1.153261	2.637863	-0.008664	-0.002564	-0.014943	-0.006317	-0.003415	-0.024272	568.029236	1553.357178	-1262.985864	78.512978	259.328766	-307.114902	306.562805	10.764466	45.020237	431.411377	-42.672935	-80.517662	0.130717	-0.000530	-0.020628	0.089323	-0.084456	-0.098223	91.129501	55.600380	-1137.694919	8.001528	1.512416	5.079864	8.083676	4.277306	5.878889
425	3-Oxo acid	2	metabolite	metabolite			2	36.622492	-29.662873	6.848868	13.319472	-10.788283	2.490909	227.472473	-9.283200	318.948779	-45.872078	63.199799	227.620468	227.472473	-9.283200	-1267.534215	-0.304107	-0.126623	0.344702	-0.309740	-0.200619	0.183707	0.847000	-0.338152	3.290482	2.523638	3.463358	-1.304715	-0.010088	-0.001706	0.004173	-0.014638	-0.002119	0.010008	77.350624	626.103210	1262.985864	347.228973	-2.194626	307.114902	82.239204	-125.352249	49.586540	43.808128	103.297997	302.908905	0.043551	0.036429	0.022448	0.098771	0.045815	0.116605	227.472473	-9.283200	-1332.535970	10.261191	-0.065291	5.278611	7.292213	1.940575	5.077312
426	COPZ1	1	bridge	protein				-0.419376	28.653845	-13.666795	-0.343182	23.447931	-11.183772	141.149429	-176.102493	0.000000	164.721588	178.970795	0.000000	141.149429	-176.102493	-1300.035093	-0.266976	-0.355177	-0.488478	0.365311	-0.458083	-0.343259	-3.390873	-3.278743	-0.511746	6.004418	-1.431819	2.868858	-0.006194	-0.000470	-0.002067	-0.005442	0.000170	-0.005484	561.784790	-2034.570312	0.000000	33.732800	-282.113861	0.000000	35.801819	-42.510838	-153.630203	210.629333	314.829529	-59.443859	0.035231	0.127480	-0.118459	0.148795	0.217966	-0.062770	141.149429	-176.102493	-1332.535970	9.439801	0.093074	7.078804	8.832677	1.447861	4.930514
427	S-Adenosyl-L-methionine	14	metabolite	metabolite			38	-6.973984	46.655316	6.530316	-2.536414	16.968374	2.375053	331.682953	47.683762	318.948779	-73.719002	25.496208	227.620468	331.682953	47.683762	-877.523688	-0.260021	-0.232338	0.044424	-0.202052	-0.309708	0.050786	-1.675496	-1.638417	0.556254	3.499147	0.701309	-0.170219	-0.015429	-0.002110	0.015736	-0.020486	-0.003003	0.019294	2153.204102	385.308746	1262.985864	402.166534	-47.103237	307.114902	35.074577	-142.808411	134.748962	-25.318329	100.838135	314.517487	0.020520	0.004254	0.062131	0.036377	0.045174	0.098332	331.682953	47.683762	-1073.247955	10.668388	2.503273	8.358690	10.189837	2.169197	7.852359
428	L-3-Aminoisobutanoate	2	metabolite	metabolite			637	-26.396855	-39.148691	6.211764	-9.600443	-14.238241	2.259197	457.294830	-61.441711	318.948779	78.693954	42.440170	227.620468	457.294830	-61.441711	-1267.534215	0.166252	-0.336602	-0.010973	0.051482	-0.355502	0.196274	0.939180	-2.403441	0.037046	2.363830	0.263226	-2.763344	-0.011505	-0.000912	0.014435	-0.015531	-0.001714	0.013974	2011.160522	-899.556335	1262.985864	547.447144	-63.769463	307.114902	-81.112457	-190.668930	227.748184	-152.214371	50.220802	430.788177	-0.000334	-0.002852	0.193376	0.017504	0.051271	0.238000	457.294830	-61.441711	-1332.535970	12.221346	2.087023	8.335752	11.458891	2.899525	9.084763
429	L-Lysine	2	metabolite	metabolite			483	45.948466	11.045747	5.893212	16.711295	4.017300	2.143340	483.341583	39.737885	318.948779	31.108112	80.283325	227.620468	483.341583	39.737885	-1267.534215	0.048810	-0.501776	0.187863	0.038481	-0.454957	0.142870	1.001441	-2.597581	0.822208	2.772650	1.085313	-2.588360	-0.011325	-0.000980	0.013690	-0.015264	-0.001705	0.013657	2379.247314	-763.174622	1262.985864	553.061279	29.248108	307.114902	-18.373642	-175.313858	271.863464	-110.605362	112.680031	448.824585	0.012536	-0.007472	0.210476	-0.002369	0.047684	0.245277	483.341583	39.737885	-1332.535970	11.164377	3.492631	6.769081	11.237703	4.399770	6.731187
430	4-Fumarylacetoacetate	1	metabolite	metabolite			308	-41.376063	22.911668	5.574660	-15.048329	8.332893	2.027484	447.437378	-99.340416	318.948779	11.652331	105.982613	227.620468	447.437378	-99.340416	-1300.035093	-0.036165	-0.455598	0.451824	0.132183	-0.502203	-0.053746	1.075165	-2.345079	3.065795	3.177458	2.767149	-2.755372	-0.008520	-0.000460	0.008142	-0.011851	-0.001106	0.008602	2231.811279	-1193.365479	1262.985864	534.685974	0.806182	307.114902	-2.623553	-107.532600	264.302185	-49.224796	113.809944	454.388458	0.066861	0.033884	0.195637	-0.035867	0.121962	0.203556	447.437378	-99.340416	-1332.535970	13.475817	3.189705	6.948343	12.189960	3.238726	5.910807
431	CCR2	12	transcript	protein		1185		-10.747801	-15.939866	8.854684	-19.788996	-29.348696	16.303364	-386.174194	-163.699692	-318.948779	96.058830	-78.689964	-227.620468	-386.174194	-163.699692	-942.525442	0.312209	0.466653	0.006160	0.127807	0.444268	-0.002155	1.547478	2.943796	-1.255939	-4.226852	0.086868	0.835858	0.030964	-0.024561	-0.010732	0.029994	-0.024294	-0.002847	-1451.424927	-582.681152	-1262.985864	-397.581360	-138.248764	-307.114902	-254.960373	273.074554	-0.034100	-179.507706	70.734200	-205.894852	-0.161640	-0.016007	0.016210	-0.174345	-0.042393	-0.026002	-386.174194	-163.699692	-1079.710049	1.915368	-0.164883	4.447120	2.160406	2.404157	4.317906
432	Procollagen L-proline	2	metabolite	metabolite			1090	15.044400	-44.878050	5.256108	5.471596	-16.321989	1.911628	551.902832	-25.556496	318.948779	107.956802	119.911621	227.620468	551.902832	-25.556496	-1267.534215	0.237962	-0.356773	0.096418	0.161686	-0.380822	0.083421	1.364570	-2.408558	0.801615	2.439770	0.962207	-2.948189	-0.010238	-0.000622	0.012866	-0.013941	-0.001391	0.011981	3015.042480	-1203.041748	1262.985864	617.320007	9.908338	307.114902	-79.619576	-147.741394	327.075470	-160.710388	92.598091	511.702698	-0.016007	0.038637	0.241976	-0.002106	0.106849	0.274337	551.902832	-25.556496	-1332.535970	11.361790	3.878215	6.721363	11.328565	4.402784	6.467321
433	DYNC1I2	4	bridge	protein				0.131993	-27.056917	16.610412	0.108012	-22.141138	13.592584	-23.957397	203.003479	0.000000	23.411116	-20.210974	0.000000	-23.957397	203.003479	-1202.532461	-0.397892	0.454394	0.377179	-0.153682	-0.005945	-0.694069	-1.110499	2.372148	4.154884	0.496123	3.834968	5.952164	-0.005901	-0.000471	-0.012642	-0.005295	0.000245	-0.011680	432.843353	2864.533447	0.000000	-86.642548	371.768372	0.000000	351.905243	167.636597	-58.695080	533.983154	-68.309410	-52.976749	0.261272	0.009653	-0.051899	0.284675	-0.124387	-0.042340	-23.957397	203.003479	-1286.139942	9.777184	1.119279	4.845813	8.978653	2.808893	4.559299
434	CBY1	3	protein	protein	98			18.734455	4.503655	8.759982	34.494130	8.292191	16.128997	-11.497875	348.649841	-318.948779	147.234482	275.211761	-227.620468	-11.497875	348.649841	-1235.033338	-0.757902	0.033231	-0.017932	-0.073703	0.413268	0.537418	-1.481277	0.152284	4.957360	-2.727317	-6.362272	1.077300	-0.007058	-0.000817	-0.013325	-0.005160	-0.000391	-0.013218	-2639.871338	2505.642334	-1262.985864	-163.472061	405.074463	-307.114902	281.092590	-51.823349	235.259537	151.222000	-346.336670	149.362854	-0.045424	-0.204126	0.088146	-0.053214	-0.242809	0.166079	-11.497875	348.649841	-1332.042309	7.979021	2.723794	7.823678	8.537316	2.413034	7.345778
435	S-Alkyl-L-cysteine	2	metabolite	metabolite			207	19.235339	43.285359	4.937556	6.995825	15.742733	1.795772	374.550476	-41.229458	318.948779	-56.915649	-66.707077	227.620468	374.550476	-41.229458	-1267.534215	-0.196988	-0.428907	0.186858	-0.078535	-0.412927	-0.055956	-1.233678	-2.588383	0.949160	3.954220	0.017934	-0.605912	-0.012678	-0.001381	0.015130	-0.014031	-0.001638	0.011119	2636.046875	-298.798126	1262.985864	451.431976	-167.941345	307.114902	-83.826706	-123.706490	128.023911	-105.982254	106.315758	252.940781	-0.013722	0.074990	0.096291	0.006836	0.135177	0.128224	374.550476	-41.229458	-1332.535970	10.722625	1.609245	9.320460	11.023313	1.597508	7.693963
436	CD209	5	transcript	protein		310		-16.893800	9.354809	8.665279	-31.105092	17.224199	15.954629	-277.125214	-169.801422	-318.948779	52.692703	34.390739	-227.620468	-277.125214	-169.801422	-1170.031583	0.153129	0.535066	0.085344	-0.003089	0.470930	-0.010680	1.007555	3.587650	0.078182	-3.818209	0.947984	1.906850	0.018314	-0.024773	-0.016819	0.017917	-0.025362	-0.015317	-662.256714	-384.239502	-1262.985864	-284.663788	-114.625450	-307.114902	-99.188507	278.144775	21.430462	-32.661900	86.485580	-170.485886	-0.072022	-0.078960	0.003952	-0.093839	-0.101481	-0.045087	-277.125214	-169.801422	-1323.454753	3.339529	-0.322508	4.183862	3.638796	2.703525	4.699431
437	3-Carboxy-1-hydroxypropyl-ThPP	1	metabolite	metabolite			654	-43.451829	-18.936826	4.619004	-15.803277	-6.887257	1.679915	524.156616	-17.556581	318.948779	98.863487	98.151978	227.620468	524.156616	-17.556581	-1300.035093	0.183501	-0.461645	0.097517	0.063169	-0.467920	0.082730	1.365020	-2.371876	0.994581	2.665012	1.131460	-2.729672	-0.009422	-0.000552	0.011183	-0.012802	-0.001233	0.010461	2786.883545	-1091.952881	1262.985864	599.020020	-4.992181	307.114902	-78.801788	-142.078369	298.930695	-151.450089	92.032684	493.925842	0.014846	0.039024	0.244577	-0.012237	0.110993	0.268696	524.156616	-17.556581	-1332.535970	11.451752	3.720384	6.715726	11.034708	4.384384	6.429436
438	SMAD4	2	protein	protein	192			6.151299	-18.349570	8.570577	11.325854	-33.785476	15.780262	51.797752	119.321442	-318.948779	-189.944916	239.808578	-227.620468	51.797752	119.321442	-1267.534215	-0.300732	0.214633	0.328537	-0.327898	0.195774	-0.293876	-2.945326	1.067237	-1.276591	-0.170723	-3.199598	3.805112	-0.006793	-0.001531	-0.012138	-0.005570	-0.002238	-0.018944	777.646179	840.293823	-1262.985864	86.344238	227.211121	-307.114902	286.760498	-1.760145	-2.791204	369.518768	-96.490486	-51.743355	0.151640	-0.088274	-0.031509	0.079567	-0.145436	-0.092894	51.797752	119.321442	-1323.097287	8.574085	1.239510	5.328133	8.494939	3.288474	5.537476
439	IL7R	14	protein,transcript	protein	134	178		7.876099	17.723617	8.475874	14.501580	32.632962	15.605894	-413.095276	-214.934723	-318.948779	8.407298	-102.362801	-227.620468	-413.095276	-214.934723	-877.523688	0.390458	0.162947	0.051624	0.220924	0.266109	-0.064785	1.902844	1.210415	-1.020446	-3.109658	0.217335	-0.247228	0.030132	-0.020919	-0.001432	0.028949	-0.020469	0.002821	-1273.323730	-983.878967	-1262.985864	-431.098724	-171.925705	-307.114902	-291.703308	234.482681	-28.191555	-195.412827	25.264101	-231.216110	-0.186653	-0.011869	-0.014744	-0.182708	-0.034649	-0.051503	-413.095276	-214.934723	-524.537265	2.892144	-0.531321	6.337385	1.902066	2.279948	5.266527
440	CD59	10	bridge	protein				18.349814	20.227991	16.189895	15.015966	16.552911	13.248468	49.828438	77.792221	0.000000	-41.051662	56.633839	0.000000	49.828438	77.792221	-1007.527197	-0.149095	0.065394	0.291549	0.103515	-0.153955	-0.389891	-1.060477	0.915986	1.190485	1.868285	-2.638158	2.630780	-0.007490	-0.001655	-0.012608	-0.006764	-0.000709	-0.012608	836.902832	651.611694	0.000000	125.621811	227.558609	0.000000	274.614624	16.826878	-22.263033	280.676788	-191.032608	-60.875202	0.132767	-0.061918	-0.023220	0.072126	-0.119876	-0.041937	49.828438	77.792221	-1033.218978	9.027606	1.244202	5.123107	8.611978	3.266663	5.433159
441	WAPL	2	bridge	protein				-16.233398	24.713272	-11.564211	-13.284067	20.223293	-9.463191	-91.390625	-101.116348	0.000000	-223.109634	-168.567001	0.000000	-91.390625	-101.116348	-1267.534215	-0.202306	0.577568	-0.069331	-0.344354	0.672178	0.084413	-0.578391	3.853677	1.348961	-4.180514	2.874660	5.530718	-0.005111	-0.001010	-0.017143	-0.004140	-0.000315	-0.013643	-497.828247	-2116.134766	0.000000	-59.454727	-185.753922	0.000000	299.330902	54.874100	-155.815216	432.836060	-251.506348	-121.078644	0.172507	-0.096511	-0.097492	0.161493	-0.200802	-0.128277	-91.390625	-101.116348	-1332.535970	9.139800	0.474853	3.612399	6.791712	3.172268	4.064732
442	HAVCR1	6	transcript	protein		831		-17.817410	-7.765040	8.381172	-32.805656	-14.297096	15.431526	-269.751160	-200.068024	-318.948779	85.056091	67.204704	-227.620468	-269.751160	-200.068024	-1137.530706	0.267181	0.512509	0.300971	-0.028811	0.529027	-0.027143	0.555127	4.022720	-1.020340	-4.314778	-0.025444	2.184505	0.012839	-0.020699	-0.016721	0.012035	-0.021299	-0.016606	-343.427673	-253.393494	-1262.985864	-265.330444	-142.846848	-307.114902	-79.270691	313.045654	88.719009	-7.476748	120.641899	-144.259338	-0.057536	-0.145875	0.071049	-0.122225	-0.164619	-0.032046	-269.751160	-200.068024	-1220.638059	3.459033	-0.368902	4.210530	3.601810	2.679446	4.796671
443	UQCRFS1	7	transcript	protein		98		18.421580	-6.322958	8.286469	33.918062	-11.641915	15.257159	278.379303	45.602047	-318.948779	-171.918350	233.291931	-227.620468	278.379303	45.602047	-1105.029829	-0.161052	-0.101219	0.391401	-0.245771	0.049456	-0.149377	-2.484143	-0.905704	-0.349640	0.053104	-2.215716	1.671557	-0.010350	-0.001405	0.002150	-0.008004	-0.002353	-0.010824	2505.334717	994.126465	-1262.985864	242.072632	127.899078	-307.114902	116.596542	9.006193	208.931244	251.856461	13.182940	163.666656	0.105792	0.036124	0.076657	0.124180	-0.003535	0.047747	278.379303	45.602047	-1200.055365	12.707091	2.549718	6.212186	10.464853	2.947282	5.865547
444	R-S-Glutathione	0	metabolite	metabolite			7	2.054235	-16.144065	-44.756556	0.747118	-5.871540	-16.277802	-1186.992292	-567.182870	318.948779	-664.843847	-679.111532	227.620468	-1186.992292	-567.182870	-1332.535970	-1.464317	-0.951672	-0.274315	-1.178717	-0.766058	-0.220813	-9.702164	-6.305521	-1.817539	-11.735409	-7.626945	-2.198433	-0.095991	-0.060735	-0.018972	-0.090814	-0.057002	-0.018964	-4685.958805	-2216.719184	1262.985864	-1137.717072	-539.466869	307.114902	71.923988	1251.225632	-51.086361	100.705383	1360.378526	-42.150989	0.044053	1.208016	-0.047441	0.043762	1.200019	-0.047127	-1186.992292	-567.182870	-1332.535970	-1.300548	-4.703698	4.614177	-1.599226	-2.781953	4.459453
445	INSL5	2	bridge	protein				31.221780	-0.986093	-5.676976	25.549316	-0.806937	-4.645567	210.776245	42.146221	0.000000	-74.484352	-207.944809	0.000000	210.776245	42.146221	-1267.534215	0.263221	-0.158555	0.314086	-0.300606	0.318494	0.401899	1.893276	-1.027835	1.821890	-1.924093	-4.626726	-3.279692	-0.007338	-0.001370	-0.002902	-0.004714	-0.001087	-0.011718	1067.209106	-900.226685	0.000000	142.520233	60.155411	0.000000	88.700722	-11.121949	147.835449	249.727295	109.155327	-38.366512	0.083654	-0.036639	0.129983	0.105424	0.032920	0.049713	210.776245	42.146221	-1321.005342	10.014574	2.474250	6.158876	9.666642	4.135642	6.543871
446	BATF	4	transcript	protein		8		-9.331539	17.141101	8.191767	-17.181355	31.560426	15.082791	-519.085388	-292.370544	-318.948779	-85.991791	-145.391907	-227.620468	-519.085388	-292.370544	-1202.532461	0.905185	0.109617	0.185952	0.546463	0.299027	-0.263478	5.412766	1.284453	-2.458665	-6.198900	2.806119	-0.792398	0.021375	-0.007491	0.010017	0.019733	-0.006939	0.009596	-1192.993042	-1517.147583	-1262.985864	-543.141052	-268.432678	-307.114902	-420.153503	203.368988	-54.525772	-256.132568	-67.954483	-282.290436	-0.317399	-0.023996	-0.043994	-0.298702	-0.040199	-0.091856	-519.085388	-292.370544	-1331.954924	2.711963	-0.510024	6.662967	1.511242	2.133620	5.877852
447	DPEP1	2	bridge	protein				-18.910334	-21.259043	-14.087312	-15.474650	-17.396638	-11.527888	-19.822763	-101.168282	0.000000	161.544403	160.189667	0.000000	-19.822763	-101.168282	-1267.534215	-0.020351	0.095260	-0.363112	0.333608	-0.080506	-0.499608	-0.250798	0.296440	-2.657645	-2.214120	5.787181	0.049510	-0.005677	-0.001400	-0.008944	-0.004863	-0.000036	-0.008171	-560.742065	-1671.367676	0.000000	-56.474945	-213.050659	0.000000	143.550232	-29.786474	-167.784592	233.225235	238.660858	-122.460831	0.077543	0.007845	-0.111629	0.145785	0.068207	-0.073678	-19.822763	-101.168282	-1315.814495	8.500943	-0.258942	6.274154	7.044360	2.057280	5.526531
448	RABIF	3	bridge	protein				-27.438294	-2.542975	15.769379	-22.453225	-2.080960	12.904352	168.143661	16.855671	0.000000	2.285566	12.624960	0.000000	168.143661	16.855671	-1235.033338	-0.047813	-0.130276	0.176462	0.154359	-0.260359	-0.302705	0.321175	-0.932261	1.797506	3.089248	-2.511023	1.265553	-0.008897	-0.001302	-0.000824	-0.009440	-0.000916	-0.002698	2407.286865	-84.075012	0.000000	289.144562	50.910156	0.000000	98.911194	-36.784267	22.697891	87.681267	-136.106262	90.375809	0.060699	-0.016944	0.037891	0.032847	-0.033486	0.052116	168.143661	16.855671	-1227.221310	9.341454	1.287595	4.653292	8.671211	3.195320	5.432112
449	KAT5	15	protein	protein	104			-4.707364	-18.980998	8.097064	-8.667263	-34.948068	14.908424	96.057175	69.336693	-318.948779	-101.242310	263.263428	-227.620468	96.057175	69.336693	-845.022810	-0.240661	0.030208	0.095722	-0.153180	0.095690	-0.068728	-1.503796	0.386118	0.461642	-0.098670	-0.652405	1.865529	-0.009407	-0.002875	-0.012849	-0.007292	-0.004789	-0.028036	325.560089	993.503845	-1262.985864	61.204376	180.564346	-307.114902	246.881058	-32.813419	29.670250	334.739349	-37.102692	-41.769527	0.098565	-0.046556	0.000571	0.064261	-0.084788	-0.031583	96.057175	69.336693	-649.023473	8.401649	1.705985	5.511936	8.159622	4.056390	6.153898
450	2-Iminopropanoate	1	metabolite	metabolite			649	44.860008	-15.397590	4.300452	16.315427	-5.600049	1.564059	348.063110	-66.366829	318.948779	-65.268135	-64.468262	227.620468	348.063110	-66.366829	-1300.035093	-0.244721	-0.459798	-0.041270	-0.190403	-0.433995	0.082401	-1.431301	-2.534821	1.145842	3.937797	-0.110938	-0.957979	-0.010254	-0.001000	0.010430	-0.013600	-0.001571	0.010708	2131.059326	-335.914398	1262.985864	424.637329	-160.795303	307.114902	-64.075104	-109.385963	87.667152	-89.488350	144.991226	258.963043	-0.027744	0.102242	0.056938	-0.009692	0.152199	0.107664	348.063110	-66.366829	-1332.535970	9.869287	1.379284	8.673534	10.732843	1.518387	7.337017
451	TNFRSF11A	3	transcript	protein		64		16.324988	10.837757	8.002362	30.057787	19.954624	14.734056	-217.801758	-154.281174	-318.948779	53.302742	74.502022	-227.620468	-217.801758	-154.281174	-1235.033338	0.231049	0.454885	0.366754	-0.062865	0.504949	0.098988	-0.086668	4.101471	-0.922343	-4.077594	-0.102082	2.756492	0.008739	-0.016309	-0.015762	0.008592	-0.017311	-0.017684	-391.730713	-347.175293	-1262.985864	-234.090515	-103.953629	-307.114902	-45.299858	264.764679	64.061760	34.402798	91.088600	-159.115356	-0.029804	-0.127436	0.066683	-0.105838	-0.136825	-0.036354	-217.801758	-154.281174	-1323.888619	3.658663	-0.360151	4.207836	3.746503	2.845531	4.654871
452	PRF1	2	transcript	protein		224		-19.396283	3.041897	7.907659	-35.712697	5.600782	14.559689	-514.299988	-65.575859	-318.948779	135.173676	-256.533966	-227.620468	-514.299988	-65.575859	-1267.534215	0.381804	0.661330	-0.265053	0.317531	0.599425	-0.120025	2.413432	3.731094	-3.130379	-5.998641	-1.728699	-0.195125	0.025270	-0.006092	0.006961	0.024272	-0.005371	0.012028	-2230.982666	-125.623932	-1262.985864	-582.163696	-107.089790	-307.114902	-366.074829	295.212738	-115.661171	-354.441162	105.136841	-284.135132	-0.286529	0.073999	-0.003856	-0.276449	0.054910	-0.006041	-514.299988	-65.575859	-1332.535970	1.958399	0.771489	5.353979	0.819441	2.935221	4.354951
453	L-Glutamyl-tRNA(Gln)	0	metabolite	metabolite			82	8.868634	12.553167	-45.075108	3.225491	4.565543	-16.393658	-963.236854	-895.371820	318.948779	-488.254478	-810.577447	227.620468	-963.236854	-895.371820	-1332.535970	1.717595	-0.286565	-0.304795	1.382596	-0.230674	-0.245348	11.380317	-1.898704	-2.019488	13.765246	-2.296608	-2.442704	0.109142	-0.017857	-0.020937	0.101335	-0.016838	-0.020805	-3819.929935	-3486.950241	1262.985864	-922.756904	-854.755529	307.114902	-860.786975	-912.021631	-75.897265	-916.342121	-998.471448	-69.205316	-0.847669	-0.860166	-0.071162	-0.842058	-0.854472	-0.070691	-963.236854	-895.371820	-1332.535970	18.086102	-0.651356	4.428473	17.334578	1.175732	4.278086
454	MNDA	2	transcript	protein		37		12.271072	-15.374606	7.812957	22.593662	-28.307931	14.385321	-654.852112	161.378311	-318.948779	-174.795822	-195.233261	-227.620468	-654.852112	161.378311	-1267.534215	0.778487	0.089152	-0.834182	0.796316	0.415180	0.117763	6.709523	0.196287	-3.530204	-7.152156	0.344652	-4.906297	0.005916	0.022234	0.012813	0.004212	0.022227	0.007036	-1643.869873	2524.181396	-1262.985864	-723.587036	134.143570	-307.114902	-399.039917	55.803703	-433.777557	-390.069794	-105.558388	-524.640442	-0.194800	0.212456	-0.270131	-0.177921	0.231424	-0.252738	-654.852112	161.378311	-1295.443008	0.831848	0.166550	7.083685	-0.351286	2.322922	5.760445
455	LBHD1	0	transcript	protein		360		11.487016	-5.203754	-16.999100	21.150049	-9.581222	-31.298972	-1314.403551	121.022767	-318.948779	-946.196730	184.791223	-227.620468	-1314.403551	121.022767	-1332.535970	-1.069472	1.367104	-0.335274	-0.860882	1.100464	-0.269882	-7.086030	9.058059	-2.221436	-8.571021	10.956321	-2.686974	-0.070536	0.088753	-0.022902	-0.066970	0.083024	-0.022645	-5179.094663	446.929835	-1262.985864	-1260.120113	121.687119	-307.114902	1285.658252	52.097865	-100.708168	1424.186561	52.824576	-96.259643	1.204449	0.061584	-0.094882	1.196476	0.061177	-0.094254	-1314.403551	121.022767	-1332.535970	1.105150	9.424067	4.242768	0.750278	11.015807	4.096720
456	Guanidinoacetate	5	metabolite	metabolite			19	-22.690746	41.680625	3.981900	-8.252545	15.159097	1.448203	371.567902	111.757843	318.948779	-84.775719	39.525818	227.620468	371.567902	111.757843	-1170.031583	-0.299302	-0.364945	0.050744	-0.201098	-0.365951	0.184233	-1.113274	-2.166262	1.571408	3.724277	1.437839	-1.286067	-0.014965	-0.001938	0.016600	-0.018935	-0.002674	0.017350	1631.765015	1873.299927	1262.985864	443.716980	47.495869	307.114902	52.996868	-194.220917	172.576996	-36.515610	121.511345	353.553986	0.009037	-0.034111	0.093278	0.008448	0.012863	0.136142	371.567902	111.757843	-1327.077885	10.441316	2.858687	7.397020	9.842682	3.950988	8.071250
457	C3AR1	6	protein	protein				1.339629	19.663010	7.718254	2.466543	36.203798	14.210954	-322.617889	-166.985657	-318.948779	57.474289	-36.892475	-227.620468	-322.617889	-166.985657	-1137.530706	0.195264	0.437709	-0.011308	0.101286	0.467275	-0.123321	1.386168	2.973826	-0.118079	-4.432171	0.746894	1.430570	0.025071	-0.025302	-0.011103	0.025277	-0.025672	-0.005368	-1194.052979	-489.560181	-1262.985864	-347.188110	-123.513840	-307.114902	-156.828354	267.264343	-19.084993	-79.495804	57.494339	-204.416870	-0.099783	-0.019305	-0.025293	-0.120994	-0.054454	-0.057529	-322.617889	-166.985657	-1200.343369	2.731112	-0.217801	4.552658	2.613682	2.558970	4.572024
458	S-Adenosylmethioninamine	2	metabolite	metabolite			286	-11.429583	-46.086273	3.663348	-4.156899	-16.761415	1.332347	221.423340	293.984528	318.948779	-215.049591	-32.111404	227.620468	221.423340	293.984528	-1267.534215	-0.128641	-0.385711	-0.450178	0.083442	-0.628051	0.242036	-0.728884	-3.592326	-2.350519	3.941711	-0.429083	-4.721373	-0.007925	-0.000376	0.000498	-0.008819	-0.000314	0.001080	1854.996826	2852.855957	1262.985864	388.858337	311.172150	307.114902	66.513412	-250.818939	-30.825268	-158.854095	-105.528465	181.760529	-0.063978	-0.115109	-0.063379	-0.103802	-0.068855	0.027350	221.423340	293.984528	-1327.327102	6.860124	3.279304	8.821529	8.145986	3.038757	8.148298
459	ATXN1	12	protein	protein	172			-14.296636	-13.619385	7.623552	-26.323159	-25.076195	14.036586	62.094124	81.453384	-318.948779	-79.980743	264.016479	-227.620468	62.094124	81.453384	-942.525442	-0.221604	0.124332	0.043275	-0.208346	0.159628	-0.051917	-1.520474	0.899960	0.153535	-0.458145	-0.302823	2.527014	-0.008823	-0.002833	-0.014552	-0.007105	-0.004571	-0.027192	157.924316	1461.704590	-1262.985864	37.731583	144.172150	-307.114902	242.041351	3.545086	-1.055041	337.903625	16.059235	-20.261911	0.115629	-0.024760	-0.014780	0.094393	-0.057569	-0.035625	62.094124	81.453384	-1026.277523	7.974182	1.464445	6.002859	7.626800	3.897313	6.160979
460	2-Oxosuccinamate	0	metabolite	metabolite			733	-14.073104	-3.059969	-45.393660	-5.118338	-1.112900	-16.509514	-652.686852	-1143.027182	318.948779	-286.106971	-897.775370	227.620468	-652.686852	-1143.027182	-1332.535970	-0.134391	-1.724331	-0.365754	-0.108179	-1.388017	-0.294417	-0.890439	-11.424944	-2.423385	-1.077044	-13.819226	-2.931245	-0.010253	-0.110548	-0.024866	-0.010503	-0.103661	-0.024486	-2617.969120	-4445.482005	1262.985864	-624.413849	-1092.676177	307.114902	-944.918086	789.776278	-125.519071	-1008.080441	857.204517	-123.313970	-0.928103	0.766845	-0.118603	-0.921959	0.761768	-0.117818	-652.686852	-1143.027182	-1332.535970	6.802380	-9.411325	4.057064	6.314429	-7.379616	3.915353
461	CLIC5	1	transcript	protein		175		17.727235	-4.716535	-10.559330	32.639623	-8.684149	-19.441980	928.842163	353.304565	-318.948779	233.162918	576.615479	-227.620468	928.842163	353.304565	-1300.035093	0.217743	-0.765919	1.706851	0.175274	-0.616534	1.373947	1.442705	-5.074771	11.309130	1.745048	-6.138271	13.679141	0.012449	-0.048760	0.108751	0.010762	-0.045785	0.100674	3891.480713	1076.567749	-1262.985864	942.797852	366.411255	-307.114902	62.084206	362.481201	-875.108337	99.610916	421.036957	-1023.936462	-0.553740	0.412211	-0.383867	-0.553303	0.430486	-0.377911	928.842163	353.304565	-1332.535970	8.947851	0.174510	16.684964	8.409785	-1.676638	16.248283
462	PRDX4	10	protein	protein	159			19.777954	0.385980	7.528849	36.415434	0.710671	13.862219	140.370239	36.756725	-318.948779	-117.557053	226.060547	-227.620468	140.370239	36.756725	-1007.527197	-0.152222	-0.007111	0.160085	-0.178472	0.099993	-0.018202	-1.487622	0.020068	-0.029077	-0.248483	-0.669802	1.858225	-0.009982	-0.003398	-0.007584	-0.007246	-0.005261	-0.024054	805.852783	990.243286	-1262.985864	77.282120	106.092598	-307.114902	160.445801	-10.228903	41.353287	249.762848	37.931759	-42.351665	0.078593	0.009824	0.006282	0.072515	-0.016363	-0.032900	140.370239	36.756725	-1136.904981	7.932370	1.188341	5.842149	7.988242	3.581034	6.589685
463	4-Methylthio-2-oxobutanoic acid	1	metabolite	metabolite			35	39.578229	26.275010	3.344796	14.394463	9.556129	1.216491	525.978638	-13.875125	318.948779	94.092369	97.851425	227.620468	525.978638	-13.875125	-1300.035093	0.232036	-0.354157	0.163696	0.119455	-0.431565	0.043924	1.391500	-2.354691	0.927566	2.431845	1.403264	-2.818056	-0.009422	-0.000552	0.011183	-0.012802	-0.001233	0.010461	2798.263428	-1040.493774	1262.985864	591.852905	2.789157	307.114902	-74.193825	-145.718552	304.332581	-145.646378	80.838173	496.115967	-0.007189	0.044316	0.243585	-0.005787	0.081975	0.278086	525.978638	-13.875125	-1332.535970	11.435950	3.623071	6.797547	11.281544	4.270153	6.547394
464	NOTCH2NLC	3	protein	protein	47			-14.871226	13.098859	7.434147	-27.381101	24.117795	13.687851	28.922716	110.780533	-318.948779	-9.266789	212.498108	-227.620468	28.922716	110.780533	-1235.033338	0.101013	0.222004	0.234212	-0.035222	0.290634	-0.069835	-0.575243	1.668787	-1.291118	-2.136045	-1.148580	1.827070	-0.005886	-0.003299	-0.013941	-0.004194	-0.004402	-0.023624	-15.828547	1505.215454	-1262.985864	-66.177620	172.350388	-307.114902	218.212723	89.269981	41.588955	292.362000	-33.379051	-43.179993	0.095194	-0.029125	-0.006267	0.051276	-0.088812	-0.033854	28.922716	110.780533	-1283.845360	7.674163	2.571757	6.001268	7.065602	4.993931	6.418037
465	3-Sulfinylpyruvate	2	metabolite	metabolite			579	-46.953366	7.363644	3.026244	-17.076774	2.678131	1.100634	510.325470	-7.191876	318.948779	64.613670	58.306164	227.620468	510.325470	-7.191876	-1267.534215	0.141076	-0.488886	0.092017	0.089304	-0.418803	0.176708	1.216387	-2.498465	0.879892	2.608234	0.887017	-2.822601	-0.011565	-0.000918	0.015190	-0.015703	-0.001775	0.014672	2585.658936	-901.311829	1262.985864	568.023682	-48.154766	307.114902	-91.219383	-165.075668	267.022552	-169.634567	87.870071	448.230072	-0.030309	0.027156	0.210485	-0.015261	0.083569	0.244346	510.325470	-7.191876	-1332.535970	11.624652	3.514282	6.933310	11.360547	4.323464	6.823833
466	UDP-N-acetyl-alpha-D-glucosamine	3	metabolite	metabolite			421	29.659866	-37.161280	2.707692	10.787189	-13.515427	0.984778	138.639908	-139.503143	318.948779	-25.981382	-187.662415	227.620468	138.639908	-139.503143	-1235.033338	-0.402703	-0.090786	-0.088185	-0.167572	-0.301617	-0.179205	-0.402741	-0.419593	3.093672	3.276600	2.431014	-0.105187	-0.008588	-0.001415	-0.002786	-0.011827	-0.001439	0.001956	406.901855	-2042.532227	1262.985864	254.480423	-223.851395	307.114902	67.117622	-33.765926	-106.716187	28.167480	171.797470	95.344467	0.046610	0.037245	-0.083077	0.048789	0.093556	-0.021933	138.639908	-139.503143	-1316.318709	9.960117	-0.087315	7.230057	8.681254	1.173420	4.862211
467	ARHGEF16	0	transcript	protein		287		-4.904525	11.478133	-17.093803	-9.030278	21.133693	-31.473339	-1318.954837	10.982819	-318.948779	-956.518581	115.482747	-227.620468	-1318.954837	10.982819	-1332.535970	1.258949	1.176095	-0.396233	1.013403	0.946710	-0.318952	8.341449	7.792488	-2.625334	10.089535	9.425530	-3.175515	0.079574	0.076439	-0.026831	0.073638	0.071490	-0.026327	-5196.710078	21.028354	-1262.985864	-1264.492499	15.972567	-307.114902	199.478620	-1256.831847	-150.329975	239.793617	-1374.459706	-150.368297	0.166002	-1.189823	-0.142323	0.164903	-1.181947	-0.141381	-1318.954837	10.982819	-1332.535970	15.291674	8.260296	3.871359	14.605425	9.879220	3.733986
468	CD1C	0	transcript	protein		389		-4.093594	-11.653231	-17.188505	-7.537180	-21.456085	-31.647707	-1314.403551	-99.057129	-318.948779	-961.693639	45.601245	-227.620468	-1314.403551	-99.057129	-1332.535970	-1.715456	-0.016738	-0.426713	-1.380874	-0.013473	-0.343487	-11.366143	-0.110898	-2.827283	-13.748101	-0.134139	-3.419785	-0.112182	-0.000461	-0.028796	-0.105980	-0.000543	-0.028167	-5179.094663	-404.873127	-1262.985864	-1260.120113	-89.741985	-307.114902	736.663774	1020.010441	-175.140878	825.551522	1108.256655	-177.422624	0.679580	0.986961	-0.166044	0.675082	0.980428	-0.164945	-1314.403551	-99.057129	-1332.535970	-2.830680	0.992642	3.685655	-3.093616	2.781329	3.552620
469	IL17RE	3	transcript	protein		418		-8.144564	17.509398	-8.665279	-14.995881	32.238539	-15.954629	-431.612000	745.047485	-318.948779	-471.670227	-384.565521	-227.620468	-431.612000	745.047485	-1235.033338	-0.324329	0.080871	1.919697	-0.261072	0.065098	1.545280	0.538260	0.367758	13.877658	0.651062	0.444828	16.785945	0.003648	0.004196	0.133743	0.002519	0.003819	0.124084	-1977.497070	3094.660889	-1262.985864	-484.375092	825.901001	-307.114902	278.712585	-422.382385	-797.006592	304.871918	-465.735596	-900.826355	0.307022	-0.157463	-0.589876	0.289914	-0.136647	-0.575970	-431.612000	745.047485	-1332.136584	5.572078	0.811055	17.899251	6.416377	1.531013	14.735901
470	IGHV3-20	9	transcript	protein		23		2.121196	-19.739126	7.339444	3.905574	-36.343944	13.513484	-535.154175	-78.040833	-318.948779	32.658722	-238.787994	-227.620468	-535.154175	-78.040833	-1040.028074	0.456157	0.256968	-0.314036	0.395028	0.346456	-0.091046	2.172490	1.454699	-3.419038	-4.689198	-1.514145	-1.589708	0.032289	0.003984	0.025542	0.030860	0.005134	0.024944	-2608.208008	181.182526	-1262.985864	-572.285583	-81.561356	-307.114902	-334.516541	250.709610	-181.982178	-297.344208	70.747726	-341.561432	-0.193686	0.078351	-0.063274	-0.185364	0.068389	-0.070911	-535.154175	-78.040833	-1268.458228	2.135952	0.626735	5.873743	0.760578	3.049714	5.073932
471	DNA adenine	0	metabolite	metabolite			336	11.540661	-6.723604	-45.712212	4.197298	-2.445351	-16.625371	-282.936016	-1288.143692	318.948779	-69.299152	-936.004438	227.620468	-282.936016	-1288.143692	-1332.535970	1.270375	-1.141173	-0.457192	1.022601	-0.918599	-0.368022	8.417159	-7.561099	-3.029231	10.181110	-9.145650	-3.664056	0.080310	-0.072952	-0.030761	0.074328	-0.068446	-0.030008	-1186.875855	-5007.144722	1262.985864	-269.196996	-1232.088518	307.114902	-1192.021527	-292.545620	-199.951782	-1277.527192	-322.981874	-204.476951	-1.164347	-0.267913	-0.189764	-1.156639	-0.266140	-0.188508	-282.936016	-1288.143692	-1332.535970	15.361294	-5.858280	3.499950	14.673418	-3.909566	3.371253
472	N-Acetyl-D-mannosamine	2	metabolite	metabolite			722	3.232983	47.453554	2.389140	1.175824	17.258691	0.868922	185.516357	-211.385986	318.948779	6.380579	-193.019104	227.620468	185.516357	-211.385986	-1267.534215	-0.451057	-0.353643	-0.136034	-0.231180	-0.429608	-0.130685	-1.746121	-1.975547	2.831930	4.499208	1.856338	-0.138057	-0.008969	-0.000656	0.001534	-0.012015	-0.000973	0.003515	-1002.865173	-2230.697998	1262.985864	278.446564	-268.774445	307.114902	8.410161	-108.705841	-141.087433	-4.397924	194.174805	82.207413	-0.012484	0.042414	-0.098536	-0.005337	0.109674	-0.029158	185.516357	-211.385986	-1328.097368	10.048028	-0.369153	7.105042	8.877214	0.800189	4.595247
473	5-Phospho-alpha-D-ribose 1-diphosphate	5	metabolite	metabolite			1087	-34.449128	-32.817225	2.070588	-12.529027	-11.935509	0.753066	234.737183	-11.783430	318.948779	31.929394	-79.221329	227.620468	234.737183	-11.783430	-1170.031583	-0.006940	-0.237711	-0.221044	-0.071056	-0.213207	0.247663	0.036825	-2.136682	-0.972299	2.328354	-0.479361	-2.693813	-0.010955	-0.000826	0.007407	-0.015322	-0.001464	0.011673	281.546997	-911.643005	1262.985864	330.753326	-139.791214	307.114902	44.058681	-200.193359	67.129662	-52.773010	-62.092583	328.681213	0.030346	-0.053620	0.063559	0.061408	-0.030537	0.145132	234.737183	-11.783430	-1234.453022	6.772675	0.668868	7.474491	10.300264	3.442322	9.419374
474	LGR4	5	transcript	protein		1096		11.790088	16.015853	7.244742	21.708069	29.488603	13.339116	-48.277008	-109.071518	-318.948779	-119.097626	-291.660065	-227.620468	-48.277008	-109.071518	-1170.031583	-0.211598	0.106388	-0.313673	0.530824	-0.095546	0.006345	-0.908041	-0.534093	-2.658642	-2.077600	1.295719	-5.422151	-0.004877	0.002106	-0.007899	-0.000040	0.006467	0.001133	-277.746216	-1817.954224	-1262.985864	-223.142197	-182.158020	-307.114902	191.911438	-26.426010	-148.684906	61.781822	78.743729	-212.845871	0.094142	0.075854	-0.075223	0.077783	0.129090	-0.074036	-48.277008	-109.071518	-1126.648534	5.986120	0.794017	6.341021	7.319661	3.984418	4.431499
475	5-Phosphoribosylamine	2	metabolite	metabolite			130	47.582224	0.928599	1.752036	17.305488	0.337728	0.637209	379.766235	-83.480301	318.948779	70.685097	-41.191475	227.620468	379.766235	-83.480301	-1267.534215	0.048704	-0.328102	-0.221135	-0.098522	-0.240003	0.238471	0.027573	-2.686181	-0.573489	3.157819	-0.333333	-2.360974	-0.011818	-0.000964	0.014004	-0.015960	-0.001782	0.014293	1162.096802	-488.523254	1262.985864	461.450256	-118.710640	307.114902	-67.095863	-241.569778	126.746758	-118.803497	-4.119017	371.651520	0.007051	-0.042973	0.140645	0.062862	0.018504	0.193580	379.766235	-83.480301	-1332.535970	11.741469	1.015328	8.096081	10.709245	3.486160	9.339983
476	LYRM7	3	bridge	protein				5.077404	24.821939	-19.133513	4.154926	20.312217	-15.657280	294.341309	84.779747	0.000000	308.604309	139.013290	0.000000	294.341309	84.779747	-1235.033338	-0.291117	-0.317020	0.399663	-0.617245	0.159712	0.246709	-2.820475	-2.688254	0.496649	1.667470	-6.068433	3.090022	-0.009606	-0.000988	0.004509	-0.005567	-0.000234	-0.006101	2531.785156	1071.299927	0.000000	231.445160	48.850109	0.000000	75.417191	0.107250	208.566757	277.980316	106.919472	248.218430	0.102796	0.070538	0.112873	0.197784	0.088819	0.096070	294.341309	84.779747	-1300.195034	12.664557	2.523098	6.182236	10.186484	2.661821	6.067805
477	BCAP31	1	protein	protein	43			-19.545795	-3.852123	7.150039	-35.987980	-7.092580	13.164749	-108.413620	10.170197	-318.948779	-97.588623	105.629951	-227.620468	-108.413620	10.170197	-1300.035093	0.033777	0.502846	0.085007	-0.013869	0.356366	-0.263750	-0.790719	3.024685	-1.335752	-2.890193	-0.302793	2.615266	-0.002423	-0.003742	-0.011539	-0.001904	-0.004862	-0.018487	-147.812881	387.506104	-1262.985864	-128.514923	105.779968	-307.114902	157.972473	41.434986	-92.268715	236.134735	-66.886406	-192.436523	0.015307	-0.121438	-0.088539	0.004309	-0.151848	-0.082776	-108.413620	10.170197	-1332.535970	7.224654	-0.347871	5.916829	6.899250	2.112605	6.300064
478	PIF1	2	transcript	protein		281		17.043345	-10.380107	7.055337	31.380435	-19.111993	12.990381	-608.339172	66.873375	-318.948779	-108.295914	-280.640686	-227.620468	-608.339172	66.873375	-1267.534215	0.636192	-0.011177	-0.738370	0.728237	0.246299	0.068640	4.899264	-0.259143	-4.451219	-6.016215	-0.617716	-4.682950	0.013105	0.029294	0.026508	0.011336	0.029792	0.018525	-2030.583862	2597.177734	-1262.985864	-691.022705	46.764355	-307.114902	-366.161804	117.246750	-368.823608	-346.321533	-20.266710	-490.314453	-0.173083	0.151099	-0.217084	-0.129455	0.183692	-0.179828	-608.339172	66.873375	-1322.645843	1.534404	0.417150	6.956340	0.027591	2.902933	5.607685
479	L-erythro-4-Hydroxyglutamate	2	metabolite	metabolite			618	-35.720910	31.463657	1.433484	-12.991569	11.443221	0.521353	464.704010	-68.014885	318.948779	76.275024	38.413345	227.620468	464.704010	-68.014885	-1267.534215	0.175981	-0.353392	0.001450	0.077739	-0.305307	0.203546	0.920095	-2.406461	-0.024071	2.403608	0.218259	-2.727526	-0.011505	-0.000912	0.014435	-0.015531	-0.001714	0.013974	2155.648682	-939.966309	1262.985864	544.528259	-59.533318	307.114902	-84.922874	-187.554794	233.354507	-156.271072	53.969337	435.052887	0.005989	-0.007098	0.193443	0.039096	0.064449	0.234326	464.704010	-68.014885	-1332.535970	12.236125	2.100359	8.310199	11.508683	2.819896	9.010640
480	RHOH	15	transcript	protein		49		-5.564821	19.198498	6.960634	-10.246024	35.348533	12.816014	-555.137390	-51.554249	-318.948779	13.191680	-246.999557	-227.620468	-555.137390	-51.554249	-845.022810	0.465653	0.247189	-0.371150	0.422019	0.346547	-0.052419	2.085478	1.668536	-3.554733	-4.818738	-1.679173	-1.353136	0.030352	0.015200	0.030834	0.028729	0.016333	0.027516	-2715.471436	344.980469	-1262.985864	-601.287048	-62.133591	-307.114902	-353.015350	226.476944	-214.439377	-319.638336	50.717350	-367.009430	-0.207387	0.093608	-0.083708	-0.195595	0.090248	-0.085971	-555.137390	-51.554249	-1019.969103	2.052371	0.575676	5.918079	0.591346	3.038726	5.207763
481	L-Ornithine	12	metabolite	metabolite			123	5.087004	-47.337927	1.114932	1.850125	-17.216638	0.405497	395.414703	113.366684	318.948779	-76.182678	27.383167	227.620468	395.414703	113.366684	-942.525442	-0.053903	-0.390475	0.001681	-0.036904	-0.380485	0.191822	0.209427	-2.119948	0.275403	2.602976	0.271975	-2.142571	-0.014117	-0.001619	0.015982	-0.017742	-0.002236	0.015701	1646.556519	1831.767456	1262.985864	480.466614	74.880783	307.114902	28.210552	-223.959366	182.360779	-85.432831	89.035370	374.733643	-0.015190	-0.055781	0.105578	-0.018725	-0.002589	0.162935	395.414703	113.366684	-1022.276725	10.594507	2.841410	7.397658	9.896878	4.055940	8.073323
482	PDLIM1	0	transcript	protein		0		10.772983	5.764857	-17.283208	19.835360	10.614333	-31.822074	-1300.780783	-208.345393	-318.948779	-961.693639	-24.471613	-227.620468	-1300.780783	-208.345393	-1332.535970	-0.165063	1.691178	-0.487672	-0.132869	1.361331	-0.392556	-1.093661	11.205285	-3.231180	-1.322855	13.553533	-3.908326	-0.012230	0.109645	-0.032726	-0.012355	0.102594	-0.031848	-5126.368747	-827.865269	-1262.985864	-1247.032822	-194.734399	-307.114902	1109.505800	-626.275624	-224.762685	1232.106250	-686.888037	-231.531278	1.036038	-0.586977	-0.213485	1.029179	-0.583092	-0.212072	-1300.780783	-208.345393	-1332.535970	6.615505	11.398575	3.314246	6.131919	12.944193	3.189887
483	Prostaglandin F2alpha	3	metabolite	metabolite			909	28.229103	38.346884	0.796380	10.266825	13.946627	0.289641	229.163666	-115.158989	318.948779	-179.408707	26.971340	227.620468	229.163666	-115.158989	-1235.033338	-0.411888	-0.236413	0.306449	-0.317107	-0.356759	-0.068092	-3.115576	-1.651459	0.841082	4.395001	0.962835	0.945253	-0.009316	-0.000834	-0.001517	-0.011179	-0.000971	0.002497	-311.449768	-2735.216064	1262.985864	245.968430	-188.962448	307.114902	200.451111	7.592789	144.768143	189.456818	1.008050	259.751434	0.097427	0.047010	0.037260	0.086707	0.007191	0.013213	229.163666	-115.158989	-1287.714786	9.777309	1.898760	5.124382	9.972312	3.565800	5.508440
484	SPEG	0	transcript	protein		22		-11.706904	2.992765	-17.377910	-21.554909	5.510319	-31.996442	-1278.179591	-316.135423	-318.948779	-956.518581	-94.353115	-227.620468	-1278.179591	-316.135423	-1332.535970	-1.015229	-1.351289	-0.518151	-0.817219	-1.087734	-0.417091	-6.726632	-8.953272	-3.433129	-8.136306	-10.829574	-4.152596	-0.067039	-0.086498	-0.034691	-0.063695	-0.081134	-0.033689	-5038.892503	-1245.058606	-1262.985864	-1225.320026	-298.287471	-307.114902	-357.036766	1167.923815	-249.573588	-367.042378	1269.544485	-258.585605	-0.366057	1.128374	-0.237206	-0.363633	1.120905	-0.235636	-1278.179591	-316.135423	-1332.535970	1.435638	-7.138469	3.128542	1.073047	-5.159851	3.008520
485	TGFBR3	0	transcript	protein		423		6.535580	-9.999700	-17.472613	12.033398	-18.411582	-32.170809	-1246.754363	-421.690903	-318.948779	-946.196730	-163.661592	-227.620468	-1246.754363	-421.690903	-1332.535970	1.651899	0.308848	-0.548631	1.329713	0.248610	-0.441626	10.945031	2.046343	-3.635078	13.238739	2.475188	-4.396867	0.104907	0.020529	-0.036656	0.097368	0.019118	-0.035530	-4917.263482	-1653.603286	-1262.985864	-1195.130046	-399.693829	-307.114902	-486.903509	-1136.474139	-274.384492	-508.651785	-1243.219149	-285.639932	-0.490216	-1.074755	-0.260926	-0.486971	-1.067640	-0.259199	-1246.754363	-421.690903	-1332.535970	17.685830	2.976360	2.942837	16.943656	4.718709	2.827153
486	CD6	5	protein,transcript	protein	126	167		-8.879588	-17.944690	6.865932	-16.349216	-33.040005	12.641646	-560.289551	176.102554	-318.948779	211.579956	-7.067021	-227.620468	-560.289551	176.102554	-1170.031583	0.310326	0.500305	-0.608283	0.388152	0.480863	0.342655	4.531579	3.171781	1.293912	-6.086800	2.287939	-2.287678	0.014008	0.075008	-0.038024	0.011170	0.074161	-0.027671	-2254.978271	1537.734375	-1262.985864	-585.031982	159.802551	-307.114902	-514.307434	24.088705	-259.003418	-489.875977	-126.571716	-358.546021	-0.320270	0.114600	-0.125849	-0.314069	0.123387	-0.123714	-560.289551	176.102554	-1326.280707	-0.221436	0.855289	5.925301	-0.298432	1.774170	4.348708
487	XRN1	0	bridge	protein				1.021828	14.998339	-27.964365	0.836179	12.273397	-22.883718	-652.686852	-1143.027182	0.000000	-781.256176	-546.757533	0.000000	-652.686852	-1143.027182	-1332.535970	-1.417974	0.882686	-0.579110	-1.141413	0.710527	-0.466161	-9.395109	5.848434	-3.837026	-11.364006	7.074067	-4.641137	-0.093004	0.057523	-0.038621	-0.088016	0.053771	-0.037370	-2617.969120	-4445.482005	0.000000	-624.413849	-1092.676177	0.000000	1158.001583	468.001073	-299.195395	1284.987065	506.334117	-312.694259	1.082402	0.459210	-0.284647	1.075237	0.456170	-0.282763	-652.686852	-1143.027182	-1332.535970	-1.018192	6.472618	2.757133	-1.323465	8.133300	2.645787
488	Phytanoyl-CoA	2	metabolite	metabolite			576	-46.722391	-9.208139	0.477828	-16.992769	-3.348968	0.173784	510.998657	-44.424370	318.948779	59.773148	120.212051	227.620468	510.998657	-44.424370	-1267.534215	0.044765	-0.401654	0.266960	0.081644	-0.262942	0.051280	1.100469	-1.924971	1.589048	2.577166	1.404049	-2.171483	-0.011403	-0.000871	0.013939	-0.015494	-0.001732	0.013707	2602.988037	-1255.596558	1262.985864	608.061279	-38.226677	307.114902	-43.855064	-106.947090	296.190704	-103.049507	106.514015	487.647369	0.026620	0.067727	0.207882	0.031258	0.104230	0.236099	510.998657	-44.424370	-1332.535970	13.472630	3.201073	6.769134	12.042466	3.147628	5.852215
489	ZNF91	1	transcript	protein		335		-4.064425	18.263118	-9.896412	-7.483474	33.626298	-18.221407	-601.608765	-679.999817	-318.948779	-72.339195	493.963440	-227.620468	-601.608765	-679.999817	-1300.035093	-0.675815	0.344667	1.938857	-0.544004	0.277443	1.560702	-3.706905	-0.306815	12.107324	-4.483747	-0.371113	14.644610	-0.037657	-0.002368	0.116518	-0.036172	-0.002329	0.107949	-3575.800293	-2275.373047	-1262.985864	-697.549072	-707.672119	-307.114902	525.704285	-755.689941	-38.881557	588.526062	-865.015869	67.007500	0.401113	-0.497472	-0.069911	0.406634	-0.463882	-0.037709	-601.608765	-679.999817	-1332.535970	3.503609	2.313399	17.165122	7.293680	5.214309	19.016914
490	Hydrogen peroxide	22	metabolite	metabolite			1058	40.673465	-24.771836	0.159276	14.792796	-9.009429	0.057928	351.930817	49.342232	318.948779	-25.042967	9.550628	227.620468	351.930817	49.342232	-617.516669	-0.190072	-0.241019	-0.062546	-0.153457	-0.312798	0.095922	-0.890491	-1.378284	1.022576	3.154446	0.626224	-0.624379	-0.015742	-0.002034	0.018541	-0.021508	-0.003082	0.021855	2194.438721	179.448486	1262.985864	431.356110	-32.703506	307.114902	2.096473	-181.473190	142.711075	-84.045471	81.052734	336.459167	-0.014536	-0.017719	0.078016	0.000151	0.035645	0.130066	351.930817	49.342232	-854.915402	10.527821	2.301711	8.592138	10.011299	1.940372	8.058884
491	XPO6	2	protein	protein	187			18.699045	7.245424	6.771229	34.428933	13.340373	12.467278	-85.242165	-49.142326	-318.948779	3.171297	211.155426	-227.620468	-85.242165	-49.142326	-1267.534215	-0.021388	0.261577	-0.299848	-0.014296	0.276689	0.162424	0.595866	2.418310	1.303497	-2.279997	1.543991	1.756296	-0.004045	-0.002440	-0.014373	-0.003137	-0.003291	-0.022742	-235.898605	-1432.326904	-1262.985864	-83.145905	6.380916	-307.114902	162.941345	75.015182	-139.325363	186.326538	-71.224823	-81.083511	0.108222	-0.078941	-0.090564	0.102165	-0.084422	-0.038939	-85.242165	-49.142326	-1327.906590	9.932528	0.648238	3.336504	6.403110	2.350544	4.454401
492	N-(4-Oxoglutaryl)-L-cysteinylglycine	1	metabolite	metabolite			146	-13.258213	45.740512	-0.159276	-4.821965	16.635663	-0.057928	520.937195	-26.477505	318.948779	100.047279	92.575432	227.620468	520.937195	-26.477505	-1300.035093	0.211374	-0.428569	0.087268	0.151405	-0.400585	0.109114	1.283558	-2.502660	0.709852	2.571005	1.233039	-2.779590	-0.009422	-0.000552	0.011183	-0.012802	-0.001233	0.010461	2783.177246	-1131.581665	1262.985864	600.632507	0.194332	307.114902	-87.870193	-132.872498	294.464050	-163.488251	91.965805	482.908997	-0.023775	0.064792	0.228325	-0.023117	0.105205	0.265362	520.937195	-26.477505	-1332.535970	11.457681	3.722234	6.710176	11.330193	4.524657	6.581396
493	TMEM237	1	protein	protein	6			-18.711866	7.300005	6.676527	-34.452539	13.440866	12.292911	-26.453453	24.647181	-318.948779	-211.552292	152.609680	-227.620468	-26.453453	24.647181	-1300.035093	0.073136	0.088144	-0.377882	-0.155463	0.189737	-0.313799	-2.232671	0.372459	-2.961810	-1.382791	-3.280022	1.719354	-0.004903	-0.002122	-0.011226	-0.004267	-0.003421	-0.020437	136.465500	86.419350	-1262.985864	-45.172565	52.692028	-307.114902	203.955185	-57.266758	-87.882545	278.740540	-172.506989	-151.068939	0.128928	-0.163470	-0.047359	0.129656	-0.168906	-0.071160	-26.453453	24.647181	-1332.535970	7.717088	0.130633	6.248409	6.949489	2.679806	6.183797
494	ESYT1	3	bridge	protein				28.093173	2.880376	-14.507828	22.989123	2.357061	-11.872004	37.891613	-134.864120	0.000000	164.048279	161.873001	0.000000	37.891613	-134.864120	-1235.033338	-0.334950	-0.069063	-0.429480	0.278335	-0.359264	-0.427186	-3.354696	-1.615456	-0.982725	0.463065	5.520939	-3.170875	-0.007416	-0.000496	-0.007422	-0.006436	0.000413	-0.007070	-518.182739	-1748.083374	0.000000	-6.268253	-243.008453	0.000000	125.418564	-23.709536	-198.772919	237.615524	294.724945	-86.468208	0.073518	0.081669	-0.124492	0.154352	0.150387	-0.086443	37.891613	-134.864120	-1319.921885	9.232523	-0.022195	6.587144	8.586963	1.893569	4.635318
495	Procollagen trans-3-hydroxy-L-proline	2	metabolite	metabolite			320	-21.120133	-42.681514	-0.477828	-7.681318	-15.523117	-0.173784	507.766602	-40.528820	318.948779	64.922737	128.346588	227.620468	507.766602	-40.528820	-1267.534215	0.149855	-0.329175	0.234795	0.070356	-0.350118	-0.014261	1.164839	-1.943085	1.468982	2.607495	1.475807	-2.106002	-0.011403	-0.000871	0.013939	-0.015494	-0.001732	0.013707	2694.418457	-1312.921143	1262.985864	599.479553	-24.245806	307.114902	-51.955212	-98.930237	292.131500	-109.312912	119.563957	483.761688	0.035546	0.065335	0.203619	0.025200	0.125584	0.219397	507.766602	-40.528820	-1332.535970	13.581180	3.319561	6.923447	12.107185	3.285283	5.802896
496	1-(5'-Phosphoribosyl)-5-amino-4-imidazolecarboxamide	0	metabolite	metabolite			110	-3.628443	11.662041	-46.030764	-1.319652	4.241443	-16.741227	113.161670	-1317.827110	318.948779	150.480814	-923.203713	227.620468	113.161670	-1317.827110	-1332.535970	0.446397	-1.598212	-0.609590	0.359332	-1.286497	-0.490695	2.957706	-10.589319	-4.038975	3.577541	-12.808482	-4.885408	0.027190	-0.102417	-0.040586	0.024570	-0.096045	-0.039211	346.190944	-5122.032196	1262.985864	111.331077	-1260.605155	307.114902	-1127.508101	396.177094	-324.006299	-1207.180405	428.015750	-339.748586	-1.102669	0.390543	-0.308367	-1.095369	0.387957	-0.306326	113.161670	-1317.827110	-1332.535970	10.340988	-8.642916	2.571428	9.770380	-6.629156	2.464420
497	IGLV7-43	6	transcript	protein		374		8.880252	-18.050504	6.581824	16.350440	-33.234831	12.118543	-558.908997	-68.029350	-318.948779	-2.365988	-259.736298	-227.620468	-558.908997	-68.029350	-1137.530706	0.495457	0.091033	-0.365650	0.467039	0.241187	-0.038163	2.792709	0.159632	-3.315144	-4.256288	-0.919319	-2.895496	0.029097	0.014381	0.032202	0.027550	0.015641	0.028276	-2782.000244	324.559326	-1262.985864	-607.414185	-78.936546	-307.114902	-350.835815	213.386185	-217.445648	-301.344788	42.156300	-381.426178	-0.204276	0.095473	-0.091815	-0.187423	0.098198	-0.091904	-558.908997	-68.029350	-1242.729698	1.936901	0.384345	6.339576	0.577229	2.988624	5.334520
498	INCA1	5	protein	protein	52			5.653544	19.337908	6.487122	10.409382	35.605216	11.944176	8.646751	153.270645	-318.948779	62.680111	245.011948	-227.620468	8.646751	153.270645	-1170.031583	-0.061866	0.303960	0.308305	-0.067966	0.273829	0.221346	1.012644	1.639415	2.282023	-2.118563	1.693421	2.196618	-0.006461	-0.002073	-0.016150	-0.005222	-0.002735	-0.026025	49.576477	2018.939453	-1262.985864	-93.709122	173.381836	-307.114902	240.072525	76.058464	88.155510	224.511383	-123.199539	35.286743	0.092061	-0.088549	0.041202	0.052816	-0.115711	0.042489	8.646751	153.270645	-1278.519100	8.367956	2.608444	6.695636	8.520612	3.149081	6.725263
499	IGKV2-24	3	transcript	protein		199		-17.257186	-10.455931	6.392419	-31.774163	-19.251601	11.769808	-486.266876	-192.303345	-318.948779	148.660431	-152.384598	-227.620468	-486.266876	-192.303345	-1235.033338	0.587865	0.612224	0.038987	0.231423	0.623462	-0.053647	2.509429	4.238767	-2.279305	-6.198594	-0.281955	0.839221	0.029444	-0.020459	-0.006679	0.028090	-0.019797	0.002606	-1870.226196	-1002.424072	-1262.985864	-472.630432	-195.025696	-307.114902	-374.335510	288.187592	8.096748	-300.667114	72.287537	-206.004333	-0.255380	0.033603	0.043242	-0.254284	-0.009053	0.011735	-486.266876	-192.303345	-1331.763621	1.496653	-0.087941	4.748827	1.457045	2.148693	4.217897
500	GCNT1	8	transcript	protein		221		19.816975	-3.953005	6.297717	36.487282	-7.278326	11.595441	-540.720581	-131.334290	-318.948779	-3.293051	-218.520508	-227.620468	-540.720581	-131.334290	-1072.528951	0.446165	0.215627	-0.169008	0.321424	0.282264	-0.148622	1.534154	1.779270	-2.884890	-4.122469	-1.382242	-0.466361	0.029369	0.001238	0.023606	0.027844	0.002225	0.021771	-2706.749756	34.289646	-1262.985864	-572.337585	-128.820480	-307.114902	-331.828522	239.907028	-164.643768	-254.283112	51.607876	-348.970215	-0.201610	0.063852	-0.068256	-0.188823	0.051330	-0.086410	-540.720581	-131.334290	-1058.134109	2.282818	0.099719	6.301946	1.067067	2.864844	5.504817
501	AIG1	5	bridge	protein				-9.759999	-24.661498	-17.451446	-7.986774	-20.180925	-14.280816	7.635440	21.294783	0.000000	36.648460	-280.628540	0.000000	7.635440	21.294783	-1170.031583	-0.259222	0.307746	0.049812	-0.386313	0.408110	-0.369032	-2.332886	1.775849	-0.799553	-1.701527	-3.655544	5.148386	-0.007144	-0.003017	-0.015132	-0.004957	-0.002326	-0.018223	48.681709	-22.452559	0.000000	99.952652	216.877365	0.000000	245.081253	-81.261299	-53.737385	407.286957	-179.104752	-148.753662	0.102866	-0.115788	-0.037513	0.158392	-0.145479	-0.055847	7.635440	21.294783	-1301.457719	7.670704	-0.137570	5.873736	7.410233	2.492804	6.154485
502	MAP7	1	transcript	protein		6		1.912931	11.650328	-17.567315	3.522114	21.450740	-32.345177	-123.739502	247.508499	-318.948779	-930.784460	-232.018504	-227.620468	-123.739502	247.508499	-1300.035093	-0.743482	-0.123334	-0.259245	-0.514098	-0.014695	0.823236	-5.094843	-1.667201	0.946290	5.574273	-7.893414	1.439289	-0.004767	0.000027	-0.004454	-0.003458	0.000476	-0.004478	-3735.260498	60.221951	-1262.985864	-493.117462	153.584915	-307.114902	273.619202	-291.160858	67.638329	134.583450	-573.757202	139.860199	-0.092117	-0.261706	-0.022746	-0.141683	-0.390489	0.092284	-123.739502	247.508499	-1332.535970	6.571591	-0.435322	6.863006	7.391366	1.825217	7.483463
503	LMOD1	0	transcript	protein		288		-9.168484	-7.210549	-17.662018	-16.881137	-13.276161	-32.519545	-1206.719765	-524.290783	-318.948779	-910.365948	-299.050510	-227.620468	-1206.719765	-524.290783	-1332.535970	0.745209	1.469737	-0.640069	0.599864	1.183080	-0.515230	4.937554	9.738077	-4.240924	5.972298	11.778849	-5.129678	0.046454	0.095369	-0.042551	0.042615	0.089222	-0.041051	-4762.312534	-2050.708534	-1262.985864	-1156.669108	-498.260763	-307.114902	597.161140	-1086.594122	-348.817202	673.434938	-1188.828936	-366.802913	0.546208	-1.027067	-0.332088	0.542593	-1.020268	-0.329890	-1206.719765	-524.290783	-1332.535970	12.161581	10.049387	2.385724	11.548446	11.626520	2.283054
504	CCL4	1	transcript	protein		176		-11.959503	16.324610	6.203014	-22.019998	30.057092	11.421073	-536.198242	-94.820297	-318.948779	144.838455	-238.355682	-227.620468	-536.198242	-94.820297	-1300.035093	0.493364	0.667892	-0.175296	0.321002	0.581877	-0.177220	2.475643	3.841208	-3.067921	-6.109881	-1.477392	-0.048898	0.021020	-0.005783	0.003560	0.019817	-0.005234	0.007888	-2173.942871	-177.731857	-1262.985864	-575.867432	-122.109245	-307.114902	-390.528076	302.942261	-108.860802	-349.057953	116.619858	-281.464966	-0.291647	0.098155	0.002375	-0.283121	0.069694	-0.009734	-536.198242	-94.820297	-1332.535970	1.924214	0.755702	5.319535	0.833760	2.847339	4.388639
505	Taurocyamine	3	metabolite	metabolite			977	44.400303	17.204036	-0.796380	16.148234	6.257047	-0.289641	381.643555	142.576324	318.948779	-100.672302	47.797401	227.620468	381.643555	142.576324	-1235.033338	-0.179429	-0.568129	0.128659	-0.081192	-0.472646	0.291990	0.224816	-3.700825	0.463217	3.260770	0.576537	-3.637381	-0.013327	-0.001592	0.013967	-0.015394	-0.001961	0.012006	1579.511963	1969.844482	1262.985864	466.714417	105.223991	307.114902	70.761337	-219.098724	188.383057	-30.400583	116.092300	375.582458	0.014062	-0.074689	0.113481	-0.011920	-0.032633	0.172126	381.643555	142.576324	-1332.535970	10.389438	2.901061	7.347522	9.781774	4.039682	8.037264
506	beta-D-Glucose	0	metabolite	metabolite			1174	-4.660801	-9.900398	-46.349316	-1.695117	-3.600740	-16.857083	500.411189	-1229.439934	318.948779	361.384533	-860.063284	227.620468	500.411189	-1229.439934	-1332.535970	-1.530901	-0.576072	-0.670549	-1.232314	-0.463715	-0.539765	-10.143333	-3.816897	-4.442873	-12.269032	-4.616789	-5.373948	-0.100284	-0.036521	-0.044516	-0.094835	-0.034320	-0.042892	1845.011564	-4779.936171	1262.985864	483.358782	-1175.692259	307.114902	328.398512	1158.614976	-373.628105	380.370558	1259.393933	-393.857240	0.289257	1.119475	-0.355808	0.287342	1.112064	-0.353453	500.411189	-1229.439934	-1332.535970	-1.706231	-2.415254	2.200020	-1.995432	-0.546963	2.101687
507	YWHAH	0	protein,transcript	protein	366	419		11.486939	-0.865517	-17.756720	21.149907	-1.593601	-32.693912	-1158.349275	-623.234202	-318.948779	-885.052711	-364.391505	-227.620468	-1158.349275	-623.234202	-1332.535970	1.506064	-0.604552	-0.701028	1.212322	-0.486640	-0.564300	9.978770	-4.005597	-4.644821	12.069982	-4.845034	-5.618219	0.095505	-0.038357	-0.046481	0.088561	-0.036040	-0.044733	-4575.098130	-2433.661718	-1262.985864	-1110.199942	-593.314963	-307.114902	-981.563539	-667.041324	-398.439009	-1048.039407	-731.339807	-420.911567	-0.963138	-0.625952	-0.379529	-0.956762	-0.621808	-0.377017	-1158.349275	-623.234202	-1332.535970	16.797292	-2.588775	2.014315	16.075874	-0.716431	1.920320
508	LILRB5	13	transcript	protein		231		-2.211692	-20.144402	6.108312	-4.072196	-37.090145	11.246706	-367.255676	-196.343811	-318.948779	57.737392	-65.556442	-227.620468	-367.255676	-196.343811	-910.024565	0.329571	0.401217	0.076349	0.132910	0.414740	-0.073292	1.299323	2.827952	-1.260350	-4.063964	-0.426854	0.942805	0.030756	-0.028419	-0.009354	0.029886	-0.028185	-0.002835	-1261.305664	-589.702454	-1262.985864	-375.975952	-157.806229	-307.114902	-221.370331	287.425842	1.422831	-146.758621	83.241974	-205.932022	-0.147200	-0.031382	0.004357	-0.156812	-0.059896	-0.036425	-367.255676	-196.343811	-1224.595524	2.641049	-0.240044	4.631818	2.401656	2.555553	4.603034
509	GIGYF1	5	protein	protein	0			15.259463	13.378538	6.013609	28.095929	24.632744	11.072338	-21.988253	322.114288	-318.948779	129.589752	269.257904	-227.620468	-21.988253	322.114288	-1170.031583	-0.597602	0.200328	0.022493	-0.045566	0.377649	0.422250	-0.439028	1.004856	4.302999	-2.845080	-4.997621	1.197248	-0.006965	-0.001076	-0.013922	-0.005319	-0.000919	-0.016266	-2598.091553	2460.856689	-1262.985864	-164.035461	362.376282	-307.114902	272.565552	-35.991730	213.837311	174.970840	-331.489594	132.048096	-0.022241	-0.177146	0.079634	-0.031101	-0.210825	0.137691	-21.988253	322.114288	-1296.027599	8.018974	2.688181	7.777657	8.517889	2.449117	7.303228
510	CBR3	3	bridge	protein				29.385572	-11.795717	-2.312842	24.046715	-9.652637	-1.892638	248.284012	-149.483322	0.000000	68.677330	-109.162132	0.000000	248.284012	-149.483322	-1235.033338	-0.337911	-0.336643	0.536162	-0.543343	-0.631344	0.174726	-3.683999	-2.310694	1.863737	7.178697	3.946282	0.476398	-0.007938	-0.000281	-0.002687	-0.006416	0.000220	-0.002688	-280.116302	-2749.864990	0.000000	226.215515	-179.456696	0.000000	224.710373	35.028881	195.317810	239.179092	-128.258545	356.294678	0.082821	0.006933	0.066268	0.034687	-0.110420	0.057391	248.284012	-149.483322	-1320.796362	9.793888	1.857724	5.114333	9.960360	3.681269	5.454318
511	STOM	3	protein	protein	11			-20.316742	0.443309	5.918907	-37.407459	0.816226	10.897971	-27.980516	70.198418	-318.948779	-240.586456	158.385391	-227.620468	-27.980516	70.198418	-1235.033338	-0.228424	0.196281	-0.261672	-0.244355	0.254978	-0.196923	-2.499970	-0.104847	-2.502509	-1.336008	-3.388997	1.404098	-0.006436	-0.002328	-0.012865	-0.004676	-0.002861	-0.019582	-13.912772	16.872791	-1262.985864	-19.276432	18.576639	-307.114902	232.168289	-129.132935	-53.525700	311.826447	-241.245621	-108.657036	0.090783	-0.162846	-0.055680	0.131781	-0.191597	-0.048386	-27.980516	70.198418	-1305.205512	7.581603	0.015067	6.174978	7.133044	2.462250	6.307496
512	TSPAN32	11	transcript	protein		378		14.701238	-14.069550	5.824204	27.068117	-25.905046	10.723603	-470.603790	-236.859482	-318.948779	-12.818541	-131.824722	-227.620468	-470.603790	-236.859482	-975.026320	0.558310	0.193375	0.076604	0.311568	0.304102	-0.086770	2.933214	1.438076	-1.424854	-4.069593	0.680191	-0.556238	0.030193	-0.016067	0.005241	0.028713	-0.015416	0.008214	-1356.309204	-1214.093872	-1262.985864	-488.330383	-208.613419	-307.114902	-338.316620	226.863129	-47.842152	-215.720367	-14.144870	-258.236176	-0.224563	-0.007680	-0.029678	-0.216773	-0.025625	-0.065424	-470.603790	-236.859482	-1184.324444	2.757746	-0.446069	6.531331	1.477651	2.185302	5.689752
513	FCRL5	5	transcript	protein		181		-1.338155	20.331801	5.729502	-2.463829	37.435186	10.549236	-594.728333	135.358658	-318.948779	128.309036	-62.547176	-227.620468	-594.728333	135.358658	-1170.031583	0.575876	0.310652	-0.645516	0.565238	0.424340	0.193952	5.689002	1.716013	-1.500994	-6.327526	0.938966	-3.370990	0.015822	0.067279	-0.015235	0.013103	0.066835	-0.011287	-2441.036377	1491.214478	-1262.985864	-628.496887	122.047882	-307.114902	-487.377136	41.461308	-288.965424	-458.548431	-112.513802	-396.849457	-0.300896	0.125890	-0.161216	-0.280317	0.142740	-0.152021	-594.728333	135.358658	-1298.566379	-0.028562	0.699129	6.209157	-0.448967	1.885308	4.730588
514	TXLNB	6	protein	protein	107			-12.763732	-15.916538	5.634799	-23.500755	-29.305744	10.374868	129.431885	112.739655	-318.948779	-160.157288	252.528915	-227.620468	129.431885	112.739655	-1137.530706	-0.144628	0.050522	0.390363	-0.269851	0.112399	-0.121233	-2.501866	0.726594	0.006436	-0.038995	-1.797171	2.881293	-0.008497	-0.002110	-0.012758	-0.006587	-0.002980	-0.023983	551.766907	1318.601807	-1262.985864	102.395645	242.129303	-307.114902	264.960510	-3.128630	78.180115	368.252075	-41.278259	-35.907806	0.103256	-0.025363	0.018901	0.056462	-0.073231	-0.039672	129.431885	112.739655	-1273.665201	8.036682	1.519754	5.156225	8.454470	4.247545	6.040767
515	PRKCG	1	protein	protein	31			20.188661	3.118540	5.540097	37.171634	5.741897	10.200501	-89.225739	115.206017	-318.948779	-50.097893	175.910004	-227.620468	-89.225739	115.206017	-1300.035093	0.152293	0.320283	0.257861	0.081337	0.236318	-0.261715	-0.714329	1.858460	-1.985674	-2.405630	-1.725659	1.591134	-0.002793	-0.003565	-0.012109	-0.002407	-0.004771	-0.020548	-572.194702	757.691711	-1262.985864	-125.405678	205.231094	-307.114902	191.869904	162.671295	-37.517948	293.235565	-13.970826	-178.791702	0.024351	-0.019777	-0.119095	-0.020773	-0.108838	-0.147543	-89.225739	115.206017	-1332.535970	7.501688	2.824242	5.727934	7.082868	5.174962	6.436005
516	10-Formyltetrahydrofolylpolyglutamate	1	metabolite	metabolite			1082	-44.354605	17.303930	-1.114932	-16.131614	6.293378	-0.405497	420.298584	-93.388420	318.948779	100.143974	-17.207539	227.620468	420.298584	-93.388420	-1300.035093	0.004181	-0.504719	-0.145891	0.009709	-0.273278	0.289830	-0.106898	-3.076057	-0.686041	2.887712	-0.724750	-2.866668	-0.009449	-0.000567	0.010848	-0.012793	-0.001225	0.010269	1372.609497	-513.267761	1262.985864	511.499725	-114.958580	307.114902	-100.479691	-248.127335	164.211273	-161.012558	-1.811361	394.562683	-0.010460	-0.047214	0.200837	0.058770	0.033341	0.250403	420.298584	-93.388420	-1332.535970	11.979055	1.487737	7.686263	10.856941	3.242961	9.682673
517	Leukotriene C4	2	metabolite	metabolite			380	21.013305	-42.712834	-1.433484	7.642465	-15.534507	-0.521353	22.075853	-262.979004	318.948779	-339.427490	171.095963	227.620468	22.075853	-262.979004	-1267.534215	-0.627371	0.287995	0.446980	-0.620536	-0.277394	-0.191905	-5.100298	1.725486	0.120474	4.977188	2.809766	3.628169	-0.005112	0.000298	-0.011783	-0.005303	0.000582	-0.007077	-1667.272705	-3056.268799	1262.985864	126.238831	-436.049835	307.114902	550.310547	18.672918	-12.691463	589.063660	-138.269470	224.770874	0.276896	0.166261	-0.068282	0.321398	0.040776	-0.183541	22.075853	-262.979004	-1295.443008	7.444708	0.227168	3.747684	7.807029	4.576590	4.459693
518	MYC	3	protein	protein	86			-17.014202	11.351854	5.445394	-31.326778	20.901187	10.026133	-158.606079	-66.557091	-318.948779	-2.958638	135.222412	-227.620468	-158.606079	-66.557091	-1235.033338	-0.028975	0.362325	0.184101	-0.124376	0.344199	-0.095579	-1.233909	2.340292	-0.768376	-1.953871	-1.229707	2.417700	0.004173	-0.013971	-0.017647	0.004358	-0.015419	-0.024267	-430.841888	-162.495316	-1262.985864	-165.868134	15.633724	-307.114902	53.458092	203.615128	19.670984	153.783798	42.661003	-150.549194	0.012975	-0.098938	-0.011864	-0.029865	-0.126490	-0.071558	-158.606079	-66.557091	-1283.500760	3.702507	-0.366189	4.125883	3.883777	2.838740	4.821002
519	ZMAT1	2	transcript	protein		69		-9.314420	-16.168463	-9.991115	-17.149835	-29.769592	-18.395775	-595.986450	-682.449097	-318.948779	-65.728844	494.846924	-227.620468	-595.986450	-682.449097	-1267.534215	-0.504322	0.331282	1.883080	-0.405959	0.266669	1.515805	-3.074199	0.428682	11.751078	-3.718446	0.518520	14.213706	-0.031501	0.004789	0.113051	-0.030406	0.004375	0.104702	-3492.696045	-2286.011230	-1262.985864	-693.296692	-711.484253	-307.114902	521.801025	-759.040527	-40.755272	590.897888	-862.099426	63.000683	0.395535	-0.486044	-0.088466	0.398868	-0.452221	-0.056473	-595.986450	-682.449097	-1332.186507	4.458925	2.193270	17.137680	6.852510	4.991328	17.950059
520	dATP	2	metabolite	metabolite			1043	13.354556	45.679166	-1.752036	4.857005	16.613352	-0.637209	259.077362	-107.850174	318.948779	-33.761784	-105.789589	227.620468	259.077362	-107.850174	-1267.534215	-0.311628	-0.318670	-0.044217	-0.071293	-0.386284	-0.076777	-1.186119	-1.998995	1.743352	3.853134	0.656940	-0.753810	-0.011017	-0.001188	0.007530	-0.014941	-0.001766	0.010601	1152.406372	-1338.412109	1262.985864	367.089417	-189.777679	307.114902	-15.473297	-91.480614	-11.213072	-47.083218	151.514435	204.363113	0.003912	0.066557	-0.009437	0.020668	0.119782	0.049716	259.077362	-107.850174	-1318.260335	9.933632	0.630139	7.931250	10.486231	1.411751	7.031631
521	ZNF44	2	transcript	protein		283		15.620352	-8.061613	-11.790462	28.760403	-14.843150	-21.708758	-247.890045	-966.443237	-318.948779	646.536133	-56.019760	-227.620468	-247.890045	-966.443237	-1267.534215	0.047754	0.756186	1.584933	0.038440	0.608700	1.275808	-2.178505	3.569843	10.501335	-2.635046	4.317962	12.702060	-0.022786	0.035352	0.100891	-0.022242	0.033004	0.093312	-1749.210083	-3990.525879	-1262.985864	-193.880615	-970.783325	-307.114902	-225.090988	783.125977	551.007202	-267.770447	935.605469	605.604919	-0.317131	0.760159	0.011878	-0.329872	0.762915	0.014288	-247.890045	-966.443237	-1332.486047	5.617923	7.026458	15.942147	7.398276	7.380570	15.522817
522	GATM	8	transcript	protein		971		4.883633	-19.887690	5.350692	8.991810	-36.617483	9.851765	333.308563	119.085678	-318.948779	-102.821915	302.939178	-227.620468	333.308563	119.085678	-1072.528951	-0.285270	-0.275243	0.147112	-0.302858	-0.015012	0.057729	-1.804188	-1.458891	1.058280	1.690594	-0.557790	2.206980	-0.013959	-0.001989	0.011262	-0.011928	-0.002613	-0.002871	1533.555420	1954.215332	-1262.985864	312.714142	125.537315	-307.114902	102.806862	-178.234283	161.851715	149.432068	81.257011	228.887680	0.042439	-0.042287	0.083629	0.036380	-0.038986	0.094570	333.308563	119.085678	-1233.407838	10.369552	2.878458	7.337183	9.755342	4.041663	8.026885
523	TENT5D	4	bridge	protein				22.138226	-16.802124	15.348862	18.116089	-13.749465	12.560236	82.073425	190.332657	0.000000	-19.832621	82.984062	0.000000	82.073425	190.332657	-1202.532461	-0.263497	0.071626	0.508901	0.427739	-0.127350	0.097452	-2.128914	1.204910	2.794829	2.163504	-4.796024	1.999345	-0.007095	-0.001277	-0.010714	-0.006456	-0.000482	-0.012192	-411.849030	1691.249023	0.000000	74.739761	306.030518	0.000000	265.013123	-51.060043	113.195442	155.362625	-256.605804	130.258347	0.051202	-0.150143	0.039873	-0.019123	-0.175589	0.104088	82.073425	190.332657	-1282.506673	8.409248	2.598741	7.450398	8.917104	2.623421	6.950383
524	CYP4F3	5	transcript	protein		5		-7.784625	8.290134	-17.851423	-14.333155	15.263907	-32.868280	-28.173258	-233.726624	-318.948779	-854.983004	-427.684618	-227.620468	-28.173258	-233.726624	-1170.031583	-0.372224	0.503159	0.051751	-0.773166	0.133042	0.095525	-1.693552	3.710663	0.856101	1.258957	7.378642	2.822493	-0.007082	0.000264	-0.021016	-0.004889	0.000555	-0.006650	-35.892242	-3183.900879	-1262.985864	88.691811	-489.210846	-307.114902	465.811401	-8.708393	-98.553879	569.852661	-211.318054	177.242462	0.231633	0.012690	-0.071588	0.273700	-0.055865	-0.129487	-28.173258	-233.726624	-1257.185187	7.649016	0.021540	3.476651	7.181486	3.882832	4.032358
525	CRY2	3	bridge	protein				-13.685608	28.517238	-2.733359	-11.199167	23.336143	-2.236754	70.571495	71.149284	0.000000	184.928696	-81.629066	0.000000	70.571495	71.149284	-1235.033338	-0.176603	0.213541	-0.029123	-0.398689	0.163313	0.264732	-2.047968	0.887698	-1.257812	1.206982	0.309757	4.649233	-0.007257	-0.002486	-0.012267	-0.005421	-0.001554	-0.013417	12.869755	1428.101685	0.000000	45.728840	-5.218485	0.000000	229.608612	11.859629	31.409863	390.530975	43.548359	87.005775	0.137691	-0.035978	0.016614	0.150566	-0.098377	0.020175	70.571495	71.149284	-1313.524014	7.729324	2.134580	6.251962	7.233027	4.262462	6.069897
526	ITGB2	9	transcript	protein		519		9.844672	17.984911	5.255989	18.126143	33.114059	9.677398	-381.301575	-148.482971	-318.948779	31.844904	-83.099365	-227.620468	-381.301575	-148.482971	-1040.028074	0.291012	0.263322	0.031162	0.166579	0.301432	-0.130896	0.946580	1.735571	-1.582848	-3.156705	-0.734439	0.384774	0.027591	-0.020159	-0.002698	0.026677	-0.019861	0.000848	-1546.429077	-370.317017	-1262.985864	-402.652374	-102.241264	-307.114902	-218.968552	267.825897	-46.420258	-131.194458	46.753357	-235.551376	-0.129663	0.011458	-0.027740	-0.137048	-0.023647	-0.058931	-381.301575	-148.482971	-495.133462	2.650767	-0.056870	5.001513	2.284359	2.713254	4.808375
527	3-Cyano-L-alanine	1	metabolite	metabolite			507	-40.692124	-24.654892	-2.070588	-14.799583	-8.966897	-0.753066	479.316284	-164.364227	318.948779	143.398270	-53.145073	227.620468	479.316284	-164.364227	-1300.035093	0.187284	-0.677559	-0.165165	0.038971	-0.435291	0.405876	0.435592	-4.565430	-0.781669	3.896151	-1.019709	-3.914287	-0.006437	0.000098	0.006100	-0.008920	-0.000422	0.004818	743.468994	-516.641479	1262.985864	527.561584	-203.518372	307.114902	-166.947693	-301.400299	178.019119	-227.588104	-40.448631	427.401978	-0.023860	-0.101477	0.270925	0.041440	-0.015819	0.323462	479.316284	-164.364227	-1332.535970	12.098521	1.431040	7.739254	10.704233	3.142672	9.764754
528	LAT2	6	transcript	protein		243		-19.430547	-6.619286	5.161287	-35.775785	-12.187519	9.503030	-548.860291	29.880522	-318.948779	181.774567	-149.336700	-227.620468	-548.860291	29.880522	-1137.530706	0.453795	0.532454	-0.382020	0.370680	0.523441	0.054157	3.421791	3.420454	-2.057331	-6.015680	-0.526755	-0.759366	0.022256	0.029049	-0.010210	0.020279	0.029215	-0.002940	-2270.206787	941.431396	-1262.985864	-578.516479	17.193230	-307.114902	-449.721344	174.128876	-193.967148	-421.373657	14.423392	-331.191528	-0.281893	0.115097	-0.054605	-0.269090	0.103454	-0.056864	-548.860291	29.880522	-1231.957817	0.479783	1.138860	5.809698	0.091656	2.491288	4.350400
529	2-Oxoglutaramate	3	metabolite	metabolite			300	46.644603	-9.304464	-2.389140	16.964478	-3.384001	-0.868922	452.588043	-16.971632	318.948779	54.741570	58.050537	227.620468	452.588043	-16.971632	-1235.033338	0.009224	-0.458656	0.155704	0.049921	-0.429107	0.043960	0.646319	-2.383925	1.016168	2.843726	0.819119	-2.435319	-0.013379	-0.001303	0.017785	-0.016120	-0.001851	0.014899	2742.474854	-598.522705	1262.985864	562.201294	-64.576469	307.114902	-89.154709	-154.616638	215.606247	-134.863342	53.304558	434.231293	-0.021702	0.044292	0.156606	-0.020928	0.074742	0.209882	452.588043	-16.971632	-1332.535970	11.286468	1.767226	9.085787	11.436913	2.541578	8.112850
530	L-Methionine	8	metabolite	metabolite			431	-28.099114	38.355028	-2.707692	-10.219549	13.949589	-0.984778	368.702728	19.974684	318.948779	-48.952366	-0.270178	227.620468	368.702728	19.974684	-1072.528951	-0.153037	-0.307665	-0.070603	-0.145179	-0.316980	0.128627	-1.099202	-2.088692	0.158823	3.283619	-0.032864	-1.074315	-0.015751	-0.002084	0.018982	-0.021276	-0.003096	0.021528	2102.915527	188.961945	1262.985864	430.991089	-67.897980	307.114902	-20.566124	-160.569519	133.612686	-84.217262	107.287514	321.911224	-0.006407	0.007616	0.081813	0.017534	0.056183	0.123981	368.702728	19.974684	-1282.423732	10.552444	2.122070	8.441396	10.288781	1.888231	7.922114
531	L-Cystine	1	metabolite	metabolite			6	8.782795	3.601757	-46.667868	3.194272	1.309946	-16.972939	433.739594	-5.593610	318.948779	552.042129	-749.987070	227.620468	433.739594	-5.593610	-1300.035093	-0.073911	-0.601748	0.112282	0.241902	-0.804276	-0.316103	0.057736	-3.481158	1.264194	8.508856	-2.356955	-1.036061	-0.010461	-0.000856	0.012694	-0.005915	-0.000028	0.000803	2858.082275	-284.575745	1262.985864	615.830200	-232.871170	307.114902	-126.681404	-151.965149	161.294342	-240.983246	-75.292923	306.290497	-0.051021	0.077479	0.143720	-0.074120	0.159054	0.211795	433.739594	-5.593610	-1332.535970	10.930878	1.720439	9.315951	11.261992	1.873685	7.836230
532	CDP-ethanolamine	2	metabolite	metabolite			676	-5.186940	-47.243386	-3.026244	-1.886472	-17.182253	-1.100634	-29.881275	-23.880533	318.948779	189.425827	-161.582489	227.620468	-29.881275	-23.880533	-1267.534215	-0.436765	0.108358	-0.311115	-0.333802	-0.255591	-0.182968	-0.349193	1.284188	3.394173	2.643512	3.979920	0.204021	-0.007655	-0.001096	-0.012478	-0.008928	-0.000529	-0.005378	-1231.941406	1616.109619	1262.985864	21.081091	-21.295961	307.114902	267.712067	-10.042496	-194.774353	297.545837	199.098907	51.723202	0.152045	0.025124	-0.132066	0.163116	0.041958	-0.087884	-29.881275	-23.880533	-1332.535970	9.595168	0.040415	4.930342	8.095649	2.605276	4.109735
533	5-Methylcytosine in DNA	2	metabolite	metabolite			223	35.721079	31.317996	-3.344796	12.991631	11.390245	-1.216491	538.837952	-60.672649	318.948779	84.040306	137.514297	227.620468	538.837952	-60.672649	-1267.534215	0.191684	-0.403705	0.227033	0.146762	-0.406532	0.062988	1.377389	-2.321849	1.073029	2.610683	1.387619	-2.686697	-0.011070	-0.000764	0.014245	-0.015081	-0.001615	0.013542	2808.717041	-1460.423340	1262.985864	635.218201	-25.088764	307.114902	-72.119820	-118.912285	327.566559	-136.334778	108.074165	511.845154	0.011293	0.059843	0.234839	0.020109	0.112149	0.265195	538.837952	-60.672649	-1332.535970	13.576725	3.574183	6.788740	11.512324	4.057983	6.308843
534	L-Phenylalanine	6	metabolite	metabolite			573	-47.471117	1.035813	-3.663348	-17.265078	0.376722	-1.332347	416.012543	-27.847839	318.948779	42.559528	14.422384	227.620468	416.012543	-27.847839	-1137.530706	0.024532	-0.300058	-0.020368	-0.018760	-0.274163	0.144857	0.255579	-2.043025	0.223470	2.639970	0.280278	-2.016714	-0.014696	-0.001559	0.019125	-0.019147	-0.002431	0.018838	2456.908691	-490.274536	1262.985864	495.955627	-66.021866	307.114902	-62.998264	-190.355347	177.250198	-117.720245	42.337051	389.671539	-0.009329	0.002385	0.128391	0.014794	0.044685	0.177072	416.012543	-27.847839	-1315.144260	11.396853	1.658931	8.929731	11.377259	2.738096	8.464939
535	(3S)-3-Hydroxy-N6,N6,N6-trimethyl-L-lysine	2	metabolite	metabolite			277	34.285510	-32.812319	-3.981900	12.469519	-11.933725	-1.448203	510.710236	-51.003315	318.948779	54.377010	117.495407	227.620468	510.710236	-51.003315	-1267.534215	0.147359	-0.298135	0.263992	0.062842	-0.402347	0.004144	1.101643	-1.868275	1.630553	2.430608	1.715096	-2.219650	-0.011403	-0.000871	0.013939	-0.015494	-0.001732	0.013707	2657.499023	-1235.928955	1262.985864	603.877563	-26.279930	307.114902	-46.697289	-101.536682	297.896973	-105.955879	104.970116	493.361298	0.035372	0.048576	0.209091	0.029182	0.117546	0.235235	510.710236	-51.003315	-1332.535970	13.473828	3.229155	6.977291	12.138473	3.209898	5.650220
536	ZNF597	2	protein	protein	10			18.820339	-8.253761	5.066584	34.652261	-15.196935	9.328663	-76.698135	118.211708	-318.948779	-57.479988	200.315033	-227.620468	-76.698135	118.211708	-1267.534215	0.071944	0.388463	0.202525	0.032165	0.263368	-0.271676	-0.766453	1.943162	-1.894637	-2.378761	-1.658447	1.720209	-0.003975	-0.003989	-0.015202	-0.003318	-0.005544	-0.025598	-955.396729	620.223755	-1262.985864	-101.965202	230.512299	-307.114902	221.568649	161.320923	-37.809036	323.814972	-10.403420	-173.343552	0.047641	-0.040044	-0.117276	0.000765	-0.115458	-0.145314	-76.698135	118.211708	-1329.976023	7.424985	2.782725	5.643991	7.123231	5.182191	6.407859
537	(3S)-Citramalyl-CoA	1	metabolite	metabolite			1084	-3.114839	47.326566	-4.300452	-1.132856	17.212506	-1.564059	328.917023	-64.267975	318.948779	-60.549538	-69.025581	227.620468	328.917023	-64.267975	-1300.035093	-0.300787	-0.407684	0.127684	-0.161394	-0.456519	0.095092	-1.404403	-2.680777	0.761808	3.923173	-0.250084	-0.981743	-0.010254	-0.001000	0.010430	-0.013600	-0.001571	0.010708	2102.156738	-343.091156	1262.985864	420.391998	-162.723694	307.114902	-62.666969	-101.254349	89.380913	-84.943108	148.366058	263.755096	-0.012408	0.105397	0.072353	0.016816	0.152414	0.111529	328.917023	-64.267975	-1332.535970	9.858250	1.348722	8.598661	10.831060	1.448815	7.294352
538	(S)-3-Methyl-2-oxopentanoic acid	3	metabolite	metabolite			389	-29.653106	-36.977805	-4.619004	-10.784730	-13.448698	-1.679915	535.959412	-22.283604	318.948779	74.440529	108.919716	227.620468	535.959412	-22.283604	-1235.033338	0.065987	-0.509793	0.106900	0.043551	-0.464586	0.109855	0.928493	-2.570647	1.076356	2.671190	0.769731	-2.756904	-0.011657	-0.000880	0.015416	-0.015919	-0.001773	0.014918	2947.406494	-969.929504	1262.985864	594.118103	21.205845	307.114902	-76.340965	-167.403305	304.308258	-171.104202	110.537277	473.856781	-0.039243	0.032420	0.201157	-0.033284	0.091071	0.232748	535.959412	-22.283604	-1332.418581	11.562546	3.990934	6.423101	11.407596	4.431912	6.676269
539	Xanthosine	2	metabolite	metabolite			23	46.811679	7.230993	-4.937556	17.025243	2.629887	-1.795772	-46.430431	241.312973	318.948779	-244.762650	-264.781036	227.620468	-46.430431	241.312973	-1267.534215	-0.406764	-0.168003	-0.549104	-0.180351	-0.196852	0.825292	-2.793726	-2.601440	-3.049840	3.133891	-5.149330	-6.140892	-0.007185	-0.000350	-0.003730	-0.005343	0.000464	-0.006075	-3314.020264	-458.861694	1262.985864	-213.714767	-298.876221	307.114902	208.031067	-310.869141	52.832260	153.354034	-501.197449	250.581223	-0.021544	-0.222804	-0.047869	0.038651	-0.332505	0.082555	-46.430431	241.312973	-1332.535970	6.549472	0.186342	7.297805	7.013956	2.269588	7.972556
540	ACOT1	6	bridge	protein				-9.160422	-30.234744	-3.153876	-7.496130	-24.741608	-2.580870	95.501572	-120.165863	0.000000	190.854828	-88.689758	0.000000	95.501572	-120.165863	-1137.530706	-0.565556	-0.004888	0.231437	-0.648071	-0.049960	0.076553	-3.974507	0.145964	0.532069	3.506157	2.756052	4.464870	-0.009527	-0.001305	-0.014916	-0.006951	-0.000316	-0.008458	-906.318665	-2799.948242	0.000000	102.609932	-166.743286	0.000000	383.982635	-69.244415	30.064314	410.332794	33.128006	235.094406	0.198549	0.025644	0.019266	0.191932	-0.042999	0.004697	95.501572	-120.165863	-1298.593790	7.015191	-0.551189	3.795611	7.744431	4.558642	3.840460
541	Uric acid	2	metabolite	metabolite			536	-39.373417	26.269894	-5.256108	-14.319973	9.554268	-1.911628	-38.938183	256.211731	318.948779	-246.166153	-260.795166	227.620468	-38.938183	256.211731	-1267.534215	-0.475784	-0.349205	-0.386692	-0.059908	-0.281075	0.841035	-3.384568	-3.392149	0.499459	4.071656	-5.258426	-5.772729	-0.007440	-0.000315	-0.001827	-0.005363	0.000508	-0.005898	-3370.639648	-386.203949	1262.985864	-240.416229	-242.860199	307.114902	194.202591	-300.504242	91.268768	132.524734	-509.254517	250.326630	-0.068008	-0.200163	-0.004397	-0.018625	-0.321090	0.110239	-38.938183	256.211731	-1332.535970	6.473107	0.013957	7.228027	7.391488	1.962511	7.743192
542	SF3A1	2	protein	protein	215			-8.311536	18.820169	4.971882	-15.303312	34.651948	9.154295	117.678528	53.397598	-318.948779	-123.321426	297.958527	-227.620468	117.678528	53.397598	-1267.534215	-0.446097	-0.001096	-0.226489	-0.403919	0.252785	-0.151950	-3.224250	-1.061238	-1.974812	-0.437528	-1.851103	4.472383	-0.007103	-0.001906	-0.010097	-0.005483	-0.002445	-0.019012	678.819153	1247.303345	-1262.985864	59.994789	141.183990	-307.114902	216.923874	-45.743282	24.921223	396.588959	28.159948	-16.422062	0.162456	-0.071040	0.035444	0.170399	-0.103366	-0.032355	117.678528	53.397598	-1329.957152	7.852388	1.903119	6.427001	7.190643	4.071863	6.192424
543	CFB	7	protein	protein	681			-6.591424	-19.513233	4.877179	-12.136218	-35.928027	8.979928	12.378374	69.056114	-318.948779	-144.475403	177.888809	-227.620468	12.378374	69.056114	-1105.029829	0.156917	0.065675	0.123248	-0.021895	0.214632	-0.012255	-0.087508	0.419601	-1.239115	-1.613628	-1.337415	0.601527	-0.005360	-0.005055	-0.015251	-0.003663	-0.007062	-0.031230	274.806274	344.625732	-1262.985864	-69.927460	134.976440	-307.114902	144.353607	80.318665	20.263002	243.516510	-50.709820	-120.637260	0.083644	-0.085607	0.017737	0.046905	-0.108709	-0.043758	12.378374	69.056114	-1258.403685	7.798697	1.127768	6.963902	6.750229	3.407687	6.604426
544	PCOLCE2	1	transcript	protein		54		9.463492	14.961878	-11.601057	17.424309	27.548011	-21.360023	-161.732635	1156.370605	-318.948779	341.231628	580.409485	-227.620468	-161.732635	1156.370605	-1300.035093	0.480341	-0.602798	1.615413	0.386656	-0.485228	1.300343	3.182610	-3.993974	10.703284	3.849578	-4.830976	12.946330	0.029378	-0.038244	0.102856	0.026620	-0.035934	0.095153	-749.558167	4309.117188	-1262.985864	-220.684006	1060.617920	-307.114902	878.178223	509.015137	-200.234818	951.401489	533.142822	-159.021729	0.807790	0.390036	-0.270200	0.789657	0.407045	-0.253544	-161.732635	1156.370605	-1332.535970	10.547801	0.071058	16.127851	12.213000	0.587639	15.704183
545	DEPDC1B	2	bridge	protein				-5.015197	27.567958	14.928345	-4.104021	22.559331	12.216120	-70.953415	309.781494	0.000000	-68.806870	150.038879	0.000000	-70.953415	309.781494	-1267.534215	-0.648406	0.075283	-0.264709	0.115322	-0.003376	0.666896	-4.150041	-2.363075	-1.722198	2.240999	-6.198883	-2.235560	-0.005288	-0.000637	-0.008905	-0.004772	0.000142	-0.008653	-2777.296631	2274.398682	0.000000	-262.416016	261.675812	0.000000	225.394028	-64.300079	202.689575	70.300629	-404.518311	150.103439	-0.084969	-0.189320	0.071232	-0.115668	-0.248760	0.157049	-70.953415	309.781494	-1326.579831	7.919192	2.590777	7.871553	8.387886	2.322081	7.370028
546	NCAPH	0	transcript	protein		74		0.138384	-11.221294	-17.946125	0.254795	-20.660797	-33.042647	-1101.973312	-717.845275	-318.948779	-820.321055	-488.584165	-227.620468	-1101.973312	-717.845275	-1332.535970	-0.696311	1.450931	-0.731508	-0.560503	1.167941	-0.588835	-4.613568	9.613472	-4.846770	-5.580415	11.628130	-5.862489	-0.046479	0.094157	-0.048446	-0.044436	0.088086	-0.046573	-4356.899135	-2799.846880	-1262.985864	-1056.039977	-684.207111	-307.114902	1202.569755	-208.643079	-423.249912	1333.585129	-231.492792	-447.965894	1.125012	-0.187698	-0.403250	1.117564	-0.186456	-0.400580	-1101.973312	-717.845275	-1332.535970	3.378732	9.934804	1.828611	2.970753	11.514614	1.738954
547	REEP2	2	protein	protein	93			18.060752	9.946715	4.782477	33.253700	18.314026	8.805560	-10.774510	44.044369	-318.948779	-54.413647	181.999634	-227.620468	-10.774510	44.044369	-1267.534215	0.023450	0.373805	0.154217	-0.093941	0.352549	-0.140535	-0.848469	2.400930	-1.121929	-2.449144	-0.123374	2.675933	-0.004657	-0.003674	-0.013119	-0.003593	-0.004768	-0.022465	44.184792	1146.000977	-1262.985864	-58.930050	111.259232	-307.114902	195.998428	34.168373	-12.468565	287.847992	-34.681366	-107.569176	0.075335	-0.096119	-0.010534	0.070352	-0.093240	-0.039900	-10.774510	44.044369	-1320.734833	7.133660	-0.263425	5.962634	6.909130	2.110118	6.368438
548	DNM3	1	transcript	protein		361		-5.808984	-18.371674	-8.759982	-10.695580	-33.826174	-16.128997	-429.736176	738.721924	-318.948779	-466.881195	-390.349792	-227.620468	-429.736176	738.721924	-1300.035093	-0.458321	0.118888	1.954998	-0.368930	0.095700	1.573695	0.746579	0.355356	14.749739	0.903036	0.429827	17.840785	0.005675	0.004075	0.142229	0.004417	0.003706	0.132033	-1947.426880	3072.758057	-1262.985864	-490.463409	825.807495	-307.114902	285.317474	-420.906860	-795.275635	311.171661	-464.549835	-899.695801	0.333168	-0.162557	-0.605450	0.316528	-0.140524	-0.591435	-429.736176	738.721924	-1332.535970	4.828750	0.589576	18.306861	6.253300	1.164792	13.883800
549	PDE3B	3	protein	protein				-20.057470	4.870594	4.687774	-36.930083	8.967803	8.631193	-127.953377	-58.223019	-318.948779	-93.723473	-288.484924	-227.620468	-127.953377	-58.223019	-1235.033338	0.107181	-0.083703	-0.342598	0.443452	-0.008749	0.089256	1.282717	-1.420218	-1.853045	-1.935660	0.532236	-4.543409	0.000737	0.008309	0.008070	0.004963	0.012628	0.009156	-183.168259	-1392.099731	-1262.985864	-332.077301	-109.801308	-307.114902	-43.002571	-23.577955	-138.185349	-97.737061	42.982143	-267.683685	-0.024986	0.064396	-0.061257	-0.023104	0.117103	-0.057872	-127.953377	-58.223019	-619.249590	5.733443	0.703102	6.562984	7.114179	3.848545	4.544704
550	PRDX4	1	transcript	protein		200		11.511571	-17.157722	4.593072	21.195259	-31.591029	8.456825	152.928818	43.960575	-318.948779	-122.851807	241.588608	-227.620468	152.928818	43.960575	-1300.035093	-0.262978	-0.017270	0.440611	-0.346508	0.165720	-0.016825	-3.311395	-0.484404	-1.195229	-0.132131	-1.212926	3.510516	-0.007288	-0.002018	-0.006013	-0.005909	-0.003373	-0.018085	841.904480	971.832764	-1262.985864	94.022110	106.005470	-307.114902	163.310196	-2.275835	51.197006	285.767395	40.736454	-41.711346	0.101048	0.069557	-0.003729	0.091848	0.016181	-0.066712	152.928818	43.960575	-1332.535970	7.943165	1.168213	5.881805	8.012819	3.681948	6.552520
551	JPT2	5	bridge	protein				-15.041021	-23.901686	14.507828	-12.308324	-19.559158	11.872004	9.572415	225.397888	0.000000	-17.604959	19.043163	0.000000	9.572415	225.397888	-1170.031583	-0.124481	0.184005	-0.266047	0.234703	-0.165003	-0.457017	-1.674860	0.464758	-2.682347	0.306144	-5.110471	0.025082	-0.005794	-0.001596	-0.012973	-0.005275	-0.000656	-0.013549	-483.919830	1501.939819	0.000000	-15.079170	422.189056	0.000000	270.095947	-1.389202	-144.664108	317.393829	-170.639999	-339.028809	0.147280	0.014224	-0.123282	0.118705	0.018093	-0.212281	9.572415	225.397888	-1233.125633	6.752665	1.795552	5.681423	7.370601	4.451241	7.379435
552	Thioredoxin	9	metabolite	metabolite			494	11.278979	-45.931556	-5.574660	4.102125	-16.705145	-2.027484	259.688171	-28.823940	318.948779	-88.964630	-41.938667	227.620468	259.688171	-28.823940	-1040.028074	-0.236573	-0.177547	0.101304	-0.181747	-0.288823	-0.017584	-1.462304	-1.224042	0.524395	3.155472	0.415703	-0.008752	-0.013088	-0.002216	0.007195	-0.017389	-0.002611	0.012139	1802.762329	-61.950626	1262.985864	343.410583	-128.295471	307.114902	58.413105	-74.945290	76.178673	17.013767	106.304420	238.129135	0.030350	0.037461	0.027171	0.036629	0.060083	0.055128	259.688171	-28.823940	-1175.732377	9.962457	1.539683	8.346611	10.323577	1.849816	7.278496
553	Fatty acid	4	metabolite	metabolite			1147	22.691001	41.453450	-5.893212	8.252637	15.076474	-2.143340	65.744545	-175.951614	318.948779	-214.822067	80.135292	227.620468	65.744545	-175.951614	-1202.532461	-0.514315	0.051182	-0.037776	-0.437671	-0.309245	0.078838	-3.397719	-0.052426	0.071338	4.113611	2.866094	0.994615	-0.009307	-0.000573	-0.014141	-0.009225	-0.000306	-0.000944	-143.776016	-3005.645752	1262.985864	185.452118	-334.292694	307.114902	385.629730	-75.426247	-28.719198	376.261444	-55.310493	265.005676	0.190176	0.045977	-0.008127	0.212990	0.046067	-0.021003	65.744545	-175.951614	-1286.705777	7.393616	-0.362073	3.716269	7.807413	4.362161	3.905233
554	Acetate	3	metabolite	metabolite			610	-44.694405	-15.225771	-6.211764	-16.255198	-5.537560	-2.259197	317.395874	-38.192154	318.948779	16.961399	-34.318405	227.620468	317.395874	-38.192154	-1235.033338	-0.275158	-0.267193	-0.193286	-0.253667	-0.264923	0.177873	-2.081740	-1.685318	1.476715	4.142022	-0.647834	-0.257082	-0.012865	-0.001486	0.012765	-0.017755	-0.002311	0.015970	993.687988	-209.526901	1262.985864	403.237610	-73.653320	307.114902	6.657741	-201.305023	96.761055	-52.239319	39.607128	338.018982	-0.002803	-0.026685	0.084419	0.048204	0.034911	0.143288	317.395874	-38.192154	-1330.280452	11.497252	0.904734	7.952098	10.576889	3.434459	8.836461
555	MTMR3	2	protein	protein				3.104727	20.448114	4.498369	5.716464	37.649342	8.282458	8.778380	159.986572	-318.948779	22.997047	352.526031	-227.620468	8.778380	159.986572	-1267.534215	-0.477078	0.209987	0.698979	-0.333300	0.117497	-0.526003	-5.136038	2.277059	0.954506	0.587951	-1.466668	6.125363	-0.005013	-0.000135	-0.011589	-0.004748	-0.000140	-0.011586	1580.597046	2451.314453	-1262.985864	149.185013	427.217010	-307.114902	485.298645	97.054832	-8.969899	570.773010	-54.657955	-232.260361	0.290511	0.093297	-0.094572	0.164248	-0.108851	-0.289644	8.778380	159.986572	-1330.866133	8.128526	1.042523	4.502578	8.211968	4.199702	4.955390
556	RASSF5	3	transcript	protein		342		-16.117690	-12.993375	4.403667	-29.676108	-23.923576	8.108090	-597.529541	108.192642	-318.948779	116.468658	-102.556297	-227.620468	-597.529541	108.192642	-1235.033338	0.533246	0.362035	-0.650714	0.543763	0.493551	0.138820	5.294817	2.332238	-1.897818	-6.485255	0.332335	-3.069151	0.017039	0.058058	-0.004031	0.014550	0.057906	-0.002499	-2520.877197	1487.980469	-1262.985864	-629.578857	94.887421	-307.114902	-475.982849	82.985703	-286.951324	-451.192444	-71.235168	-397.250061	-0.304171	0.143445	-0.140300	-0.285994	0.151650	-0.131607	-597.529541	108.192642	-1317.670255	-0.056256	0.883913	6.189592	-0.354382	2.112955	4.681496
557	L-Aspartate	12	metabolite	metabolite			370	43.201743	-18.946356	-6.530316	15.712322	-6.890723	-2.375053	353.495575	-5.067799	318.948779	3.647792	-17.051336	227.620468	353.495575	-5.067799	-942.525442	-0.120983	-0.278769	-0.100036	-0.146367	-0.274501	0.175532	-0.846742	-1.926940	-0.040560	2.983750	-0.466474	-1.327162	-0.014681	-0.001748	0.016579	-0.019980	-0.002681	0.019438	1150.392578	-251.799210	1262.985864	432.450104	-54.549717	307.114902	-3.148462	-214.073105	128.831863	-74.090347	41.514782	350.883331	0.003700	-0.026697	0.103460	0.025911	0.029184	0.151398	353.495575	-5.067799	-1211.550074	11.527678	0.989049	8.079906	10.537104	3.479791	8.859866
558	DHRS9	3	transcript	protein		16		20.681460	-1.307690	4.308964	38.078982	-2.407736	7.933723	-528.644714	-261.370911	-318.948779	-68.479485	-159.409241	-227.620468	-528.644714	-261.370911	-1235.033338	0.773693	0.033711	0.073515	0.446054	0.273551	-0.254448	4.279858	0.761400	-2.413039	-5.244466	0.868603	-1.486963	0.023280	-0.006283	0.012707	0.021660	-0.005660	0.012030	-1306.724243	-1407.489258	-1262.985864	-552.166443	-239.777023	-307.114902	-399.723541	210.898926	-78.909698	-256.011993	-42.230858	-296.448853	-0.288567	-0.004957	-0.055140	-0.271602	-0.018045	-0.097087	-528.644714	-261.370911	-1325.120816	2.599489	-0.433162	6.666369	1.371798	2.176207	5.872504
559	RIN3	2	transcript	protein		20		-14.380028	14.948404	4.214262	-26.476702	27.523203	7.759355	-531.340088	117.431625	-318.948779	264.406952	-47.952545	-227.620468	-531.340088	117.431625	-1267.534215	0.369657	0.839458	-0.466443	0.325679	0.723232	0.140812	3.858311	5.234365	-1.895182	-7.703494	-0.358898	-0.281017	0.009831	0.036414	-0.023125	0.007796	0.035937	-0.016351	-1894.342285	1781.375000	-1262.985864	-555.693970	101.777702	-307.114902	-520.981628	97.190392	-207.509232	-494.585449	-48.280151	-321.495392	-0.370764	0.142421	-0.069606	-0.359967	0.132824	-0.065632	-531.340088	117.431625	-1331.099135	0.150708	1.189417	5.695397	-0.064080	1.983459	4.138576
560	LGI2	1	transcript	protein		9		-6.050348	16.435819	-11.885165	-11.139982	30.261851	-21.883125	-246.928162	-969.954590	-318.948779	644.278748	-59.416138	-227.620468	-246.928162	-969.954590	-1300.035093	-0.328795	0.538785	1.584933	-0.264667	0.433701	1.275808	-2.178506	6.450720	10.501335	-2.635047	7.802573	12.702060	-0.022786	0.063383	0.100891	-0.022242	0.059260	0.093312	-1790.161377	-3975.004150	-1262.985864	-190.363113	-972.625061	-307.114902	-225.669449	779.156189	551.909363	-270.098602	937.095581	608.448792	-0.306683	0.745824	0.005437	-0.319585	0.749897	0.007335	-246.928162	-969.954590	-1332.535970	5.617923	4.377313	15.942147	5.157639	6.086938	15.522817
561	GM3	4	metabolite	metabolite			691	-19.039283	43.111469	-6.848868	-6.924520	15.679490	-2.490909	130.792648	-212.597702	318.948779	78.928780	-213.050247	227.620468	130.792648	-212.597702	-1202.532461	-0.525229	-0.319754	0.118986	-0.230659	-0.487974	-0.108358	-1.787128	-1.814001	3.159204	5.004218	1.011161	0.087897	-0.008493	-0.000254	-0.001038	-0.010861	-0.000394	0.000766	-1215.119141	-2033.628540	1262.985864	221.329803	-254.680405	307.114902	64.681320	-133.376678	-175.846390	23.774887	150.125488	28.588108	0.008040	-0.053964	-0.123519	-0.035581	0.014742	-0.058808	130.792648	-212.597702	-1281.019994	10.401741	-0.603000	6.605803	8.908611	0.423087	4.615229
562	CFHR3	5	protein	protein	828			0.506347	-20.755068	4.119559	0.932293	-38.214510	7.584988	136.324768	-0.471635	-318.948779	-122.094337	178.035873	-227.620468	136.324768	-0.471635	-1170.031583	-0.052998	-0.109202	0.079036	-0.041424	0.047483	-0.036486	-0.640426	-0.648242	-0.183011	-0.405232	-0.776867	0.467688	-0.008569	-0.004512	-0.005362	-0.005265	-0.007077	-0.026410	516.176575	287.500244	-1262.985864	28.647057	55.788746	-307.114902	82.521652	2.375425	45.925049	225.698685	13.493607	-68.231903	0.041432	-0.002046	0.029262	0.040383	-0.015323	-0.011160	136.324768	-0.471635	-1053.750388	7.864541	0.630412	6.773582	6.473568	3.202835	6.536633
563	CFHR5	7	protein	protein	557			13.658686	15.660166	4.024857	25.148557	28.833709	7.410620	-11.440823	27.682735	-318.948779	-187.839874	152.422424	-227.620468	-11.440823	27.682735	-1105.029829	0.017921	0.092747	-0.086530	-0.076533	0.147828	-0.158360	-0.783724	0.357834	-1.179541	-1.092058	-1.625372	1.032795	-0.006327	-0.003549	-0.014992	-0.004738	-0.005331	-0.027415	105.012489	118.346237	-1262.985864	-32.106979	64.604881	-307.114902	189.699203	-35.244335	-66.670609	252.859222	-115.091263	-133.913269	0.094308	-0.108572	-0.032205	0.093919	-0.123585	-0.051956	-11.440823	27.682735	-1199.678618	7.694360	0.112143	6.202106	6.864366	2.741575	6.171837
564	ZDHHC18	1	transcript	protein		346		-20.667787	-2.323033	3.930154	-38.053807	-4.277200	7.236253	-558.612061	40.126213	-318.948779	203.373672	-150.900589	-227.620468	-558.612061	40.126213	-1300.035093	0.564136	0.710484	-0.413732	0.418660	0.666476	0.023517	3.763746	4.465473	-2.803380	-7.242583	-1.126103	-0.747778	0.013755	0.020269	-0.007861	0.012113	0.020298	-0.003308	-2262.380371	939.882690	-1262.985864	-585.633118	27.716185	-307.114902	-467.030518	174.700516	-200.352951	-441.183777	20.840738	-333.946533	-0.327011	0.152214	-0.053815	-0.311347	0.138909	-0.051157	-558.612061	40.126213	-1332.535970	0.359811	1.091287	5.827416	0.053743	2.530849	4.355975
565	N1-Methylguanine in tRNA(Phe)	2	metabolite	metabolite			461	-15.067237	-44.605005	-7.167420	-5.479901	-16.222683	-2.606765	342.541595	-90.791939	318.948779	-67.929985	-81.383087	227.620468	342.541595	-90.791939	-1267.534215	-0.280394	-0.409926	0.173492	-0.118418	-0.472131	0.035304	-1.506616	-2.626605	0.727332	3.936025	0.059721	-1.005869	-0.011142	-0.001129	0.012000	-0.014811	-0.001772	0.012264	304.238129	-206.386948	1262.985864	420.838287	-183.809830	307.114902	-83.175522	-109.252510	75.931076	-102.550545	156.684479	254.704681	-0.021363	0.105453	0.065187	0.001813	0.154134	0.105330	342.541595	-90.791939	-1332.535970	9.947596	1.377620	8.816467	10.778694	1.429667	7.360402
566	MS4A1	9	protein,transcript	protein	346	394		16.823252	-12.258365	3.835452	30.975198	-22.570266	7.061885	-539.493286	155.386337	-318.948779	201.924057	-9.975608	-227.620468	-539.493286	155.386337	-1040.028074	0.276243	0.399339	-0.467131	0.333213	0.427404	0.256990	3.672623	2.467792	1.167053	-4.991815	2.072023	-1.842448	0.014354	0.072200	-0.037198	0.011636	0.071474	-0.027199	-2234.883057	1519.760132	-1262.985864	-565.856384	144.805450	-307.114902	-485.996857	33.818497	-243.877747	-463.464264	-107.701355	-338.129456	-0.278565	0.096827	-0.108560	-0.277237	0.099121	-0.109328	-539.493286	155.386337	-950.279104	-0.265803	0.868731	5.977681	-0.327558	1.815158	4.377922
567	ZNF831	9	transcript	protein		185		-4.127950	20.419766	3.740749	-7.600437	37.597147	6.887517	-504.334839	-263.672058	-318.948779	-61.688705	-136.831253	-227.620468	-504.334839	-263.672058	-1040.028074	0.737679	0.134925	0.095987	0.442628	0.249275	-0.129876	4.302797	1.198154	-1.786006	-5.110121	1.341999	-1.160636	0.025667	-0.008480	0.009869	0.023974	-0.007843	0.010214	-1202.495605	-1435.939453	-1262.985864	-526.816833	-237.146835	-307.114902	-393.811829	200.254776	-56.804409	-249.545166	-48.527489	-274.577423	-0.275617	-0.011469	-0.037593	-0.261028	-0.027250	-0.077873	-504.334839	-263.672058	-1292.805643	2.772604	-0.503267	6.603936	1.567442	2.085684	5.819087
568	PDCD2	8	bridge	protein				27.440697	7.520358	14.087312	22.455192	6.154037	11.527888	19.698353	109.218864	0.000000	30.628246	53.545223	0.000000	19.698353	109.218864	-1072.528951	-0.389882	0.101441	0.161166	0.005757	-0.164615	-0.475911	-2.348396	0.958202	1.312182	2.060553	-2.256961	4.056193	-0.007154	-0.001276	-0.013799	-0.006020	-0.000369	-0.012993	987.748840	766.806641	0.000000	24.453264	286.308105	0.000000	343.887695	18.572783	-63.724052	352.480103	-202.936707	-190.769180	0.188942	-0.039696	-0.049127	0.098176	-0.130055	-0.139785	19.698353	109.218864	-1090.609482	8.521940	1.154750	4.659202	8.358446	3.393666	4.940958
569	Peptide L-aspartate	3	metabolite	metabolite			25	41.196914	22.688643	-7.485972	14.983173	8.251780	-2.722622	361.657288	-14.275614	318.948779	110.373726	109.979195	227.620468	361.657288	-14.275614	-1235.033338	0.199351	-0.251091	0.126680	0.108738	-0.243093	0.115324	1.306249	-1.621793	1.123053	1.980653	1.273007	-2.470388	-0.010122	-0.000665	0.007452	-0.013157	-0.001291	0.008558	1644.757690	-1283.865356	1262.985864	522.709534	47.343456	307.114902	-1.787038	-65.083504	239.905212	-79.395294	36.164333	428.085114	0.042779	0.011786	0.169726	0.013261	0.041541	0.190288	361.657288	-14.275614	-1332.535970	10.080596	2.572007	5.985637	10.103011	4.228650	6.368921
570	LY9	7	transcript	protein		305		-10.758192	-17.859666	3.646047	-19.808127	-32.883457	6.713150	-433.375183	-63.030029	-318.948779	98.692818	-6.619886	-227.620468	-433.375183	-63.030029	-1105.029829	0.629687	0.184686	0.027889	0.302159	0.342409	0.224493	4.245570	1.017487	0.882494	-4.264745	2.550496	-1.441136	0.016518	0.008311	-0.024557	0.014621	0.008412	-0.017065	-668.920959	-1085.942749	-1262.985864	-429.468567	-45.145100	-307.114902	-437.985565	93.918945	2.551531	-331.554230	-130.787094	-193.975143	-0.287859	0.026865	0.015979	-0.293385	0.000497	-0.022981	-433.375183	-63.030029	-1242.095341	0.508516	-0.156984	5.116331	0.719140	1.356585	4.449711
571	CD226	2	transcript	protein		382		20.012458	5.906733	3.551344	36.847206	10.875556	6.538782	-523.070923	-224.986755	-318.948779	-30.165337	-169.245865	-227.620468	-523.070923	-224.986755	-1267.534215	0.736179	0.210055	-0.024420	0.402419	0.357255	-0.224615	3.757231	1.384686	-2.698026	-5.148967	0.105754	-1.676133	0.023827	-0.006451	0.012402	0.022324	-0.005817	0.012206	-2262.262451	-864.078247	-1262.985864	-545.060852	-205.721970	-307.114902	-360.120636	222.084244	-94.859772	-246.624588	-0.890190	-300.529663	-0.261268	0.006684	-0.062950	-0.244670	-0.003155	-0.099527	-523.070923	-224.986755	-1331.334772	2.555228	-0.327381	6.611613	1.303188	2.382134	5.796586
572	C1QTNF7	2	transcript	protein		398		16.655707	9.601145	-8.854684	30.666711	17.677758	-16.303364	-434.255066	749.503357	-318.948779	-474.825653	-380.177917	-227.620468	-434.255066	749.503357	-1267.534215	-0.242879	0.048501	1.963939	-0.195508	0.039042	1.580893	0.445868	0.768538	13.444014	0.539307	0.929598	16.261424	0.002749	0.008095	0.129524	0.001677	0.007472	0.120132	-1923.549805	3105.377197	-1262.985864	-479.499268	823.507507	-307.114902	273.663788	-423.485352	-797.285278	300.117310	-466.812592	-901.614563	0.298031	-0.160560	-0.605983	0.280687	-0.139736	-0.592369	-434.255066	749.503357	-1332.535970	5.759348	1.223188	17.509393	6.270922	1.412474	15.369347
573	PRPH2	8	protein	protein	713			-18.760787	9.169761	3.456642	-34.542613	16.883487	6.364415	-30.508862	83.215080	-318.948779	-62.782410	211.377182	-227.620468	-30.508862	83.215080	-1072.528951	-0.032303	0.272572	0.299369	0.031507	0.218598	-0.303743	-1.018551	1.931639	-0.813773	-2.154915	-1.496345	2.026410	-0.005805	-0.002760	-0.015393	-0.003909	-0.004092	-0.022053	-1076.218994	533.851318	-1262.985864	-93.035744	278.379822	-307.114902	274.697540	128.732666	-33.649807	383.381958	-38.582298	-196.506744	0.114879	-0.053065	-0.098294	0.036939	-0.144523	-0.154429	-30.508862	83.215080	-1086.937992	7.528024	2.642756	5.275562	7.411460	5.058442	6.206079
574	IGLV3-16	6	transcript	protein		194		7.645190	-19.448610	3.361939	14.076428	-35.809042	6.190047	-467.012085	-80.053062	-318.948779	18.251818	-25.403021	-227.620468	-467.012085	-80.053062	-1137.530706	0.830722	0.024007	-0.017772	0.466057	0.300453	0.212032	5.317588	0.712194	0.078154	-4.975828	2.775452	-2.096846	0.014757	0.007312	-0.016102	0.012811	0.007417	-0.011469	-556.727905	-1152.544434	-1262.985864	-468.604218	-55.657715	-307.114902	-468.215912	78.254250	-0.801374	-351.494598	-151.187088	-209.187103	-0.345250	0.030799	-0.004668	-0.339356	0.006519	-0.047701	-467.012085	-80.053062	-1283.358409	0.506438	-0.142434	5.331020	0.684089	1.339355	4.797946
575	CRP	5	protein	protein	7			7.505411	19.519067	3.267237	13.819063	35.938769	6.015680	70.877373	-11.112776	-318.948779	-111.936569	150.398834	-227.620468	70.877373	-11.112776	-1170.031583	0.090022	-0.038756	0.132503	0.011722	0.109350	0.014550	-0.312064	-0.283993	-0.747638	-0.904408	-0.946371	0.480554	-0.006085	-0.005598	-0.010698	-0.003290	-0.008137	-0.028262	368.491760	179.519257	-1262.985864	-25.607315	35.710846	-307.114902	98.040314	39.550476	34.614235	189.060318	20.936787	-97.853561	0.051096	-0.035792	0.032537	0.028497	-0.045789	-0.022096	70.877373	-11.112776	-1277.874453	7.819967	0.603568	6.835029	6.393643	3.186762	6.495986
576	DYNC1I1	2	bridge	protein				-25.495664	13.083954	13.666795	-20.863537	10.706823	11.183772	17.256205	181.664520	0.000000	-22.365858	-80.024925	0.000000	17.256205	181.664520	-1267.534215	-0.179779	0.323542	0.449387	-0.137174	0.156818	-0.635335	-0.255381	1.889626	3.277762	-1.192165	2.973923	5.905024	-0.006062	-0.000922	-0.012029	-0.004831	-0.000058	-0.011355	415.474640	2826.863770	0.000000	-78.101830	361.010498	0.000000	316.657745	150.527634	-8.047995	542.635193	-90.330315	-46.329567	0.209615	0.006874	-0.019202	0.249261	-0.111783	-0.024213	17.256205	181.664520	-1307.865789	9.725575	1.167488	4.757452	9.062072	2.904517	4.740430
577	(S)-2-Hydroxyglutarate	1	metabolite	metabolite			523	-45.652932	11.085990	-7.804524	-16.603811	4.031936	-2.838478	529.203613	-30.883858	318.948779	95.273071	92.725883	227.620468	529.203613	-30.883858	-1300.035093	0.086515	-0.506703	0.175409	0.128563	-0.432230	0.079822	1.205666	-2.515746	0.996771	2.397939	1.242481	-2.904932	-0.009422	-0.000552	0.011183	-0.012802	-0.001233	0.010461	2812.880127	-1107.818115	1262.985864	601.219482	5.385436	307.114902	-77.905792	-149.310608	299.962219	-150.255402	77.589569	493.290558	-0.017877	0.027037	0.241066	-0.016233	0.080781	0.274266	529.203613	-30.883858	-1332.535970	11.558572	3.633662	6.712283	11.217204	4.346611	6.571891
578	LTF	0	transcript	protein		143		7.375960	8.253712	-18.040828	13.580716	15.196845	-33.217015	-1037.976981	-807.477714	-318.948779	-781.256176	-546.757533	-227.620468	-1037.976981	-807.477714	-1332.535970	-0.462533	-1.526628	-0.761987	-0.372320	-1.228874	-0.613369	-3.064615	-10.115018	-5.048719	-3.706854	-12.234784	-6.106759	-0.031408	-0.097802	-0.050411	-0.030319	-0.091722	-0.048414	-4109.206069	-3146.762604	-1262.985864	-994.559183	-770.316321	-307.114902	-703.632519	920.173636	-448.060816	-744.977621	999.392519	-475.020221	-0.697421	0.891512	-0.426970	-0.692804	0.885610	-0.424144	-1037.976981	-807.477714	-1332.535970	4.803090	-8.206767	1.642906	4.361840	-6.203195	1.557587
579	SLC25A20	3	protein	protein	66			-18.732244	-9.329419	3.172534	-34.490060	-17.177451	5.841312	-62.370018	141.228806	-318.948779	-55.111599	168.595490	-227.620468	-62.370018	141.228806	-1235.033338	-0.015189	0.348480	-0.053525	0.105742	0.169994	-0.263473	-0.835340	1.874408	-1.649391	-2.253283	-1.883039	1.566646	-0.004597	-0.002851	-0.014418	-0.003054	-0.004034	-0.019511	-794.582275	1121.536499	-1262.985864	-115.620697	241.071609	-307.114902	242.800598	87.595558	-135.047974	307.615570	-53.194698	-230.856873	0.093718	-0.001653	-0.122601	0.031862	-0.064665	-0.165574	-62.370018	141.228806	-1245.550491	7.129292	1.862532	5.572033	7.083402	5.054856	6.631533
580	CDSN	1	bridge	protein				-10.298261	-9.810418	-28.384882	-8.427243	-8.028033	-23.227834	231.865326	9.082012	0.000000	-618.556251	-720.015355	0.000000	231.865326	9.082012	-1300.035093	0.265064	-0.232647	0.388050	0.099952	0.147445	0.609438	1.992301	-1.385901	2.411354	-1.755627	5.636958	-3.044074	-0.006467	-0.000102	-0.001111	-0.003603	0.000331	-0.006017	1235.719849	-1121.969116	0.000000	179.448929	147.548492	0.000000	52.663349	1.702937	185.385452	110.280083	-164.312912	52.592934	0.080493	-0.019641	0.165772	0.118766	-0.027415	0.146509	231.865326	9.082012	-1332.535970	9.879229	2.385972	5.874692	9.678807	4.140721	6.311411
581	CD163L1	11	transcript	protein		808		20.128095	-5.778127	3.077832	37.060119	-10.638766	5.666945	-363.363251	-183.393936	-318.948779	66.153801	-68.600075	-227.620468	-363.363251	-183.393936	-975.026320	0.287986	0.413353	0.034344	0.116338	0.400516	-0.097030	1.128584	2.820165	-1.268949	-3.902394	-0.200495	1.044254	0.031183	-0.028646	-0.009498	0.030359	-0.028413	-0.002748	-1333.344727	-585.556763	-1262.985864	-375.219238	-144.843262	-307.114902	-218.829727	281.445435	-7.409182	-148.895813	85.796577	-209.849350	-0.141098	-0.025063	0.000439	-0.150165	-0.054710	-0.036235	-363.363251	-183.393936	-1273.732574	2.511845	-0.240281	4.573884	2.332974	2.471784	4.538909
582	MS4A6A	0	transcript	protein		276		-10.859032	-1.088102	-18.135530	-19.993796	-2.003428	-33.391382	-966.797442	-891.519237	-318.948779	-738.001727	-601.887000	-227.620468	-966.797442	-891.519237	-1332.535970	1.359443	0.805645	-0.792467	1.094298	0.648512	-0.637904	9.007301	5.337981	-5.250668	10.894926	6.456641	-6.351030	0.086052	0.052556	-0.052376	0.079707	0.049119	-0.050254	-3833.710927	-3472.039104	-1262.985864	-926.177534	-851.054382	-307.114902	-65.397598	-1183.033178	-472.871719	-49.032941	-1293.988097	-502.074548	-0.087234	-1.119268	-0.450691	-0.086656	-1.111858	-0.447707	-966.797442	-891.519237	-1332.535970	15.903966	6.003225	1.457202	15.203415	7.674871	1.376220
583	tRNA(Glu)	1	metabolite	metabolite			888	26.144470	-38.967709	-8.123076	9.508652	-14.172419	-2.954334	424.124725	-96.282921	318.948779	100.497131	-11.778823	227.620468	424.124725	-96.282921	-1300.035093	0.120851	-0.440967	-0.168358	-0.023846	-0.285639	0.296212	0.123226	-3.028381	-0.766596	3.130028	-0.889700	-2.559952	-0.009449	-0.000567	0.010848	-0.012793	-0.001225	0.010269	1393.095459	-453.216583	1262.985864	500.857788	-118.745255	307.114902	-110.581360	-240.775085	160.963608	-172.957169	6.618643	382.806244	-0.029671	-0.050982	0.192552	0.043288	0.026452	0.252011	424.124725	-96.282921	-1332.535970	12.135711	1.539799	7.706911	10.663901	3.423566	9.701395
584	PIK3CD	2	transcript	protein		154		-10.945918	17.868627	2.983129	-20.153772	32.899955	5.492577	-501.089630	-18.354427	-318.948779	197.704269	-125.496307	-227.620468	-501.089630	-18.354427	-1267.534215	0.286649	0.681031	-0.106132	0.181370	0.580296	-0.141761	1.286699	3.990323	-2.473149	-5.335730	-1.352104	1.091357	0.018773	0.002856	-0.008279	0.017273	0.003029	-0.002285	-1851.437378	1676.180908	-1262.985864	-524.257629	-19.872932	-307.114902	-430.665070	211.627289	-130.049393	-383.855560	37.301102	-285.009308	-0.277712	0.088675	-0.025095	-0.268893	0.065583	-0.033846	-501.089630	-18.354427	-1271.499033	0.391236	1.181709	5.620149	0.673922	2.397214	4.236773
585	DISC1	9	protein	protein	44			-4.001435	-20.582651	2.888426	-7.367497	-37.897053	5.318210	65.514008	108.442245	-318.948779	11.062706	233.969345	-227.620468	65.514008	108.442245	-1040.028074	-0.104586	0.138822	0.288751	-0.079193	0.186915	0.037012	-0.222995	1.181957	1.585332	-1.218996	0.761859	1.980183	-0.007523	-0.002101	-0.013283	-0.005756	-0.003439	-0.023084	338.520966	1951.392456	-1262.985864	-0.410140	152.617737	-307.114902	245.079712	94.657013	43.232712	266.216492	-28.753126	2.041906	0.127127	-0.005220	0.003605	0.097980	-0.059099	-0.008698	65.514008	108.442245	-1043.256953	9.719178	1.164907	4.750279	9.052728	2.993213	5.020721
586	FCMR	3	transcript	protein		151		16.864226	12.481707	2.793724	31.050639	22.981486	5.143842	-554.895935	70.372543	-318.948779	170.815582	-133.102768	-227.620468	-554.895935	70.372543	-1235.033338	0.386880	0.332880	-0.583078	0.457710	0.436397	0.117305	3.982745	2.071196	-2.649660	-5.328456	-0.657150	-2.996142	0.017403	0.040308	-0.010933	0.015357	0.040333	-0.005478	-2359.478271	1024.088501	-1262.985864	-592.960754	53.691406	-307.114902	-459.046722	130.224014	-231.067917	-436.932495	-16.143757	-356.176788	-0.280048	0.141271	-0.089100	-0.266568	0.139953	-0.081878	-554.895935	70.372543	-1317.985717	0.415145	1.142291	5.884070	-0.093567	2.403990	4.449025
587	EIF3I	0	protein	protein	114			8.614796	-6.437695	-18.230233	15.861678	-11.853170	-33.565750	-888.920923	-969.395756	-318.948779	-690.793947	-653.671467	-227.620468	-888.920923	-969.395756	-1332.535970	-1.531293	0.321021	-0.822946	-1.232630	0.258409	-0.662439	-10.145929	2.126999	-5.452616	-12.272172	2.572746	-6.595300	-0.100309	0.021313	-0.054341	-0.094859	0.019853	-0.052095	-3532.295620	-3773.454410	-1262.985864	-851.362147	-925.869769	-307.114902	876.430381	782.289315	-497.682622	977.955949	849.040576	-529.128875	0.813205	0.759687	-0.474411	0.807822	0.754658	-0.471271	-888.920923	-969.395756	-1332.535970	-1.708618	3.050527	1.271497	-1.997763	4.791144	1.194854
588	N6,N6,N6-Trimethyl-L-lysine	2	metabolite	metabolite			59	7.035746	46.338291	-8.441628	2.558876	16.853073	-3.070190	507.752930	-57.786652	318.948779	59.295700	114.306679	227.620468	507.752930	-57.786652	-1267.534215	0.104036	-0.279430	0.270455	0.119395	-0.337546	0.008536	0.994661	-1.868703	1.726341	2.583450	1.634154	-2.048537	-0.011403	-0.000871	0.013939	-0.015494	-0.001732	0.013707	2632.710449	-1227.489624	1262.985864	601.184998	-30.581757	307.114902	-44.571819	-98.061455	304.706970	-113.378685	114.501999	478.871887	0.039461	0.055369	0.206147	0.013369	0.115868	0.227172	507.752930	-57.786652	-1332.535970	13.635019	3.183942	6.890501	12.132710	3.292829	5.730014
589	DCLK2	1	transcript	protein		46		-18.724024	4.161657	-8.949387	-34.474925	7.662499	-16.477732	-420.540192	772.946106	-318.948779	-504.393402	-331.371735	-227.620468	-420.540192	772.946106	-1300.035093	0.188606	-0.095802	1.528959	0.151820	-0.077117	1.230751	-0.760278	0.364185	9.978155	-0.919607	0.440506	12.069239	-0.008987	0.004161	0.095801	-0.009316	0.003787	0.088544	-1603.536621	3557.263428	-1262.985864	-461.040741	847.927307	-307.114902	222.694519	-423.457825	-796.982117	257.890808	-465.309509	-903.165527	0.179504	-0.160077	-0.634353	0.161067	-0.144078	-0.625138	-420.540192	772.946106	-1332.535970	9.438309	0.620478	16.925248	8.522806	3.912037	17.653359
590	G2E3	3	bridge	protein				10.030032	-27.054289	13.246278	8.207747	-22.138987	10.839656	146.686676	235.311707	0.000000	-121.687660	141.013626	0.000000	146.686676	235.311707	-1235.033338	-0.484720	-0.322999	0.245442	0.227663	-0.147472	0.522562	-0.104102	-2.365068	3.558798	3.785934	-4.870878	-0.637990	-0.007413	-0.000675	-0.001418	-0.006647	-0.000041	-0.007908	-2579.729248	2076.912598	0.000000	-69.661453	315.359955	0.000000	163.010620	-68.039497	217.933136	55.552361	-317.226044	195.695663	-0.029976	-0.133394	0.103661	-0.036913	-0.158087	0.168434	146.686676	235.311707	-1283.919250	8.113602	2.358500	7.971489	8.849813	2.163705	7.241162
591	N-Acetyl-D-galactosaminyl-(N-acetylneuraminyl)-D-galactosyl-D-glucosylceramide	3	metabolite	metabolite			925	-36.443467	-29.379125	-8.760180	-13.254361	-10.685084	-3.186047	145.517212	-253.660965	318.948779	29.846119	-231.137756	227.620468	145.517212	-253.660965	-1235.033338	-0.490487	-0.475169	-0.073525	-0.146321	-0.539063	-0.127344	-1.809005	-2.907409	2.834161	5.107204	1.534350	-0.586299	-0.008291	-0.000298	-0.000560	-0.011013	-0.000533	0.000883	-42.738293	-2376.970703	1262.985864	238.097122	-297.015076	307.114902	19.038269	-107.558853	-202.136063	14.145426	214.536545	29.392321	-0.014247	0.027932	-0.158518	-0.018201	0.107311	-0.081822	145.517212	-253.660965	-1330.467084	10.159337	-0.519730	6.946245	8.832067	0.546389	4.431621
592	CFH	3	protein	protein	840			-20.878752	2.189291	2.699021	-38.442239	4.030952	4.969475	-248.699692	-132.318192	-318.948779	-42.016033	-29.299417	-227.620468	-248.699692	-132.318192	-1235.033338	0.318085	-0.030619	0.067692	0.190984	0.136442	-0.042641	1.579919	-0.194821	-0.993824	-2.094012	-0.262002	-0.866440	0.014746	-0.012174	-0.000621	0.014817	-0.012699	-0.005161	-1041.129028	-691.017578	-1262.985864	-296.353149	-87.118614	-307.114902	-168.971283	172.238861	-24.523476	-39.007282	16.821438	-195.397339	-0.097574	0.004389	0.007909	-0.093726	-0.014051	-0.040307	-248.699692	-132.318192	-640.044331	2.817471	-0.086375	5.984344	1.761868	2.518431	5.240797
593	Acyl-CoA	12	metabolite	metabolite			195	46.656976	-2.950123	-9.078732	16.968978	-1.072950	-3.301903	146.252228	-27.323608	318.948779	2.318042	-27.067749	227.620468	146.252228	-27.323608	-942.525442	-0.139446	-0.074562	-0.063906	-0.180815	-0.212085	0.054003	-0.248889	-0.207468	0.855967	2.199675	1.300536	-0.352274	-0.011653	-0.002369	-0.000799	-0.016768	-0.002576	0.009931	-102.742531	630.421509	1262.985864	276.418427	-52.460472	307.114902	135.267990	-93.752975	-14.405987	78.622826	78.393044	245.102188	0.059810	-0.009973	0.000385	0.068184	0.024129	0.056004	146.252228	-27.323608	-553.589809	9.939814	-0.132690	5.085636	7.426198	2.229727	4.701601
594	HCFC1	3	bridge	protein				10.950476	26.899571	12.825761	8.960961	22.012379	10.495540	42.706238	162.811722	0.000000	-22.489504	6.787357	0.000000	42.706238	162.811722	-1235.033338	-0.358411	0.030779	-0.166257	0.091074	-0.255255	-0.473013	-3.506359	-0.212107	-0.829730	2.662637	-3.495483	3.266824	-0.006388	-0.001317	-0.011580	-0.005833	-0.000411	-0.012740	842.348389	699.463684	0.000000	22.259493	343.905273	0.000000	274.478363	-46.489277	-98.174461	303.928162	-225.739578	-257.087494	0.168517	-0.061744	-0.068575	0.112759	-0.060329	-0.154544	42.706238	162.811722	-1298.514510	6.892775	1.782733	5.479789	7.983602	3.479881	5.222098
595	GYPB	2	bridge	protein				-4.696745	-29.022524	-11.984728	-3.843426	-23.749627	-9.807308	-87.863411	-79.055153	0.000000	-224.306564	-174.592392	0.000000	-87.863411	-79.055153	-1267.534215	-0.100709	0.560495	0.102228	-0.332094	0.642415	-0.109673	-0.631181	3.675463	0.576962	-4.049912	3.105853	4.907656	-0.004713	-0.001566	-0.015564	-0.003996	-0.000511	-0.013174	-529.711609	-2036.299927	0.000000	-62.047672	-174.801849	0.000000	280.009827	27.192495	-133.528381	436.398224	-248.944305	-133.643219	0.128698	-0.115701	-0.090404	0.128135	-0.215512	-0.132111	-87.863411	-79.055153	-1324.338420	8.883144	0.405017	3.740599	6.876831	3.270604	4.094992
596	IL2RB	21	transcript	protein		1400		13.924424	-15.726663	2.604319	25.637837	-28.956143	4.795107	-449.272308	-173.706665	-318.948779	85.362061	-141.592865	-227.620468	-449.272308	-173.706665	-650.017546	0.371075	0.352773	-0.017719	0.193187	0.387956	-0.061367	1.737384	2.213169	-1.265380	-3.779952	-0.142982	0.249549	0.036983	-0.025888	-0.002584	0.035741	-0.025110	0.006244	-1798.489990	-671.757629	-1262.985864	-460.836853	-152.697266	-307.114902	-306.629272	290.261688	-34.378334	-236.954666	86.363068	-235.776932	-0.187733	0.013006	0.001585	-0.188535	-0.015089	-0.027501	-449.272308	-173.706665	-813.643991	2.024825	0.036716	4.882091	1.649121	2.466501	4.377015
597	IGHV3-33	7	transcript	protein		101		0.355966	21.013689	2.509616	0.655410	38.690686	4.620740	-449.183502	-134.442734	-318.948779	116.933136	-54.266296	-227.620468	-449.183502	-134.442734	-1105.029829	0.677816	0.349510	0.154604	0.268035	0.480985	0.145702	4.047435	2.683856	0.023117	-5.308314	1.964146	0.246611	0.021262	-0.006197	-0.019253	0.019532	-0.005886	-0.010474	-864.747009	-1190.189453	-1262.985864	-430.727234	-123.998909	-307.114902	-425.052094	166.418442	37.136524	-331.209564	-57.043022	-178.842758	-0.295399	0.021089	0.051021	-0.298987	-0.019897	0.005103	-449.183502	-134.442734	-1253.836121	0.902309	-0.213484	4.949916	1.131289	1.558671	4.310885
598	HPD	3	transcript	protein		78		-9.855984	15.406206	-10.654032	-18.146970	28.366113	-19.616347	920.481140	349.509613	-318.948779	223.458466	570.442810	-227.620468	920.481140	349.509613	-1235.033338	0.395250	-0.458468	1.706851	0.318160	-0.369048	1.373947	-2.085634	-3.037684	11.309130	-2.522712	-3.674279	13.679141	-0.021882	-0.028939	0.108751	-0.021396	-0.027218	0.100674	3954.513184	1070.348755	-1262.985864	932.315857	372.607574	-307.114902	52.706272	362.201996	-866.921692	108.668373	419.307037	-1014.853699	-0.552379	0.385995	-0.370679	-0.544536	0.401602	-0.368741	920.481140	349.509613	-1332.519329	6.784833	-3.571947	16.684964	5.241046	0.152834	16.248283
599	GA2	3	metabolite	metabolite			1073	-32.366953	33.646269	-9.397284	-11.771747	12.237030	-3.417759	123.970802	-263.515015	318.948779	62.607235	-241.084854	227.620468	123.970802	-263.515015	-1235.033338	-0.539537	-0.389747	-0.010230	-0.205689	-0.522373	-0.125236	-1.483095	-2.432021	3.220268	4.924039	1.987849	-0.639364	-0.008063	-0.000135	-0.001476	-0.010444	-0.000283	-0.000338	-64.679352	-2339.402344	1262.985864	212.399750	-298.546021	307.114902	29.556839	-110.326500	-227.265488	28.156532	215.666107	-1.142885	-0.012108	0.005867	-0.177886	-0.027486	0.081764	-0.107803	123.970802	-263.515015	-1331.387450	10.225414	-0.611294	6.747680	8.699093	0.596175	4.376540
600	XPO4	2	protein	protein	210			-14.464651	-15.262439	2.414914	-26.632510	-28.101409	4.446372	-81.186852	-50.884136	-318.948779	-0.185276	213.733719	-227.620468	-81.186852	-50.884136	-1267.534215	-0.024852	0.296903	-0.274081	-0.030486	0.303528	0.142001	0.655382	2.380288	1.342478	-2.278892	1.503853	1.799510	-0.004045	-0.002440	-0.014373	-0.003137	-0.003291	-0.022742	-255.273911	-1457.859131	-1262.985864	-101.459846	8.994229	-307.114902	162.616592	70.240608	-140.670441	186.631073	-75.699638	-80.716835	0.101423	-0.085864	-0.091632	0.103162	-0.082727	-0.046239	-81.186852	-50.884136	-1327.906590	9.888831	0.692218	3.293964	6.395728	2.345580	4.446485
601	RBM11	1	bridge	protein				-26.409486	-12.515948	12.405245	-21.611334	-10.242014	10.151424	108.838455	266.577942	0.000000	-26.424812	18.040543	0.000000	108.838455	266.577942	-1300.035093	-0.107521	-0.245305	-0.553209	0.207381	-0.395020	-0.490403	-1.995337	-3.244648	-2.912309	2.806927	-5.865416	-0.353609	-0.005131	-0.000332	-0.005987	-0.005292	0.000068	-0.009154	-603.790710	1152.131348	0.000000	34.525776	426.460480	0.000000	225.209595	-130.169724	-139.988022	246.437851	-237.943558	-306.026764	0.158388	-0.020763	-0.159540	0.132291	0.035825	-0.208508	108.838455	266.577942	-1332.535970	6.759216	1.911227	5.617651	7.487368	4.507597	7.508233
602	FIGNL1	2	bridge	protein				28.095117	-8.662025	11.984728	22.990715	-7.088283	9.807308	10.116426	280.919525	0.000000	32.894947	-26.394302	0.000000	10.116426	280.919525	-1267.534215	-0.228430	0.249131	-0.503540	0.297868	-0.200802	-0.575190	-2.005065	0.054450	-4.150283	0.295365	-6.655454	0.094977	-0.004863	-0.000742	-0.010383	-0.004582	-0.000164	-0.010457	170.662460	2435.412354	0.000000	-15.825321	468.909180	0.000000	253.978119	-31.943876	-190.518845	309.136597	-180.836777	-368.096466	0.138917	0.031408	-0.179170	0.123325	0.044233	-0.263635	10.116426	280.919525	-1325.050975	6.696858	1.826302	5.743100	7.301569	4.423587	7.320123
603	Mercaptopyruvate	5	metabolite	metabolite			728	1.137065	-46.608042	-9.715836	0.413546	-16.951181	-3.533615	374.558228	-32.236641	318.948779	12.898850	-12.230475	227.620468	374.558228	-32.236641	-1170.031583	-0.037493	-0.313834	0.034074	-0.040040	-0.321041	0.085878	-0.172580	-2.074753	0.383819	2.826311	0.236434	-1.552598	-0.014274	-0.001805	0.016302	-0.019204	-0.002660	0.017962	2058.792969	-161.473236	1262.985864	459.652985	-97.809418	307.114902	-44.021576	-134.988220	148.733978	-111.228317	99.337074	329.614166	0.002212	0.026277	0.104506	0.017919	0.073798	0.143820	374.558228	-32.236641	-1318.177246	11.312037	1.772366	8.430946	10.659398	1.881558	7.680199
604	FCER2	10	transcript	protein		337		20.986047	1.484068	2.320211	38.639792	2.732486	4.272005	-480.092682	-183.186737	-318.948779	81.982719	-171.482101	-227.620468	-480.092682	-183.186737	-1007.527197	0.516922	0.425778	-0.042087	0.240846	0.470783	-0.149590	2.050962	2.918546	-2.330077	-4.931851	-0.623653	0.251133	0.037139	-0.024598	0.000890	0.035817	-0.023695	0.009460	-1921.026367	-667.376465	-1262.985864	-489.917236	-169.702255	-307.114902	-322.365997	310.039642	-47.087883	-247.044403	92.462646	-254.761368	-0.209377	0.021850	-0.006824	-0.206549	-0.003358	-0.035325	-480.092682	-183.186737	-1304.764728	2.058583	0.068488	4.979783	1.564300	2.566711	4.532462
605	TRBV5-1	15	transcript	protein		381		-16.484942	13.087925	2.225509	-30.352297	24.097664	4.097637	-495.577118	-138.777847	-318.948779	87.035919	-199.577164	-227.620468	-495.577118	-138.777847	-845.022810	0.426744	0.324314	-0.145556	0.284139	0.379324	-0.083278	2.281602	1.859244	-2.063384	-4.178550	-0.559202	-0.717905	0.036802	-0.017022	0.007175	0.035463	-0.016022	0.014193	-2124.215332	-444.450714	-1262.985864	-517.662598	-132.734772	-307.114902	-336.718048	296.680054	-88.694946	-268.851685	94.511955	-278.595123	-0.211134	0.050734	-0.013779	-0.204540	0.026668	-0.034810	-495.577118	-138.777847	-1148.303912	2.073919	0.399856	5.288197	1.120649	2.788846	4.415078
606	KIF13B	3	bridge	protein				-14.950262	25.509972	11.564211	-12.234055	20.875246	9.463191	-2.969112	346.156189	0.000000	-11.721628	170.613586	0.000000	-2.969112	346.156189	-1235.033338	-0.755412	0.000601	0.081598	-0.055127	0.026241	0.645422	-2.703446	0.320309	4.289052	3.903913	-5.336444	2.121398	-0.007185	-0.000851	-0.013464	-0.006142	-0.000244	-0.012953	-2612.884033	2469.331055	0.000000	-112.034760	428.921387	0.000000	285.541718	-50.691422	229.202057	127.045326	-357.351349	178.853317	-0.026119	-0.192587	0.079544	-0.060726	-0.222927	0.139333	-2.969112	346.156189	-1331.180600	7.983740	2.732743	7.835074	8.559528	2.485801	7.374876
607	PKD2	1	transcript	protein		215		3.316260	-20.795723	2.130806	6.105942	-38.289364	3.923269	-86.994225	-152.090378	-318.948779	18.166632	310.037994	-227.620468	-86.994225	-152.090378	-1300.035093	-0.313196	0.483369	-0.406798	-0.272062	0.438683	0.185501	0.579284	3.264350	3.582304	-2.553991	2.514348	3.791918	-0.003292	-0.001159	-0.008411	-0.003661	-0.001841	-0.013755	-2587.744629	-1871.614380	-1262.985864	-46.070839	-54.211330	-307.114902	248.331390	40.127533	-225.491043	296.999664	-121.767326	-17.528036	0.242760	-0.121367	-0.108347	0.238985	-0.140062	0.020263	-86.994225	-152.090378	-1332.535970	10.014392	0.584119	3.377874	6.438263	2.224640	4.458109
608	VCAN	1	transcript	protein		392		11.607163	17.582038	2.036104	21.371265	32.372284	3.748902	-600.385193	-13.350987	-318.948779	-110.758606	-202.481049	-227.620468	-600.385193	-13.350987	-1300.035093	0.980764	-0.020349	-0.357120	0.732264	0.289909	-0.051632	6.027288	0.887569	-3.258389	-6.808342	0.287973	-3.794273	0.012307	0.020147	0.020754	0.010604	0.020508	0.014451	-3231.475342	778.705017	-1262.985864	-644.316162	-8.841426	-307.114902	-416.828430	111.098228	-263.166626	-354.685303	-84.185249	-408.151978	-0.326532	0.103320	-0.172513	-0.297734	0.114123	-0.181526	-600.385193	-13.350987	-1332.535970	1.106947	0.033740	6.793868	0.082840	2.232160	5.582211
609	GNL1	4	bridge	protein				-6.241691	-29.066465	11.143694	-5.107682	-23.785585	9.119075	47.734428	147.140335	0.000000	-24.273764	-52.435097	0.000000	47.734428	147.140335	-1202.532461	-0.193045	0.261901	0.477503	-0.109537	-0.023361	-0.566105	-0.948535	1.938203	2.988245	0.390214	2.248231	5.390529	-0.006605	-0.000897	-0.012404	-0.005735	-0.000071	-0.013045	522.567749	2532.824707	0.000000	-14.112421	306.626434	0.000000	321.020996	136.254745	17.984634	481.404358	-160.616943	-36.738102	0.210467	-0.009154	-0.017541	0.214217	-0.136070	-0.038570	47.734428	147.140335	-1272.025265	9.837571	1.291837	4.982751	9.121759	2.969115	4.834908
610	(S)-Ureidoglycolate	0	metabolite	metabolite			713	-7.286536	2.680068	-46.986420	-2.650088	0.974731	-17.088796	844.403720	-1030.835754	318.948779	712.175203	-598.909306	227.620468	844.403720	-1030.835754	-1332.535970	0.902710	-1.257749	-0.853426	0.726645	-1.012438	-0.686974	5.981109	-8.333502	-5.654565	7.234547	-10.079921	-6.839571	0.056607	-0.080468	-0.056306	0.052126	-0.075485	-0.053936	3176.409216	-4011.253378	1262.985864	813.829824	-984.894713	307.114902	-1127.205900	-23.567406	-522.493526	-1206.850878	-29.682414	-556.183202	-1.102380	-0.010756	-0.498132	-1.095082	-0.010685	-0.494834	844.403720	-1030.835754	-1332.535970	13.121195	-6.568552	1.085793	12.485645	-4.603246	1.013487
611	PANK2	6	bridge	protein				24.362298	17.305835	10.723177	19.936084	14.161660	8.774959	24.427521	320.838654	0.000000	-73.189384	185.253265	0.000000	24.427521	320.838654	-1137.530706	-0.599064	-0.062185	0.024892	0.008197	-0.011067	0.530914	-2.784711	-0.545529	2.972878	3.578857	-4.557472	1.194180	-0.007871	-0.001085	-0.012285	-0.006810	-0.000403	-0.012856	-2570.769531	2475.436768	0.000000	-80.243851	397.741272	0.000000	256.693420	-66.012894	205.262421	104.667976	-340.247620	175.186340	-0.027505	-0.167249	0.061246	-0.055519	-0.186834	0.125395	24.427521	320.838654	-1247.844121	7.881138	2.740570	7.937318	8.454398	2.499508	7.457944
612	gamma-Glutamyl-beta-aminopropiononitrile	2	metabolite	metabolite			569	30.600461	35.084510	-10.034388	11.129280	12.760113	-3.649472	438.356201	-117.546654	318.948779	109.084435	-28.282814	227.620468	438.356201	-117.546654	-1267.534215	0.016304	-0.528899	-0.092345	-0.057004	-0.269525	0.288261	0.159275	-3.117595	-0.515506	3.039443	-0.698099	-2.739278	-0.010267	-0.000639	0.012480	-0.013931	-0.001382	0.011760	1284.946289	-518.260620	1262.985864	509.484161	-134.240143	307.114902	-115.479675	-264.525970	169.126266	-185.420181	-6.788210	395.339050	0.011527	-0.045357	0.200477	0.075298	0.043027	0.239855	438.356201	-117.546654	-1332.535970	12.157423	1.382728	7.856213	10.970974	3.428237	9.825494
613	CTSK	3	transcript	protein		291		-20.443926	-5.126095	1.941401	-37.641631	-9.438235	3.574534	-435.800446	-179.436401	-318.948779	109.105087	-91.126038	-227.620468	-435.800446	-179.436401	-1235.033338	0.645974	0.451178	0.204265	0.273876	0.536577	0.064530	3.076945	4.070018	-1.176388	-5.800293	1.319785	0.913969	0.025442	-0.016140	-0.012034	0.024005	-0.015700	-0.003718	-1520.041382	-1041.853882	-1262.985864	-423.425842	-174.513901	-307.114902	-370.706024	224.790558	27.719040	-281.695007	2.454303	-191.913834	-0.259993	-0.003061	0.040224	-0.263350	-0.040418	-0.005732	-435.800446	-179.436401	-1322.618426	1.352740	-0.245102	4.779767	1.412272	1.835475	4.303721
614	PRPF40B	0	transcript	protein		297		-1.973467	10.406833	-18.324935	-3.633575	19.161201	-33.740117	-804.879400	-1040.575295	-318.948779	-639.890670	-701.828106	-227.620468	-804.879400	-1040.575295	-1332.535970	0.181924	1.520121	-0.883905	0.146441	1.223637	-0.711508	1.205376	10.071908	-5.856514	1.457981	12.182639	-7.083841	0.010139	0.098618	-0.058271	0.008599	0.092265	-0.055776	-3207.019121	-4048.949552	-1262.985864	-770.624087	-994.251418	-307.114902	875.088211	-775.188192	-547.304429	976.492418	-849.265410	-583.237529	0.811922	-0.729346	-0.521852	0.806547	-0.724518	-0.518398	-804.879400	-1040.575295	-1332.535970	8.729611	10.356365	0.900089	8.196643	11.926328	0.832121
615	CMTM3	4	transcript	protein		180		18.544826	-10.033900	1.846699	34.144983	-18.474551	3.400167	-150.819458	-62.592903	-318.948779	-94.455566	63.059700	-227.620468	-150.819458	-62.592903	-1202.532461	0.258393	0.091521	-0.054112	0.154943	0.176843	-0.012170	1.318722	1.134884	-0.327002	-2.413382	0.518255	0.273081	0.002809	-0.007473	-0.010918	0.003580	-0.008665	-0.018869	-97.177643	85.735344	-1262.985864	-184.161453	-9.910742	-307.114902	9.358759	75.808716	-54.880196	96.875702	-93.500786	-148.793945	-0.039448	-0.053896	-0.033227	-0.041831	-0.070964	-0.034679	-150.819458	-62.592903	-1217.535659	7.828301	-0.369894	6.361337	6.744011	2.095095	5.933357
616	FMO3	0	transcript	protein		247		-5.487413	-8.865960	-18.419638	-10.103498	-16.324125	-33.914485	-715.246962	-1104.571626	-318.948779	-585.569911	-746.093902	-227.620468	-715.246962	-1104.571626	-1332.535970	-1.147317	-0.986264	-0.914385	-0.923544	-0.793904	-0.736043	-7.601809	-6.534719	-6.058463	-9.194891	-7.904175	-7.328111	-0.075555	-0.062965	-0.060236	-0.071671	-0.059091	-0.057617	-2860.103397	-4296.642618	-1262.985864	-684.514876	-1055.732212	-307.114902	-83.862229	1111.714759	-572.115333	-69.167160	1208.252958	-610.291856	-0.104887	1.074636	-0.545573	-0.104193	1.067522	-0.541962	-715.246962	-1104.571626	-1332.535970	0.630858	-4.914460	0.714384	0.287066	-2.987791	0.650754
617	VHL	7	protein	protein	125			-6.899218	19.933171	1.751996	-12.702934	36.701222	3.225799	101.233803	98.143463	-318.948779	-150.846390	233.480972	-227.620468	101.233803	98.143463	-1105.029829	-0.123283	0.060102	0.098929	-0.141240	0.138248	-0.069213	-1.414573	0.246724	-0.709510	-0.780910	-1.685419	1.338353	-0.008325	-0.003224	-0.010680	-0.006759	-0.004837	-0.025581	552.966797	1228.124512	-1262.985864	80.569901	157.651154	-307.114902	197.209671	-13.141138	61.469841	298.486420	-12.219608	-9.479533	0.078484	-0.030253	-0.002635	0.081869	-0.069165	-0.022745	101.233803	98.143463	-1137.870945	7.139813	0.942814	6.825066	7.422400	3.125909	7.021554
618	2-Oxo acid	1	metabolite	metabolite			468	-46.193707	-5.192114	-10.352940	-16.800489	-1.888354	-3.765328	358.262177	81.748299	318.948779	-41.555588	12.127686	227.620468	358.262177	81.748299	-1300.035093	-0.349801	-0.402404	-0.204946	-0.294905	-0.382455	0.171757	-1.282016	-2.373712	2.551170	4.848285	0.215620	-0.694935	-0.011048	-0.001081	0.012375	-0.015246	-0.001877	0.014044	2207.554932	197.490982	1262.985864	421.871521	-6.111212	307.114902	5.029699	-208.917297	150.024933	-107.639587	83.608795	339.480896	-0.069046	-0.035883	0.096070	-0.049121	0.041664	0.153693	358.262177	81.748299	-1332.535970	10.427787	2.294912	8.551780	10.096425	1.950084	7.962090
619	PRAM1	2	transcript	protein		406		-8.380433	-19.365477	1.657294	-15.430167	-35.655977	3.051432	-547.047363	104.155655	-318.948779	241.504425	-68.131172	-227.620468	-547.047363	104.155655	-1267.534215	0.375064	0.723132	-0.519632	0.393600	0.658941	0.116751	4.442783	4.494661	-0.712489	-7.315736	0.014717	-1.001204	0.011277	0.038181	-0.020299	0.009210	0.037785	-0.013987	-1926.127686	1773.790894	-1262.985864	-571.589050	90.338547	-307.114902	-508.813629	107.441338	-218.978561	-483.349457	-38.811035	-334.074127	-0.351331	0.149050	-0.079930	-0.338456	0.141878	-0.072545	-547.047363	104.155655	-1328.103163	0.200094	1.218884	5.689944	-0.108090	2.090235	4.244261
620	L-Leucine	2	metabolite	metabolite			1207	37.510758	-27.332441	-10.671492	13.642531	-9.940713	-3.881184	467.926117	-65.882774	318.948779	84.471375	37.538296	227.620468	467.926117	-65.882774	-1267.534215	0.160499	-0.385142	0.000780	0.049846	-0.268198	0.184000	0.895697	-2.435106	0.040549	2.335679	0.233021	-2.801232	-0.011505	-0.000912	0.014435	-0.015531	-0.001714	0.013974	2208.758789	-965.756104	1262.985864	540.868835	-63.057465	307.114902	-85.668442	-194.099686	232.814423	-159.604202	52.945736	430.314362	-0.017081	-0.005948	0.190675	0.025110	0.052405	0.239596	467.926117	-65.882774	-1332.535970	12.215816	2.071353	8.320814	11.557304	2.855609	9.021002
621	CSF1R	1	transcript	protein		56		17.813921	1.609617	-11.316950	32.799231	2.963649	-20.836920	59.219028	953.542358	-318.948779	-631.735291	22.475723	-227.620468	59.219028	953.542358	-1300.035093	-0.760784	0.105031	1.645892	-0.612401	0.084546	1.324878	-5.040746	0.695907	10.905233	-6.097115	0.841745	13.190601	-0.050636	0.007389	0.104821	-0.048329	0.006810	0.096993	19.377037	3793.437500	-1262.985864	22.963465	970.825928	-307.114902	236.688309	915.869019	305.892548	308.496765	1003.250183	300.568268	-0.018316	0.872285	-0.021014	-0.028959	0.877819	-0.009840	59.219028	953.542358	-1332.535970	5.280142	0.409977	16.313555	2.587112	3.505906	15.885550
622	CFP	8	transcript	protein		196		19.267257	8.621550	1.562591	35.475133	15.874113	2.877064	-93.172974	18.417637	-318.948779	-60.628742	132.682526	-227.620468	-93.172974	18.417637	-1072.528951	0.141000	0.115966	-0.010815	0.057542	0.212781	0.021793	0.533677	0.794772	-0.673711	-1.942990	-0.701535	0.378182	-0.000297	-0.007806	-0.014708	0.001031	-0.009290	-0.026365	4.424919	240.451385	-1262.985864	-134.943985	35.541603	-307.114902	88.278984	76.573524	-10.225674	143.920929	-53.647343	-108.731567	0.015481	-0.078712	-0.008984	0.001276	-0.094665	-0.023021	-93.172974	18.417637	-912.228238	7.364958	0.603229	7.118953	6.620738	2.933121	6.676306
623	EGR2	7	bridge	protein				-29.800364	3.713962	10.302661	-24.386147	3.039199	8.430843	107.649193	234.335571	0.000000	23.162678	-34.730518	0.000000	107.649193	234.335571	-1105.029829	-0.107954	-0.110959	-0.323429	0.197859	-0.297833	-0.387461	-1.320996	-2.108400	-1.994586	2.257789	-4.426258	-0.152993	-0.006677	-0.000944	-0.007547	-0.006305	-0.000249	-0.011293	-576.184753	1156.314209	0.000000	41.656086	403.163452	0.000000	214.105545	-112.630272	-112.835144	236.352661	-202.482285	-258.095337	0.129760	-0.030579	-0.096422	0.116371	0.017679	-0.155253	107.649193	234.335571	-1149.974844	6.736838	1.932064	5.600207	7.453444	4.483345	7.461753
624	Carboxylate	5	metabolite	metabolite			978	-9.181725	45.419322	-10.990044	-3.339361	16.518848	-3.997040	257.607391	-45.836098	318.948779	-70.524254	-2.307263	227.620468	257.607391	-45.836098	-1170.031583	-0.303644	-0.223775	0.048251	-0.226196	-0.326791	0.071196	-1.778823	-1.547324	0.873440	3.726890	0.764084	-0.244903	-0.013464	-0.001786	0.006802	-0.018004	-0.002385	0.015006	984.261902	-1061.238892	1262.985864	362.896576	-109.909561	307.114902	119.614540	-148.352066	84.503922	23.726965	64.689972	308.412170	0.063378	0.007476	0.056939	0.061190	0.049764	0.085533	257.607391	-45.836098	-1162.933528	7.444448	-0.665776	4.083023	8.084718	4.336425	3.765598
625	Acetyl-CoA	13	metabolite	metabolite			745	-23.870411	-39.627252	-11.308596	-8.681585	-14.412292	-4.112897	279.814789	-3.860738	318.948779	-0.624034	-2.736615	227.620468	279.814789	-3.860738	-910.024565	-0.209892	-0.161189	0.023531	-0.157998	-0.263980	0.049311	-1.115918	-0.808428	1.085850	2.969012	0.641024	-0.138367	-0.013440	-0.002016	0.009099	-0.018712	-0.002683	0.015288	737.839844	363.357330	1262.985864	379.844269	-47.246181	307.114902	52.190933	-144.923660	86.372421	-17.748121	78.316864	305.359344	0.021291	-0.017108	0.051789	0.025297	0.034450	0.106129	279.814789	-3.860738	-899.694657	10.484397	0.038447	5.504766	7.446391	1.852113	5.137963
626	TM4SF18	1	protein	protein	99			-20.037299	6.659727	1.467889	-36.892944	12.261978	2.702697	-90.654694	111.186111	-318.948779	-51.397804	171.478531	-227.620468	-90.654694	111.186111	-1300.035093	0.182528	0.282141	0.273527	0.100622	0.207441	-0.252445	-0.716819	1.897906	-1.940351	-2.401262	-1.679754	1.643625	-0.002793	-0.003565	-0.012109	-0.002407	-0.004771	-0.020548	-569.992920	755.721619	-1262.985864	-122.122459	207.751495	-307.114902	190.204163	163.471695	-33.440952	292.774841	-10.228898	-177.351257	0.019516	-0.032867	-0.119680	-0.022170	-0.117777	-0.142045	-90.654694	111.186111	-1332.535970	7.397198	2.822164	5.694910	7.013738	5.206059	6.492702
627	Malate	4	metabolite	metabolite			128	44.293321	13.073298	-11.627148	16.109325	4.754713	-4.228753	332.660309	31.434145	318.948779	-9.159665	25.113716	227.620468	332.660309	31.434145	-1202.532461	-0.219561	-0.312974	0.198294	-0.078956	-0.324535	-0.035799	-1.119838	-2.024952	1.395288	3.561967	-0.449845	-0.757074	-0.012439	-0.001515	0.011810	-0.016268	-0.002068	0.012888	1588.254761	-877.424622	1262.985864	426.675629	-87.266945	307.114902	7.715860	-75.791237	173.220016	-39.345398	73.231979	321.072296	0.021907	0.026694	0.102710	0.036968	0.076055	0.139902	332.660309	31.434145	-1319.027663	9.069603	1.621820	7.986659	10.304498	2.197583	6.649344
628	L-Amino acid	4	metabolite	metabolite			970	-41.418297	20.244133	-11.945700	-15.063689	7.362720	-4.344609	425.722595	81.431374	318.948779	-20.087574	33.837162	227.620468	425.722595	81.431374	-1202.532461	-0.166985	-0.465977	-0.141654	-0.127744	-0.455860	0.195937	-0.363821	-3.065457	1.195995	3.895532	0.716723	-2.182794	-0.013456	-0.001411	0.016844	-0.018001	-0.002295	0.017452	1981.681763	947.120789	1262.985864	485.493286	22.667589	307.114902	-12.335124	-229.236008	194.653732	-121.368874	89.391174	381.942719	-0.035236	-0.037763	0.130094	-0.019190	0.021415	0.181768	425.722595	81.431374	-1326.795750	10.880418	2.555601	7.696521	10.193567	3.921129	8.083239
629	N6-Succino-2-amino-2'-deoxyadenylate	2	metabolite	metabolite			261	16.835219	-42.827135	-12.264252	6.122910	-15.576079	-4.460465	477.592773	40.103134	318.948779	-33.758896	141.551819	227.620468	477.592773	40.103134	-1267.534215	-0.222608	-0.517402	0.387945	0.022406	-0.564948	-0.051883	-0.304932	-2.822897	3.207523	5.133897	-0.240650	-1.253015	-0.009270	-0.000549	0.008203	-0.012239	-0.001169	0.007532	2372.404541	-1690.503906	1262.985864	569.807617	-138.974686	307.114902	2.593456	5.208496	289.103546	-0.968494	174.317841	416.207092	0.057822	0.143012	0.153124	0.083964	0.177489	0.178376	477.592773	40.103134	-1332.535970	13.011913	2.834498	6.216238	10.975669	2.485772	6.236166
630	TNFRSF19	1	bridge	protein				13.348452	0.260504	-28.805398	10.923266	0.213175	-23.571950	-62.252815	-133.973557	0.000000	-417.880375	-847.368139	0.000000	-62.252815	-133.973557	-1300.035093	-0.334417	0.147233	-0.529749	0.902425	-0.268556	0.034188	-2.039416	-0.708829	-4.016556	-2.776018	2.617540	-8.783928	-0.003956	0.001763	-0.006234	-0.002160	0.002081	-0.002016	-300.743744	-1866.328003	0.000000	-236.546890	-291.061798	0.000000	200.998947	-31.398962	-179.954224	94.601418	156.903931	-292.960327	0.124505	0.128646	-0.102162	0.184928	0.222176	-0.059367	-62.252815	-133.973557	-1332.535970	5.874902	0.719961	6.370425	7.321313	3.925220	4.463964
631	KCTD7	2	bridge	protein				27.139336	16.083537	-3.574392	22.208582	13.161433	-2.924986	173.453873	27.664560	0.000000	73.204720	-106.850838	0.000000	173.453873	27.664560	-1267.534215	-0.359157	-0.024457	0.282370	-0.492215	0.014438	0.213492	-2.565088	0.502820	1.222610	2.493994	-0.322923	4.677959	-0.008151	-0.001548	-0.007352	-0.006103	-0.000603	-0.009383	464.942108	1347.046143	0.000000	183.957520	-8.040018	0.000000	239.825531	-62.250492	111.153923	302.187134	-48.508266	261.333771	0.129834	-0.028201	0.063633	0.077544	-0.145472	0.072141	173.453873	27.664560	-1320.571620	8.660347	1.897519	5.441070	8.366711	4.014671	6.111784
632	CMTM4	1	protein,transcript	protein	101	131		10.279400	-18.451241	1.373186	18.926570	-33.972673	2.528329	-52.686188	-88.499046	-318.948779	11.840995	255.033279	-227.620468	-52.686188	-88.499046	-1300.035093	-0.115258	0.274672	-0.334026	-0.212723	0.327306	0.084039	0.306825	2.470975	2.095454	-1.897685	1.677677	2.618255	-0.003922	-0.002581	-0.011371	-0.003602	-0.003502	-0.018479	-284.354309	-1563.458740	-1262.985864	-32.253544	-20.114182	-307.114902	185.999588	60.599033	-147.182846	218.262009	-61.872780	-40.314690	0.158464	-0.101866	-0.077256	0.155749	-0.111720	0.002052	-52.686188	-88.499046	-1332.535970	10.061790	0.612708	3.359423	6.385411	2.297109	4.428822
633	Ubiquinone	4	metabolite	metabolite			669	16.484653	42.871077	-12.582804	5.995410	15.592060	-4.576322	347.683441	35.151546	318.948779	-24.295160	90.909386	227.620468	347.683441	35.151546	-1202.532461	-0.160984	-0.222876	0.320070	-0.071781	-0.276551	-0.077343	-0.514205	-1.280773	2.342684	3.091170	2.053166	-0.669687	-0.012280	-0.001463	0.009396	-0.015725	-0.002219	0.011158	2549.762451	804.212341	1262.985864	451.538605	14.318430	307.114902	55.821228	-44.382782	226.415405	7.296613	104.676590	368.223907	0.061684	0.042116	0.106047	0.068566	0.068051	0.133967	347.683441	35.151546	-1292.919130	12.805760	2.638882	6.207250	10.824002	2.948418	5.945084
634	ITGAL	7	transcript	protein		28		4.885299	20.554789	1.278484	8.994878	37.845753	2.353962	-414.990326	-187.454773	-318.948779	125.730553	-116.879738	-227.620468	-414.990326	-187.454773	-1105.029829	0.347412	0.530190	0.074052	0.122306	0.496889	-0.076307	1.559889	3.478270	-1.272996	-4.564707	0.373910	1.172981	0.031110	-0.024957	-0.008245	0.029948	-0.024436	0.000648	-1658.731934	-862.776794	-1262.985864	-418.531433	-171.496719	-307.114902	-301.364319	295.515442	12.393445	-234.505417	89.066147	-197.707733	-0.195393	-0.001328	0.030857	-0.201376	-0.041491	-0.008022	-414.990326	-187.454773	-1273.216863	1.970458	-0.220318	4.423467	1.888585	2.245432	4.209461
635	MATN2	0	transcript	protein		417		9.872368	2.784879	-18.514340	18.177137	5.127557	-34.088852	-620.635888	-1160.947589	-318.948779	-528.128352	-786.227091	-227.620468	-620.635888	-1160.947589	-1332.535970	1.493372	-0.047166	-0.944864	1.202105	-0.037967	-0.760578	9.894676	-0.312508	-6.260411	11.968265	-0.378000	-7.572382	0.094687	-0.002423	-0.062201	0.087795	-0.002381	-0.059457	-2493.918235	-4514.841613	-1262.985864	-593.622728	-1109.892177	-307.114902	-644.793492	-904.950550	-596.926236	-680.818319	-990.760994	-637.346183	-0.641168	-0.853406	-0.569294	-0.636923	-0.847756	-0.565525	-620.635888	-1160.947589	-1332.535970	16.719962	0.807249	0.528680	16.000350	2.600266	0.469387
636	FCHO1	11	transcript	protein		76		-17.491394	-11.859586	1.183781	-32.205391	-21.836029	2.179594	-442.510376	-171.847717	-318.948779	103.796837	-142.724792	-227.620468	-442.510376	-171.847717	-975.026320	0.452295	0.451339	-0.004385	0.222360	0.461844	-0.040224	2.175389	3.073885	-1.693758	-4.911348	-0.108925	0.428009	0.036975	-0.026498	-0.004005	0.035710	-0.025715	0.005673	-1799.869751	-764.726318	-1262.985864	-461.119446	-165.277786	-307.114902	-320.532471	295.573853	-20.171593	-245.436020	86.110023	-229.674957	-0.201713	0.014163	0.010104	-0.202917	-0.015803	-0.020496	-442.510376	-171.847717	-1317.366869	1.793386	-0.059790	4.731843	1.601119	2.297235	4.280596
637	[Reduced NADPH---hemoprotein reductase]	4	metabolite	metabolite			467	-41.035087	-20.437140	-12.901356	-14.924317	-7.432916	-4.692178	-9.215694	-253.978363	318.948779	-304.916962	120.428909	227.620468	-9.215694	-253.978363	-1202.532461	-0.531170	0.454768	-0.044979	-0.675565	-0.340827	0.104452	-3.427557	3.355454	-0.262030	4.898545	5.607724	0.528207	-0.007416	0.000451	-0.020088	-0.005913	0.000695	-0.005679	-20.854656	-3236.608154	1262.985864	129.696899	-492.118439	307.114902	476.212830	-30.933079	-89.244308	538.498840	-160.545792	241.308685	0.251238	0.052329	-0.064005	0.307782	0.021606	-0.102722	-9.215694	-253.978363	-1319.644325	7.524974	-0.078559	3.480202	7.379030	4.159315	4.037495
638	N-Acetylneuraminyl-D-galactosyl-N-acetyl-D-galactosaminyl-(N-acetylneuraminyl)-D-galactosyl-D-glucosylceramide	2	metabolite	metabolite			497	43.975766	-12.624025	-13.219908	15.993832	-4.591314	-4.808034	197.916733	-225.416000	318.948779	49.220387	-183.819885	227.620468	197.916733	-225.416000	-1267.534215	-0.512238	-0.430463	0.074734	-0.283310	-0.497714	-0.013393	-1.967400	-2.568715	2.783937	5.165824	0.887948	-0.270464	-0.008711	-0.000318	0.002263	-0.011441	-0.000662	0.003409	-1284.312134	-1613.994385	1262.985864	280.461548	-256.283264	307.114902	8.937738	-155.160324	-141.400131	-9.823231	159.712524	92.563339	-0.029152	-0.026101	-0.100053	-0.034491	0.062355	-0.015399	197.916733	-225.416000	-1332.320468	10.579545	-0.667961	6.720980	9.035617	0.297932	4.608893
639	LACC1	12	bridge	protein				28.903093	9.532552	-9.041110	23.651895	7.800650	-7.398495	-8.804484	208.725220	0.000000	-251.737457	43.678581	0.000000	-8.804484	208.725220	-942.525442	-0.241922	-0.126811	-0.418169	-0.324192	0.032329	0.471162	-1.732694	-1.929057	-2.453186	1.143449	-4.072295	-3.934878	-0.008057	-0.000804	-0.004375	-0.006412	-0.000288	-0.007615	-3107.099609	-524.994690	0.000000	-86.129768	-251.904068	0.000000	196.422256	-272.102539	33.983379	206.564194	-391.490143	189.502396	0.006495	-0.174181	-0.043130	0.074861	-0.240684	0.043760	-8.804484	208.725220	-1106.897491	6.652900	0.310951	7.255326	7.033341	2.372616	7.956193
640	BCOR	2	bridge	protein				-30.826560	6.462499	-3.994909	-25.225901	5.288373	-3.269103	106.384201	52.110565	0.000000	186.204239	-84.259521	0.000000	106.384201	52.110565	-1267.534215	-0.353117	0.051330	-0.208230	-0.460728	0.110286	0.300348	-2.817010	-0.439155	-1.284583	2.731045	-0.999021	4.633221	-0.007399	-0.002148	-0.009794	-0.005446	-0.001260	-0.012036	121.532310	-628.684448	0.000000	58.303223	-31.148483	0.000000	210.314667	-36.260258	15.662400	398.127441	49.193089	108.188820	0.136440	-0.047474	0.016010	0.176164	-0.099915	0.019786	106.384201	52.110565	-1327.030555	7.702869	2.090361	6.280695	7.259470	4.297374	6.106436
641	Hydroxypyruvate	4	metabolite	metabolite			627	-23.850245	38.934251	-13.538460	-8.674250	14.160250	-4.923890	389.763306	36.127693	318.948779	-58.353817	-3.798569	227.620468	389.763306	36.127693	-1202.532461	-0.256412	-0.376100	-0.036142	-0.178955	-0.389355	0.053304	-0.984415	-2.164010	1.491900	3.723582	0.766775	-0.927781	-0.015440	-0.001973	0.020007	-0.020760	-0.002996	0.021537	2306.714600	459.867493	1262.985864	450.511047	-60.879684	307.114902	-44.237541	-145.616516	142.588669	-97.069504	150.788132	323.150024	-0.026540	0.035866	0.092324	-0.005158	0.090789	0.134684	389.763306	36.127693	-1332.535970	10.661334	2.102223	8.297718	10.399625	1.808213	8.219291
642	IGLV2-18	8	transcript	protein		261		20.913683	-3.071117	1.089079	38.506555	-5.654583	2.005227	-480.204102	-155.976974	-318.948779	125.743675	-178.799271	-227.620468	-480.204102	-155.976974	-1072.528951	0.422129	0.515406	-0.082332	0.229563	0.501758	-0.089780	2.138109	3.088635	-2.043557	-4.949297	-0.699871	0.204219	0.035707	-0.021437	-0.000934	0.034375	-0.020565	0.008404	-1944.436279	-772.124084	-1262.985864	-492.531677	-152.303574	-307.114902	-351.078217	300.866119	-39.972851	-284.919220	95.510780	-239.967072	-0.224408	0.037626	0.013232	-0.221415	0.006052	-0.012019	-480.204102	-155.976974	-1307.139237	1.827580	0.210270	4.893285	1.331598	2.445328	4.194676
643	ADGRG2	2	transcript	protein		345		-13.349536	16.395155	0.994376	-24.579345	30.186980	1.830859	-439.557373	-275.677979	-318.948779	-38.520672	-105.988815	-227.620468	-439.557373	-275.677979	-1267.534215	0.528866	0.165013	0.254857	0.284021	0.250293	-0.221309	3.055604	1.358648	-1.222387	-4.034796	1.155592	-0.038724	0.019604	-0.012928	0.000893	0.018330	-0.012614	0.002653	-728.825928	-1714.838257	-1262.985864	-462.006989	-240.806564	-307.114902	-345.359100	219.876190	-15.608110	-194.009888	-32.941120	-240.565247	-0.251605	-0.039495	-0.010683	-0.240652	-0.064746	-0.058412	-439.557373	-275.677979	-1301.344223	2.888031	-0.466653	6.534642	1.811700	2.213162	5.544519
644	CYTIP	4	transcript	protein		141		-1.231483	-21.110993	0.899674	-2.267423	-38.869845	1.656492	-542.611145	135.903839	-318.948779	227.384140	-18.114037	-227.620468	-542.611145	135.903839	-1202.532461	0.339005	0.610676	-0.441577	0.319657	0.560437	0.250132	4.113414	3.638473	0.704809	-6.445166	1.719245	-0.965422	0.013815	0.062777	-0.035202	0.011216	0.062077	-0.025235	-2167.853271	1441.162598	-1262.985864	-557.642456	122.278999	-307.114902	-501.232635	47.658924	-219.070343	-470.023193	-108.557045	-329.158539	-0.322081	0.103175	-0.091502	-0.319264	0.101994	-0.096588	-542.611145	135.903839	-1326.603221	-0.276393	0.911337	5.811791	-0.216906	1.889098	4.255460
645	Ceramide phosphoethanolamine	2	metabolite	metabolite			976	-8.695023	-44.725606	-13.857012	-3.162349	-16.266545	-5.039746	-29.821156	-19.561739	318.948779	191.813461	-157.885986	227.620468	-29.821156	-19.561739	-1267.534215	-0.403597	0.100084	-0.343972	-0.305305	-0.278030	-0.210314	-0.422091	1.308071	3.376568	2.665161	3.957596	0.258608	-0.007655	-0.001096	-0.012478	-0.008928	-0.000529	-0.005378	-1209.813354	1607.343262	1262.985864	24.042767	-20.813961	307.114902	269.470520	-6.025355	-195.130997	294.997253	201.122910	48.807209	0.151625	0.016995	-0.135236	0.158648	0.045875	-0.090830	-29.821156	-19.561739	-1332.535970	9.594122	0.042510	4.944526	8.068611	2.640303	4.092085
646	IGFBP6	1	bridge	protein				19.556501	-22.975780	9.882144	16.003419	-18.801474	8.086727	-125.920403	243.968918	0.000000	-101.188698	181.012329	0.000000	-125.920403	243.968918	-1300.035093	-0.710805	-0.120668	-0.325924	-0.311621	-0.007475	0.639354	-5.055124	-1.529558	1.325009	4.522101	-5.651946	1.279060	-0.004767	0.000027	-0.004454	-0.004706	0.000334	-0.007122	-3743.229980	81.342438	0.000000	-352.269714	141.923782	0.000000	272.390503	-292.840363	63.872826	142.609848	-493.170349	124.530052	-0.089532	-0.262326	-0.030797	-0.115457	-0.334335	0.080620	-125.920403	243.968918	-1332.535970	6.619627	-0.427022	6.853787	7.343643	1.863021	7.487814
647	MYLIP	1	transcript	protein		166		17.741164	5.614927	-10.085817	32.665269	10.338280	-18.570142	-557.949463	-704.595276	-318.948779	-17.365305	493.984131	-227.620468	-557.949463	-704.595276	-1300.035093	0.002694	-0.187633	1.534697	0.002169	-0.151037	1.235370	1.283987	1.427858	12.095313	1.553068	1.727089	14.630081	0.010904	0.014511	0.116401	0.009315	0.013481	0.107840	-3354.136719	-2352.310547	-1262.985864	-658.774841	-726.938477	-307.114902	495.670929	-778.496521	-31.206379	588.323120	-843.555786	32.208462	0.472994	-0.603917	-0.134533	0.479338	-0.569711	-0.097182	-557.949463	-704.595276	-1332.535970	7.794873	4.472694	16.050411	3.401802	1.777412	16.107907
648	WARS1	2	bridge	protein				1.104463	30.286264	9.461627	0.903801	24.783767	7.742611	217.709656	154.373703	0.000000	-137.718689	107.536339	0.000000	217.709656	154.373703	-1267.534215	-0.073717	-0.324228	0.533769	0.101400	-0.097818	0.569727	-2.133649	-3.682702	-0.772236	3.275804	-5.008929	-1.486847	-0.007641	-0.001323	-0.000527	-0.006336	-0.000390	-0.006669	508.425629	-464.492889	0.000000	7.921103	295.016113	0.000000	112.442238	-12.676651	159.493271	58.192547	-234.967209	171.490814	0.043043	-0.119336	0.100629	0.015582	-0.146208	0.146397	217.709656	154.373703	-1324.039733	8.493981	1.664553	7.699485	9.374483	2.280216	6.905969
649	MYLK3	0	transcript	protein		170		-9.006392	4.537447	-18.609043	-16.582691	8.354408	-34.263220	-521.692470	-1209.318079	-318.948779	-467.879719	-822.008478	-227.620468	-521.692470	-1209.318079	-1332.535970	-1.055196	1.029767	-0.975344	-0.849391	0.828921	-0.785113	-6.991439	6.822954	-6.462360	-8.456608	8.252814	-7.816652	-0.069616	0.067005	-0.064166	-0.066108	0.062653	-0.061298	-2110.965051	-4702.056017	-1262.985864	-498.568529	-1156.361343	-307.114902	1109.960134	190.374783	-621.737139	1232.601666	203.604614	-664.400510	1.036472	0.193785	-0.593014	1.029611	0.192502	-0.589089	-521.692470	-1209.318079	-1332.535970	1.192131	7.368750	0.342975	0.835228	9.008499	0.288021
650	(9Z,12Z,15Z)-Octadecatrienoic acid	4	metabolite	metabolite			781	36.544300	27.047505	-14.175564	13.291033	9.837082	-5.155603	88.990807	-138.255676	318.948779	-296.500671	173.137161	227.620468	88.990807	-138.255676	-1202.532461	-0.585518	-0.039655	0.131712	-0.672436	-0.310326	0.032457	-3.809781	-0.175044	0.747334	5.610311	2.723346	3.385246	-0.009278	-0.001304	-0.015179	-0.006274	-0.000010	-0.007161	-870.218201	-2822.587402	1262.985864	99.757759	-284.102142	307.114902	396.031982	-76.876717	20.975557	487.300110	-10.684054	249.562988	0.223487	0.022997	0.028000	0.259347	0.012017	-0.022040	88.990807	-138.255676	-1326.325448	7.116626	-0.606402	3.878634	7.904140	4.519349	3.792619
651	ST8SIA4	6	protein	protein				15.171066	14.737394	0.804971	27.933171	27.134688	1.482124	-503.727386	-49.160042	-318.948779	120.078262	-262.664429	-227.620468	-503.727386	-49.160042	-1137.530706	0.329809	0.512710	-0.387386	0.375484	0.551879	-0.079787	2.366140	3.011964	-3.437481	-5.765736	-2.019578	-0.671884	0.028696	-0.005533	0.010499	0.028048	-0.004683	0.015764	-2271.528076	-105.657532	-1262.985864	-577.837219	-90.293129	-307.114902	-338.090424	269.962769	-114.826454	-344.819244	88.246796	-286.101471	-0.258002	0.045820	-0.012558	-0.247471	0.038605	-0.005860	-503.727386	-49.160042	-1277.485463	2.069027	0.838246	5.421403	0.859322	2.971133	4.404752
652	Adenosine 3',5'-bisphosphate	1	metabolite	metabolite			665	21.544662	-16.764924	-39.022620	7.835718	-6.097344	-14.192390	-350.101105	974.546631	318.948779	-510.976440	74.256470	227.620468	-350.101105	974.546631	-1300.035093	0.105047	0.988375	1.432536	0.084559	0.795602	1.153134	0.696013	6.548702	9.491592	0.841873	7.921089	11.480708	0.005183	0.064337	0.091067	0.003956	0.060153	0.084109	-1740.026611	4020.573242	1262.985864	-390.800903	1052.291016	307.114902	-910.219360	194.216064	-390.302277	-928.235291	178.586823	-452.547272	-0.806312	0.251331	-0.068410	-0.806775	0.273469	-0.052554	-350.101105	974.546631	-1332.535970	8.261221	7.116558	15.013624	10.178490	8.762199	14.615984
653	PRKCB	0	protein,transcript	protein	339	387		3.513360	-9.264244	-18.703745	6.468845	-17.057451	-34.437587	-419.092590	-1249.352676	-318.948779	-405.153068	-853.242639	-227.620468	-419.092590	-1249.352676	-1332.535970	0.081318	-1.451503	-1.005823	0.065457	-1.168402	-0.809647	0.538788	-9.617261	-6.664309	0.651699	-11.632714	-8.060923	0.003653	-0.092959	-0.066131	0.002523	-0.087186	-0.063139	-1713.859803	-4857.006966	-1262.985864	-400.001594	-1194.822280	-307.114902	-898.300905	562.961994	-646.548043	-957.248093	609.881487	-691.454837	-0.883534	0.549998	-0.616735	-0.877685	0.546357	-0.612652	-419.092590	-1249.352676	-1332.535970	8.116642	-7.749049	0.157271	7.597992	-5.756168	0.106654
654	Prostaglandin E2	3	metabolite	metabolite			74	-45.116956	4.730846	-14.494116	-16.408878	1.720592	-5.271459	196.813110	-114.236176	318.948779	-247.838348	96.815590	227.620468	196.813110	-114.236176	-1235.033338	-0.400576	-0.097720	0.594162	-0.471791	-0.465446	-0.227964	-4.187527	0.206201	2.075257	5.747082	2.795129	2.291878	-0.007780	-0.000371	-0.006395	-0.006728	0.000107	-0.004826	-517.048584	-2655.118896	1262.985864	147.052444	-187.770981	307.114902	270.758179	66.235779	162.136246	352.299194	-109.515617	238.173950	0.128865	0.019401	0.035198	0.129285	-0.066847	-0.023201	196.813110	-114.236176	-1325.310243	9.882356	1.820234	5.190727	9.798679	3.536898	5.373151
655	[Dihydrolipoyllysine-residue succinyltransferase] S-succinyldihydrolipoyllysine	1	metabolite	metabolite			584	30.003910	-33.887317	-14.812668	10.912317	-12.324698	-5.387315	530.391174	-18.108116	318.948779	92.042534	107.546944	227.620468	530.391174	-18.108116	-1300.035093	0.209668	-0.427967	0.130765	0.123564	-0.390401	0.180314	1.334928	-2.338970	1.204187	2.528471	0.876006	-2.900260	-0.009422	-0.000552	0.011183	-0.012802	-0.001233	0.010461	2764.705322	-1110.454956	1262.985864	596.224854	3.418529	307.114902	-75.639862	-138.444565	305.270355	-158.199982	94.470703	486.817017	-0.013824	0.057202	0.238027	0.007341	0.099054	0.278192	530.391174	-18.108116	-1332.535970	11.529115	3.628822	6.785819	11.121282	4.274099	6.611355
656	CCDC88C	0	transcript	protein		356		3.600317	9.036375	-18.798448	6.628953	16.637895	-34.611955	-313.537109	-1280.777904	-318.948779	-340.290991	-879.758983	-227.620468	-313.537109	-1280.777904	-1332.535970	0.906859	1.108529	-1.036303	0.729985	0.892322	-0.834182	6.008600	7.344812	-6.866258	7.267799	8.884035	-8.305193	0.056875	0.072083	-0.068096	0.052376	0.067409	-0.064979	-1305.315123	-4978.635987	-1262.985864	-298.595237	-1225.012261	-307.114902	314.627861	-1046.228418	-671.358946	365.354752	-1144.813330	-718.509164	0.276091	-0.988475	-0.640455	0.274264	-0.981931	-0.636216	-313.537109	-1280.777904	-1332.535970	13.146474	7.848630	-0.028434	12.510334	9.477170	-0.074713
657	IGHM	7	transcript	protein		212		-21.145029	-0.619087	0.710269	-38.932512	-1.139872	1.307756	-115.163284	96.757393	-318.948779	-77.347725	70.173668	-227.620468	-115.163284	96.757393	-1105.029829	0.079282	0.197355	-0.230650	0.168611	0.222569	-0.072167	-0.034712	0.987646	-2.201088	-2.788929	-1.770354	-0.102977	-0.001123	-0.000393	-0.009028	0.001638	-0.000759	-0.015506	-195.213501	1591.314819	-1262.985864	-208.051483	103.441849	-307.114902	104.992424	72.518990	-129.082489	114.523262	-30.606365	-230.976791	0.031041	0.015336	-0.072680	0.008209	0.008484	-0.088749	-115.163284	96.757393	-963.102055	6.267454	1.354084	6.176270	6.818350	4.037961	6.802949
658	SIRT2	2	bridge	protein				5.240906	-27.293687	-15.348862	4.288723	-22.334890	-12.560236	74.603004	-161.420654	0.000000	264.349060	38.605324	0.000000	74.603004	-161.420654	-1267.534215	-0.601042	-0.102319	0.169588	-0.617029	-0.047751	-0.057708	-3.943267	-0.331823	0.723385	3.840069	0.965856	4.518626	-0.006827	-0.000595	-0.009386	-0.006090	-0.000492	-0.007031	-236.498825	-3009.396240	0.000000	113.425446	-213.881760	0.000000	402.451233	-115.561462	6.948336	470.464142	-9.068283	172.573212	0.250804	0.003820	0.045262	0.205886	0.106625	-0.034046	74.603004	-161.420654	-1295.443008	7.368573	-0.470474	4.170929	8.027374	4.390119	3.905154
659	C3AR1	6	transcript	protein		252		16.012120	-13.828706	0.615566	29.481730	-25.461599	1.133389	-127.839584	-43.058125	-318.948779	31.061733	67.672958	-227.620468	-127.839584	-43.058125	-1137.530706	-0.061064	0.326451	-0.020049	-0.018551	0.431275	-0.098456	0.688075	1.944795	1.095484	-3.416486	1.432094	1.909255	0.000567	-0.007019	-0.014951	0.006129	-0.010024	-0.013129	-276.982544	1169.990723	-1262.985864	-214.280792	9.179652	-307.114902	126.598602	140.233810	-99.665451	106.958328	39.876106	-179.529282	0.019028	-0.000210	-0.086464	-0.029329	-0.049218	-0.104953	-127.839584	-43.058125	-1112.364954	8.766931	0.354044	4.813507	7.440651	2.303241	4.393109
660	AGR3	1	protein	protein	83			-2.465978	21.015415	0.520864	-4.540393	38.693864	0.959021	-41.598507	103.204735	-318.948779	-192.151825	133.774002	-227.620468	-41.598507	103.204735	-1300.035093	0.389413	-0.004472	0.372527	0.093206	0.113495	-0.335234	-1.191979	-0.448931	-3.687713	-1.972995	-3.658497	0.296466	-0.003971	-0.001622	-0.009573	-0.003675	-0.002527	-0.018352	-194.801361	1747.360962	-1262.985864	-84.660660	132.603867	-307.114902	194.087372	62.261635	-81.946823	238.372742	-91.838486	-220.004547	0.196769	-0.065475	0.028732	0.149942	-0.012699	-0.050704	-41.598507	103.204735	-1332.535970	6.881356	0.824924	6.086069	6.818593	3.424388	6.784850
661	5-Formiminotetrahydrofolate	3	metabolite	metabolite			1006	0.764817	45.149322	-15.131220	0.278161	16.420650	-5.503171	431.521576	-42.576851	318.948779	20.506044	-27.077959	227.620468	431.521576	-42.576851	-1235.033338	-0.026141	-0.516536	-0.116444	-0.112329	-0.371293	0.254692	-0.017297	-3.154590	-0.354436	3.218426	-0.546814	-2.600649	-0.012163	-0.001119	0.015700	-0.016616	-0.002007	0.015941	1268.881348	-30.588594	1262.985864	491.584442	-74.296677	307.114902	-109.151756	-233.882156	131.425217	-177.231476	66.960884	356.648529	-0.046490	-0.043298	0.149939	-0.005402	0.029860	0.202093	431.521576	-42.576851	-1327.326148	11.575644	1.577188	7.871710	10.543200	2.986562	9.527500
662	RHOBTB3	2	transcript	protein		150		10.969861	-15.680134	-9.044089	20.197855	-28.870473	-16.652099	-412.677734	783.483582	-318.948779	-501.001556	-322.579865	-227.620468	-412.677734	783.483582	-1267.534215	0.318438	-0.006653	1.685815	0.256330	-0.005355	1.357014	-0.400962	-1.018451	10.048227	-0.484991	-1.231883	12.153995	-0.005490	-0.009292	0.096483	-0.006042	-0.008815	0.089182	-1650.726440	3532.417969	-1262.985864	-455.390564	857.276611	-307.114902	218.236481	-426.092743	-803.928528	254.100204	-472.279419	-909.872437	0.213513	-0.174451	-0.664697	0.190621	-0.145093	-0.654536	-412.677734	783.483582	-1332.535970	9.402595	1.743315	16.247888	7.158123	3.873638	18.467966
663	SEL1L3	2	transcript	protein		19		-12.378612	-17.163576	0.426161	-22.791668	-31.601807	0.784654	-460.086700	-106.994972	-318.948779	71.168930	-35.482349	-227.620468	-460.086700	-106.994972	-1267.534215	0.884379	0.291423	0.106044	0.425847	0.501809	0.192750	5.725367	2.029850	-0.195829	-6.403588	2.634018	-0.295735	0.014455	0.000688	-0.016248	0.012722	0.000821	-0.010558	-719.098938	-1191.213989	-1262.985864	-447.501617	-88.487099	-307.114902	-459.971039	115.551262	31.994255	-352.534760	-113.489578	-186.156708	-0.349877	0.027116	0.039723	-0.349279	-0.011010	-0.008739	-460.086700	-106.994972	-1329.026548	0.664211	-0.215003	5.095484	0.914821	1.361176	4.586723
664	Sphingosine	7	metabolite	metabolite			464	-30.987592	-32.696692	-15.449772	-11.270078	-11.891672	-5.619028	-82.550804	48.487522	318.948779	277.749512	-202.773438	227.620468	-82.550804	48.487522	-1105.029829	-0.290246	0.247125	-0.182817	-0.260841	-0.152335	-0.328749	-0.019822	1.883846	1.957850	1.171396	4.042578	1.299285	-0.007201	-0.001178	-0.015489	-0.006345	-0.000168	-0.009799	-1006.489868	2046.101562	1262.985864	-145.521591	125.025986	307.114902	272.595978	73.740700	-198.942856	426.288147	202.806580	-56.997028	0.165692	0.011683	-0.123098	0.222565	-0.000692	-0.117590	-82.550804	48.487522	-1151.341468	9.672943	0.331722	4.865542	8.492588	2.570158	4.217114
665	TMEM150C	0	transcript	protein		239		-8.591945	-4.150585	-18.893150	-15.819605	-7.642112	-34.786322	-205.747079	-1303.379097	-318.948779	-273.647742	-901.412687	-227.620468	-205.747079	-1303.379097	-1332.535970	-1.395166	-0.201595	-1.066782	-1.123053	-0.162276	-0.858717	-9.243990	-1.335712	-7.068207	-11.181217	-1.615632	-8.549463	-0.091533	-0.012379	-0.070061	-0.086638	-0.011706	-0.066820	-888.121785	-5066.112231	-1262.985864	-195.042164	-1246.725057	-307.114902	504.119276	930.956380	-696.169850	571.980148	1011.150247	-745.563491	0.457255	0.901821	-0.664176	0.454228	0.895851	-0.659779	-205.747079	-1303.379097	-1332.535970	-0.879229	-0.133650	-0.214138	-1.187748	1.681345	-0.256079
666	Procollagen 5-hydroxy-L-lysine	2	metabolite	metabolite			357	44.825346	3.169910	-15.768324	16.302821	1.152885	-5.734884	496.334137	-59.911148	318.948779	53.634331	122.560768	227.620468	496.334137	-59.911148	-1267.534215	0.151105	-0.273141	0.212127	0.085544	-0.321999	-0.008614	1.153265	-1.907599	1.532782	2.470682	1.739240	-2.145720	-0.011403	-0.000871	0.013939	-0.015494	-0.001732	0.013707	2716.558105	-1244.177490	1262.985864	607.662231	-33.173607	307.114902	-54.296349	-98.492897	302.919067	-118.550705	113.280457	484.648560	0.007353	0.072130	0.196757	0.008795	0.121159	0.222184	496.334137	-59.911148	-1332.535970	13.522493	3.310947	6.919234	12.131816	3.216838	5.822476
667	FAM50A	0	transcript	protein		21		8.957258	-2.688677	-18.987853	16.492223	-4.950428	-34.960690	-96.458816	-1317.001865	-318.948779	-205.587304	-918.085486	-227.620468	-96.458816	-1317.001865	-1332.535970	1.145430	-0.780486	-1.097261	0.922026	-0.628260	-0.883252	7.589310	-5.171290	-7.270155	9.179772	-6.255017	-8.793734	0.072255	-0.049699	-0.072026	0.066783	-0.046664	-0.068660	-465.129643	-5118.838146	-1262.985864	-90.049750	-1259.812348	-307.114902	-948.340826	-378.899842	-720.980753	-1011.812668	-417.144320	-772.617818	-0.931375	-0.350473	-0.687896	-0.925210	-0.348153	-0.683343	-96.458816	-1317.001865	-1332.535970	14.600035	-3.660702	-0.399842	13.929942	-1.763320	-0.437446
668	DBT	1	transcript	protein		240		-4.688890	7.865773	-19.082555	-8.633248	14.482568	-35.135057	357.794464	-159.117447	-318.948779	-136.481399	-929.686320	-227.620468	357.794464	-159.117447	-1300.035093	0.115814	-0.471849	0.477893	-0.450947	-0.770836	0.512338	1.665096	-3.228371	2.348717	6.757012	5.435102	-4.959025	-0.007114	-0.000019	0.002957	-0.004052	0.000424	-0.002587	1744.525757	-2012.989014	-1262.985864	257.985626	-161.949753	-307.114902	137.617645	-48.749424	271.455444	191.063431	-189.606644	446.178436	0.067807	-0.018686	0.216198	-0.044988	-0.192224	0.221601	357.794464	-159.117447	-1332.535970	9.341763	2.105738	4.886159	10.647024	4.283592	6.024209
669	CFH	9	transcript	protein		847		20.723092	4.294598	0.331459	38.155637	7.907272	0.610286	93.029991	-24.239031	-318.948779	-124.262817	147.680984	-227.620468	93.029991	-24.239031	-1040.028074	0.085053	-0.109449	0.099859	0.046521	0.060484	-0.035579	0.197529	-0.553023	-0.353420	-0.812226	-0.487447	-0.030346	-0.005621	-0.005420	-0.006826	-0.002819	-0.007832	-0.025062	422.907288	178.898422	-1262.985864	-10.741934	46.519386	-307.114902	64.879143	26.552956	35.933029	164.162781	12.642119	-99.398727	0.025563	-0.005826	0.040904	0.023446	-0.015062	-0.020242	93.029991	-24.239031	-112.969000	8.002473	0.592428	6.911741	6.445381	3.136384	6.457082
670	CNTN3	0	transcript	protein		40		-1.815276	-8.771406	-19.177258	-3.342310	-16.150030	-35.309425	13.581132	-1321.553151	-318.948779	-66.707458	-936.151827	-227.620468	13.581132	-1321.553151	-1332.535970	-0.311741	1.325206	-1.127741	-0.250939	1.066738	-0.907787	-2.065514	8.780452	-7.472104	-2.498376	10.620537	-9.038004	-0.021687	0.086052	-0.073991	-0.021213	0.080494	-0.070501	-39.228162	-5136.453562	-1262.985864	15.664802	-1264.184734	-307.114902	975.474946	-393.509603	-745.791656	1085.956210	-433.075109	-799.672145	0.907897	-0.364440	-0.711617	0.901887	-0.362028	-0.706906	13.581132	-1321.553151	-1332.535970	5.721825	9.168791	-0.585547	5.259115	10.766494	-0.618812
671	Selenohomocysteine	2	metabolite	metabolite			466	-35.105519	27.871400	-16.086876	-12.767754	10.136730	-5.850740	379.779816	-40.594635	318.948779	-49.771271	-66.971603	227.620468	379.779816	-40.594635	-1267.534215	-0.168660	-0.483234	0.028618	-0.085533	-0.444900	-0.028099	-1.235742	-2.451416	1.290326	3.942245	-0.097890	-0.676996	-0.012678	-0.001381	0.015130	-0.014031	-0.001638	0.011119	2661.297852	-240.771957	1262.985864	443.771393	-170.347015	307.114902	-85.047539	-134.078903	123.711739	-110.688835	98.401093	259.722961	-0.032941	0.067611	0.088858	-0.015856	0.126398	0.127664	379.779816	-40.594635	-1332.535970	10.739209	1.634992	9.334415	11.015079	1.643405	7.721921
672	CORO1A	10	transcript	protein		892		-18.182615	10.832195	0.236756	-33.478075	19.944384	0.435919	-399.051056	-207.369492	-318.948779	44.854446	-94.875587	-227.620468	-399.051056	-207.369492	-1007.527197	0.434077	0.282232	0.058749	0.206220	0.349364	-0.044820	2.249106	1.919107	-1.446062	-3.977310	-0.146958	-0.074147	0.033079	-0.027503	-0.005176	0.032001	-0.027037	0.001280	-1328.487793	-722.417664	-1262.985864	-409.764587	-164.836136	-307.114902	-254.229279	279.974609	-18.302925	-171.361298	64.883209	-228.461700	-0.164077	-0.021337	-0.003040	-0.167130	-0.045020	-0.040121	-399.051056	-207.369492	-1272.203647	2.613089	-0.226841	4.669511	2.334840	2.366331	4.768421
673	(4R)-4-Hydroxy-2-oxoglutarate	1	metabolite	metabolite			152	7.040652	-44.150778	-16.405428	2.560660	-16.057483	-5.966596	527.011536	-21.795912	318.948779	87.154549	101.647934	227.620468	527.011536	-21.795912	-1300.035093	0.107813	-0.507577	0.137370	0.098978	-0.454376	0.078913	1.116811	-2.596603	0.912569	2.669478	1.262454	-2.686984	-0.009422	-0.000552	0.011183	-0.012802	-0.001233	0.010461	2790.889404	-1066.976318	1262.985864	595.025208	-1.850681	307.114902	-77.888649	-135.035950	300.873596	-152.594864	97.879684	490.499969	-0.003069	0.061874	0.239299	0.001701	0.117432	0.269487	527.011536	-21.795912	-1332.535970	11.344354	3.621695	6.800592	11.277282	4.426706	6.644578
674	N6-(L-1,3-Dicarboxypropyl)-L-lysine	1	metabolite	metabolite			816	24.566753	37.212674	-16.723980	8.934842	13.534119	-6.082453	521.226624	-20.784775	318.948779	96.322845	103.297791	227.620468	521.226624	-20.784775	-1300.035093	0.178453	-0.459140	0.152825	0.153504	-0.314915	0.150451	1.161637	-2.587371	0.800184	2.464086	0.838775	-2.955782	-0.009422	-0.000552	0.011183	-0.012802	-0.001233	0.010461	2780.979492	-1023.959412	1262.985864	597.675903	8.590263	307.114902	-68.504890	-142.062256	305.726868	-153.093933	85.602966	490.973846	0.011232	0.050127	0.243919	0.011758	0.109599	0.274567	521.226624	-20.784775	-1332.535970	11.444393	3.772148	6.558398	11.206445	4.397552	6.666633
675	TUBA1B	1	transcript	protein		85		6.090495	-20.270315	0.142054	11.213902	-37.321977	0.261551	-265.954163	-211.514069	-318.948779	98.601265	78.400970	-227.620468	-265.954163	-211.514069	-1300.035093	0.307808	0.638014	0.454934	-0.070618	0.649720	-0.104255	-0.121451	5.306334	-1.745635	-5.378287	-0.237133	3.268222	0.007608	-0.013902	-0.012443	0.006715	-0.014385	-0.012872	-326.634155	-277.737457	-1262.985864	-258.588715	-154.421738	-307.114902	-70.986610	326.156860	112.503281	3.644904	118.025650	-138.533707	-0.052168	-0.200070	0.112157	-0.151721	-0.211997	-0.033403	-265.954163	-211.514069	-1332.535970	3.446846	-0.410035	4.261290	3.539253	2.629100	4.805636
676	GRIP1	4	bridge	protein				-21.362387	-21.677333	9.041110	-17.481206	-17.738932	7.398495	-87.571037	262.528412	0.000000	-124.791718	190.539200	0.000000	-87.571037	262.528412	-1202.532461	-0.442319	-0.060163	-0.324249	0.102669	-0.035606	0.547682	-0.702996	-0.662383	3.849719	2.518191	-5.107071	-1.583007	-0.004596	-0.000844	-0.005022	-0.005282	0.000067	-0.008741	-2833.966553	1868.259155	0.000000	-251.872345	221.124252	0.000000	156.676315	-87.014618	151.432892	58.453526	-408.198517	150.943588	-0.112549	-0.150998	0.041349	-0.116473	-0.212692	0.129683	-87.571037	262.528412	-1220.321481	7.823644	2.487056	7.964130	8.099339	2.085027	7.485429
677	SLC22A31	4	transcript	protein		330		9.201644	19.061152	0.047351	16.942190	35.095649	0.087184	-442.160095	-210.974655	-318.948779	113.266953	-122.596558	-227.620468	-442.160095	-210.974655	-1202.532461	0.444957	0.495758	0.155890	0.153803	0.515270	-0.015578	2.088942	3.537175	-1.198287	-4.930058	0.151763	0.969961	0.030691	-0.024053	-0.008543	0.029428	-0.023477	0.000646	-1669.651245	-1031.919434	-1262.985864	-431.293091	-201.207108	-307.114902	-333.129059	279.514862	19.870314	-249.464706	55.674946	-200.396301	-0.221617	0.007446	0.035387	-0.223739	-0.032811	0.000452	-442.160095	-210.974655	-1316.574012	1.526181	-0.174918	4.680991	1.551130	1.987389	4.270504
678	SCIMP	3	transcript	protein		202		-19.660629	-7.839479	-0.047351	-36.199414	-14.434154	-0.087184	-617.295593	43.131035	-318.948779	-112.774414	-215.336090	-227.620468	-617.295593	43.131035	-1235.033338	0.685088	-0.074471	-0.506473	0.642525	0.221895	0.113481	4.886841	-0.521796	-2.798779	-5.144597	0.652263	-4.349566	0.017293	0.033093	0.031677	0.015274	0.033665	0.022623	-3218.072998	744.531250	-1262.985864	-674.813293	30.580257	-307.114902	-405.286346	108.622421	-322.711487	-366.053467	-67.818443	-450.305237	-0.249679	0.132212	-0.179732	-0.226725	0.145610	-0.174568	-617.295593	43.131035	-1269.023283	1.099887	0.018775	6.874784	-0.196803	2.338691	5.726327
679	CASR	0	transcript	protein		216		7.096792	5.121239	-19.271960	13.066708	9.429295	-35.483793	123.621081	-1317.001865	-318.948779	3.353435	-937.446697	-227.620468	123.621081	-1317.001865	-1332.535970	-0.652670	-1.165204	-1.158220	-0.525373	-0.937943	-0.932321	-4.324412	-7.720324	-7.674053	-5.230663	-9.338242	-9.282274	-0.043666	-0.074501	-0.075956	-0.041801	-0.069897	-0.072341	386.673319	-5118.838146	-1262.985864	121.379354	-1259.812348	-307.114902	-408.878397	893.534665	-770.602560	-423.571574	970.344829	-826.726472	-0.415620	0.866044	-0.735338	-0.412869	0.860310	-0.730470	123.621081	-1317.001865	-1332.535970	3.644628	-6.004697	-0.771251	3.230438	-4.052562	-0.800179
680	MCOLN2	4	transcript	protein		87		19.792232	-7.499826	-0.142054	36.441723	-13.808780	-0.261551	-434.534851	-114.581711	-318.948779	108.648071	-35.446827	-227.620468	-434.534851	-114.581711	-1202.532461	0.737896	0.272897	0.224844	0.296333	0.461943	0.227941	4.988166	1.655703	1.008081	-5.223731	3.139852	-0.581088	0.018964	-0.002208	-0.020677	0.017214	-0.001978	-0.012591	-806.241516	-1159.750000	-1262.985864	-423.949005	-99.905731	-307.114902	-426.409668	142.459366	32.310604	-329.893951	-79.292351	-177.946045	-0.302327	0.011487	0.046251	-0.306394	-0.025040	-0.002738	-434.534851	-114.581711	-1327.757231	0.794008	-0.188660	4.960648	1.046943	1.489726	4.354156
681	Protein N6,N6-dimethyl-L-lysine	2	metabolite	metabolite			563	-43.134409	-10.815490	-17.042532	-15.687833	-3.933556	-6.198309	506.110016	-52.972630	318.948779	53.363400	111.408211	227.620468	506.110016	-52.972630	-1267.534215	0.169024	-0.293351	0.190723	0.098244	-0.358350	-0.009154	1.159729	-1.970464	1.397604	2.369684	1.598590	-2.348700	-0.011403	-0.000871	0.013939	-0.015494	-0.001732	0.013707	2687.064697	-1230.786011	1262.985864	607.620239	-18.270760	307.114902	-48.059555	-105.136612	306.385406	-112.929642	105.278687	484.415894	0.015284	0.066218	0.203060	0.041111	0.102925	0.237870	506.110016	-52.972630	-1332.535970	13.577532	3.371992	6.851523	12.140460	3.253386	5.761128
682	NPRL3	4	bridge	protein				30.516401	1.560324	8.620594	24.972093	1.276840	7.054379	-4.563419	-114.363762	0.000000	46.861755	-31.176085	0.000000	-4.563419	-114.363762	-1202.532461	-0.417275	0.333739	0.065023	-0.085775	-0.044976	-0.572626	0.571185	2.123911	3.251745	-0.345413	5.096426	2.807306	-0.005973	-0.000129	-0.010680	-0.005607	0.000147	-0.011009	-218.077759	-26.530869	0.000000	-56.251717	-40.118252	0.000000	159.136459	63.309113	-162.501129	299.849274	-169.256027	-179.280838	0.083700	-0.026565	-0.157249	0.054390	-0.094573	-0.187336	-4.563419	-114.363762	-1255.808001	9.116234	0.410500	5.900704	8.075949	1.633491	4.534293
683	TRPC4	0	transcript	protein		257		-8.482122	0.992967	-19.366663	-15.617396	1.828263	-35.658160	232.909344	-1303.379097	-318.948779	73.318634	-933.563857	-227.620468	232.909344	-1303.379097	-1332.535970	1.242649	0.409839	-1.188700	1.000283	0.329904	-0.956856	8.233455	2.715482	-7.876002	9.958908	3.284555	-9.526545	0.078523	0.027039	-0.077921	0.072654	0.025217	-0.074182	809.665461	-5066.112231	-1262.985864	226.371769	-1246.725057	-307.114902	-259.845536	-955.265537	-795.413463	-261.063032	-1045.625506	-853.780799	-0.273136	-0.901510	-0.759058	-0.271328	-0.895542	-0.754033	232.909344	-1303.379097	-1332.535970	15.192367	3.591675	-0.956956	14.508437	5.319651	-0.981546
684	Guanine	4	metabolite	metabolite			87	39.003203	-21.103149	-17.361084	14.185328	-7.675141	-6.314165	115.419067	96.478943	318.948779	-21.151564	-129.046188	227.620468	115.419067	96.478943	-1202.532461	-0.041711	-0.238572	-0.413937	-0.052229	-0.205964	0.396927	-0.100094	-2.581493	-2.162150	1.975170	-0.740521	-4.153238	-0.009113	-0.000234	0.002343	-0.012044	-0.000673	0.005857	-2350.708740	-1013.522400	1262.985864	188.592346	-191.971420	307.114902	109.640480	-254.339447	37.939518	0.765070	-193.417252	305.042419	0.004423	-0.107330	0.004170	0.057750	-0.106707	0.119207	115.419067	96.478943	-1237.089083	6.519105	0.439836	7.503660	7.152811	2.312540	8.119822
685	GALNT18	1	transcript	protein		327		-6.616387	-16.146399	-11.979867	-12.182182	-29.728967	-22.057493	-249.288620	-962.586060	-318.948779	646.481689	-52.010269	-227.620468	-249.288620	-962.586060	-1300.035093	-0.328795	0.973587	1.584933	-0.264667	0.783699	1.275808	0.316407	5.010282	10.501335	0.382715	6.060267	12.702060	0.001490	0.049368	0.100891	0.000497	0.046132	0.093312	-1815.740845	-3963.943115	-1262.985864	-196.518982	-967.676208	-307.114902	-223.902939	786.008118	548.513550	-265.564514	933.731079	602.791504	-0.320350	0.748181	0.021692	-0.333014	0.751771	0.024588	-249.288620	-962.586060	-1332.535970	7.912150	5.701885	15.942147	5.157639	8.674203	15.522817
686	Glutaminyl-tRNA	1	metabolite	metabolite			50	-14.463553	41.787990	-17.679636	-5.260343	15.198145	-6.430021	428.570557	-94.238968	318.948779	86.349998	-26.677999	227.620468	428.570557	-94.238968	-1300.035093	0.137769	-0.394904	-0.187555	-0.018029	-0.423709	0.243713	0.426271	-3.058792	-0.555975	3.053357	-0.882001	-2.644331	-0.009449	-0.000567	0.010848	-0.012793	-0.001225	0.010269	1412.818604	-567.070007	1262.985864	503.899750	-121.493889	307.114902	-108.002647	-247.251358	161.942993	-171.608002	2.356476	386.580780	-0.021926	-0.061705	0.188419	0.032194	0.016514	0.248262	428.570557	-94.238968	-1332.535970	11.954199	1.564287	7.732087	10.806673	3.337069	9.921049
687	PPP3CC	5	bridge	protein				-23.644887	19.536583	8.200077	-19.349015	15.987120	6.710263	-97.879272	230.023575	0.000000	-157.763794	215.347946	0.000000	-97.879272	230.023575	-1170.031583	-0.539191	-0.079627	-0.220535	-0.220700	0.003774	0.532055	-3.783017	-1.184051	0.850797	3.736313	-4.559105	1.012152	-0.006120	-0.000421	-0.005370	-0.005410	0.000137	-0.008390	-3718.883057	111.377571	0.000000	-329.255005	135.273087	0.000000	260.863464	-265.560333	61.570404	135.371918	-483.846893	139.180862	-0.055448	-0.210290	-0.018769	-0.085839	-0.287642	0.072706	-97.879272	230.023575	-1214.067180	6.527830	-0.408598	6.882535	7.390594	1.804019	7.473065
688	CD3D	7	transcript	protein		420		-9.527734	18.898842	-0.236756	-17.542593	34.796802	-0.435919	-584.190857	159.719559	-318.948779	178.983139	-31.163261	-227.620468	-584.190857	159.719559	-1105.029829	0.379596	0.393337	-0.639275	0.459878	0.482776	0.264142	4.729097	2.962659	0.834237	-6.144066	1.756367	-2.507030	0.014623	0.072329	-0.028675	0.011834	0.071639	-0.020977	-2388.243164	1554.753174	-1262.985864	-605.543335	150.026993	-307.114902	-503.620209	33.417702	-280.117035	-479.899139	-118.535988	-380.898987	-0.320384	0.124186	-0.140080	-0.309794	0.136357	-0.135206	-584.190857	159.719559	-1275.804445	-0.132649	0.817611	6.145331	-0.461149	1.871935	4.570800
689	HSP90AA1	6	protein	protein	162			-5.740185	-20.370086	-0.331459	-10.568905	-37.505677	-0.610286	75.922020	135.238510	-318.948779	-158.009354	221.292938	-227.620468	75.922020	135.238510	-1137.530706	0.029912	0.057647	0.264273	-0.110599	0.187105	-0.079617	-1.334810	0.236347	-1.369920	-1.066592	-1.985275	1.221041	-0.006790	-0.003958	-0.014123	-0.005305	-0.006059	-0.031330	317.694641	497.521484	-1262.985864	-21.796419	193.162491	-307.114902	175.474579	58.758053	56.961739	301.014984	-37.962753	-102.268127	0.082537	-0.111239	0.017171	0.041529	-0.129831	-0.033624	75.922020	135.238510	-1257.020391	7.816274	1.358133	7.029352	6.970881	3.553882	6.728995
690	ITGAM	16	protein	protein	230			17.990988	11.141936	-0.426161	33.125249	20.514683	-0.784654	-78.142868	8.717746	-318.948779	-95.074127	120.043388	-227.620468	-78.142868	8.717746	-812.521933	0.069914	0.262949	0.009840	0.024147	0.266984	-0.144019	-0.073356	1.709786	-0.701381	-2.173524	-0.198019	1.302504	-0.002529	-0.005908	-0.015436	-0.001130	-0.007430	-0.024629	-160.273727	364.302490	-1262.985864	-111.727402	86.631538	-307.114902	158.341263	36.965343	-70.683365	225.360077	-63.178162	-135.252029	0.027213	-0.076625	-0.046387	0.019918	-0.101448	-0.059473	-78.142868	8.717746	-569.051293	7.221838	-0.374330	5.945694	6.853496	2.053139	6.354427
691	ARL4A	1	transcript	protein		354		-20.790182	3.936626	-0.520864	-38.279163	7.248169	-0.959021	-355.258209	-220.168549	-318.948779	67.580246	-54.023987	-227.620468	-355.258209	-220.168549	-1300.035093	0.341178	0.621862	0.182288	0.104434	0.547152	-0.193394	0.899884	4.234144	-1.969262	-5.187149	-0.973657	1.823691	0.019303	-0.019204	-0.007258	0.018403	-0.019113	-0.003235	-1230.896973	-581.279968	-1262.985864	-361.893311	-178.010818	-307.114902	-215.966217	306.319855	20.360760	-131.372055	76.942162	-198.848221	-0.191701	-0.064980	0.015381	-0.195009	-0.098520	-0.044158	-355.258209	-220.168549	-1332.535970	2.746547	-0.305960	4.472243	2.459960	2.538476	4.639939
692	SRA1	2	bridge	protein				4.253341	-30.485858	7.779560	3.480582	-24.947098	6.366147	83.355728	284.905060	0.000000	-42.177624	4.630516	0.000000	83.355728	284.905060	-1267.534215	-0.057252	-0.137028	-0.553493	0.342119	-0.312329	-0.413388	-1.196623	-2.557331	-3.418921	1.360627	-5.647658	-1.961774	-0.005306	-0.000390	-0.007348	-0.005546	0.000002	-0.010532	-317.076385	2209.645020	0.000000	56.781471	442.464417	0.000000	209.868256	-116.566757	-164.737305	217.956741	-210.786072	-305.315369	0.126793	-0.022367	-0.166016	0.095579	0.033604	-0.209322	83.355728	284.905060	-1318.509423	6.653857	1.929508	5.691965	7.407824	4.459630	7.423954
693	6-Thioguanosine monophosphate	1	metabolite	metabolite			632	-17.511296	-40.465044	-17.998188	-6.368797	-14.716994	-6.545878	490.959900	-162.425217	318.948779	129.736877	-68.527153	227.620468	490.959900	-162.425217	-1300.035093	0.129951	-0.710274	-0.139672	0.117683	-0.428339	0.378709	0.670431	-4.576361	-0.561323	4.017924	-1.119609	-3.769987	-0.006437	0.000098	0.006100	-0.008920	-0.000422	0.004818	1101.722412	-1245.962646	1262.985864	538.266357	-201.998550	307.114902	-165.696365	-298.496155	191.683746	-236.992264	-24.626101	428.573242	0.010125	-0.091233	0.279206	0.078600	0.031964	0.332451	490.959900	-162.425217	-1332.535970	12.185841	1.521590	7.799744	10.925474	3.399431	9.861207
694	C5AR1	16	protein	protein	568			12.669357	-16.944275	-0.615566	23.326991	-31.198027	-1.133389	-42.827217	-69.661552	-318.948779	-5.250466	236.501862	-227.620468	-42.827217	-69.661552	-812.521933	-0.071277	0.194927	-0.105176	-0.083936	0.243473	0.065911	0.096856	1.330468	0.772359	-1.455828	0.661444	1.433345	-0.004825	-0.004218	-0.015197	-0.003723	-0.005448	-0.024617	-277.167603	-1519.716431	-1262.985864	-46.893562	2.898094	-307.114902	176.050339	55.035183	-119.388229	232.022751	-90.100517	-45.378910	0.102325	-0.070631	-0.058297	0.101996	-0.087945	-0.015219	-42.827217	-69.661552	-814.631784	10.077642	0.641451	3.347495	6.460886	2.222923	4.494805
695	IGKV1-17	4	transcript	protein		316		2.103409	21.049256	-0.710269	3.872824	38.756174	-1.307756	-607.726990	-32.876850	-318.948779	-55.421406	-267.488953	-227.620468	-607.726990	-32.876850	-1202.532461	0.673777	0.234089	-0.419433	0.549330	0.377791	-0.112056	2.959317	1.730658	-4.418600	-5.849499	-1.896341	-2.027597	0.027230	0.031583	0.045163	0.025187	0.032651	0.035227	-3151.608643	869.802856	-1262.985864	-658.273560	-44.471966	-307.114902	-384.767303	188.750366	-273.278229	-339.749969	6.906923	-419.111511	-0.240330	0.114777	-0.122604	-0.221748	0.118708	-0.122164	-607.726990	-32.876850	-1326.347529	1.685346	-0.002983	6.756966	0.287046	2.771727	5.541615
696	ALB	3	bridge	protein				17.515166	25.437441	7.359043	14.332960	20.815893	6.022031	53.236614	135.947952	0.000000	-62.713032	-57.164734	0.000000	53.236614	135.947952	-1235.033338	-0.070453	0.243543	-0.140412	0.163504	0.144163	-0.553368	-1.327868	1.019724	-2.356412	-2.597660	-5.350329	2.033216	-0.006332	-0.002744	-0.013386	-0.004646	-0.001521	-0.015080	610.505859	1391.177490	0.000000	57.218582	361.182159	0.000000	185.411545	24.048744	-34.320705	239.374405	-73.786041	-239.462067	0.116252	-0.021726	-0.038401	0.088682	-0.019177	-0.137395	53.236614	135.947952	-1314.085904	7.715190	1.736381	6.647967	7.095285	3.890811	6.450456
697	[Protein]-(3S)-3-hydroxy-L-lysine	2	metabolite	metabolite			361	40.126108	17.955292	-18.316740	14.593724	6.530277	-6.661734	506.780243	-46.577229	318.948779	60.171139	131.563751	227.620468	506.780243	-46.577229	-1267.534215	0.046110	-0.331396	0.288849	0.130122	-0.314728	0.030761	0.936042	-1.882014	1.754737	2.435949	1.427261	-2.309286	-0.011403	-0.000871	0.013939	-0.015494	-0.001732	0.013707	2685.388672	-1260.001587	1262.985864	608.466187	-23.549479	307.114902	-55.906940	-93.648842	296.635376	-114.047081	109.422684	491.081726	0.024378	0.071614	0.201665	0.020594	0.123578	0.226092	506.780243	-46.577229	-1332.535970	13.591031	3.300774	6.864244	12.097656	3.284061	5.769380
698	L-Valine	1	metabolite	metabolite			62	-41.589124	13.822831	-18.635292	-15.125818	5.027315	-6.777590	427.766724	-100.225914	318.948779	97.113327	-24.826345	227.620468	427.766724	-100.225914	-1300.035093	0.020324	-0.444938	-0.211422	-0.086738	-0.292604	0.287727	0.227793	-3.017456	-0.753523	2.923412	-0.791040	-2.806675	-0.009449	-0.000567	0.010848	-0.012793	-0.001225	0.010269	1429.368774	-437.318878	1262.985864	502.071350	-125.343605	307.114902	-105.153381	-242.404419	165.822128	-173.547089	9.213574	388.990448	-0.025933	-0.042501	0.198276	0.067418	0.027218	0.245090	427.766724	-100.225914	-1332.535970	11.976736	1.476742	7.664183	10.784733	3.396725	9.733535
699	Leukotriene A4	4	metabolite	metabolite			1117	21.262749	-38.166049	-18.953844	7.733187	-13.880858	-6.893446	31.298769	-189.735077	318.948779	-318.544037	156.209106	227.620468	31.298769	-189.735077	-1202.532461	-0.486397	0.218395	0.319903	-0.516290	-0.220085	-0.107799	-3.782668	1.290583	0.362953	3.978032	2.249239	2.828523	-0.007026	-0.000299	-0.016408	-0.006326	0.000346	-0.007915	-814.929138	-2963.501953	1262.985864	127.701874	-384.023682	307.114902	490.167145	5.634732	-10.755468	549.079163	-118.816795	215.977737	0.249132	0.100625	-0.043571	0.270233	0.018561	-0.137938	31.298769	-189.735077	-1228.658617	7.428112	0.204630	3.719537	7.893506	4.533440	4.586557
700	F2RL1	2	transcript	protein		89		-15.767028	-14.097974	-0.804971	-29.030463	-25.957378	-1.482124	-265.882812	-222.865494	-318.948779	109.548004	85.375526	-227.620468	-265.882812	-222.865494	-1267.534215	0.269281	0.688730	0.405473	-0.069125	0.652536	0.034029	-0.053607	5.364093	-1.556304	-5.364916	-0.025491	3.288492	0.008267	-0.015688	-0.014316	0.007313	-0.016228	-0.014742	-267.927765	-293.678864	-1262.985864	-257.824585	-164.447250	-307.114902	-67.993118	333.756470	126.614136	10.410204	128.162537	-129.818893	-0.039684	-0.199472	0.111795	-0.141993	-0.216284	-0.025913	-265.882812	-222.865494	-1332.535970	3.485324	-0.412027	4.257575	3.535070	2.643487	4.828382
701	5-Formylcytosine in DNA	4	metabolite	metabolite			65	10.070031	42.369437	-19.272396	3.662435	15.409615	-7.009303	523.668762	-68.757698	318.948779	65.344208	146.841644	227.620468	523.668762	-68.757698	-1202.532461	0.131981	-0.271462	0.244713	0.102790	-0.305700	0.007640	1.013374	-2.015821	1.528742	2.538108	1.613235	-2.129678	-0.012452	-0.000984	0.016213	-0.016960	-0.001963	0.015832	2746.545410	-1463.315796	1262.985864	627.082581	-22.240309	307.114902	-56.529953	-97.369789	325.262817	-114.162270	119.871506	507.644073	0.028074	0.058778	0.210505	0.036176	0.111247	0.238575	523.668762	-68.757698	-1332.519329	13.639589	3.487565	6.831660	11.990010	3.439804	5.798134
702	3-(4-Hydroxyphenyl)pyruvate	2	metabolite	metabolite			353	-35.927634	-24.359800	-19.590948	-13.066754	-8.859574	-7.125159	460.170654	-66.777779	318.948779	83.755264	42.761215	227.620468	460.170654	-66.777779	-1267.534215	0.173601	-0.322486	0.001110	0.060861	-0.332729	0.202823	0.877648	-2.419680	-0.072781	2.398857	0.153671	-2.738294	-0.011505	-0.000912	0.014435	-0.015531	-0.001714	0.013974	2269.306885	-967.917297	1262.985864	541.839783	-67.973907	307.114902	-78.038490	-191.030182	233.964249	-150.114456	47.072197	436.560974	-0.007503	-0.004797	0.194203	0.032669	0.061876	0.237327	460.170654	-66.777779	-1332.535970	12.146248	2.122974	8.470891	11.540813	2.837788	9.068004
703	ST8SIA4	2	transcript	protein		248		21.145343	-0.255021	-0.899674	38.933091	-0.469549	-1.656492	-383.980896	73.272415	-318.948779	130.578171	-284.258667	-227.620468	-383.980896	73.272415	-1267.534215	0.108542	0.335683	-0.598542	0.415820	0.645153	-0.017157	2.120399	0.181196	-4.761017	-6.045509	-3.348425	-1.472052	0.012589	-0.002827	0.003840	0.015153	-0.002679	0.008073	-2318.909668	256.405457	-1262.985864	-550.883118	-33.585579	-307.114902	-184.466965	162.593353	-22.846375	-313.294250	12.587764	-216.058441	-0.245567	-0.036272	0.012773	-0.249992	-0.027292	0.044391	-383.980896	73.272415	-1287.603672	7.663662	2.400049	7.946321	0.823055	3.057636	4.410932
704	3-Aminopropiononitrile	2	metabolite	metabolite			1071	42.803085	-6.285516	-19.909500	15.567332	-2.286020	-7.241015	438.594177	-114.184822	318.948779	110.879387	-24.871159	227.620468	438.594177	-114.184822	-1267.534215	0.092637	-0.482086	-0.140199	-0.026642	-0.332391	0.296789	0.026679	-3.073955	-0.679378	3.004571	-0.730402	-2.758031	-0.010267	-0.000639	0.012480	-0.013931	-0.001382	0.011760	1304.577148	-484.883179	1262.985864	505.682587	-136.113831	307.114902	-118.238960	-262.650391	167.141998	-183.053864	-9.395517	396.893402	0.002116	-0.043467	0.202508	0.069672	0.040646	0.245247	438.594177	-114.184822	-1332.535970	12.220871	1.380767	7.862762	10.941861	3.412411	9.805038
705	PDE3B	6	transcript	protein		132		-15.416561	14.468616	-0.994376	-28.385180	26.639811	-1.830859	-483.218994	-7.780946	-318.948779	-36.833912	-269.694366	-227.620468	-483.218994	-7.780946	-1137.530706	0.323299	-0.014969	-0.420859	0.465922	0.141950	0.050592	2.530578	-0.835098	-2.458579	-3.284602	-0.198083	-3.634809	0.018179	0.022815	0.024510	0.017549	0.024427	0.020413	-2658.582520	710.707825	-1262.985864	-575.048401	-32.245033	-307.114902	-304.596375	130.784012	-250.208527	-287.155670	19.808678	-393.943909	-0.146558	0.108382	-0.112987	-0.133355	0.134243	-0.102349	-483.218994	-7.780946	-646.812179	1.745544	0.606063	6.613713	0.237508	2.953372	5.398554
706	PAX5	3	transcript	protein		284		1.593930	-21.077791	-1.089079	2.934766	-38.808713	-2.005227	-557.664673	56.602451	-318.948779	70.539917	-28.335943	-227.620468	-557.664673	56.602451	-1235.033338	0.838329	0.255303	-0.299486	0.548095	0.313926	0.216070	5.744484	1.644587	-0.651220	-6.001339	2.380221	-2.100229	0.011150	0.034866	-0.012632	0.008975	0.034569	-0.010126	-2354.564453	1278.548706	-1262.985864	-584.222351	59.326351	-307.114902	-492.143555	19.499474	-188.927628	-416.460693	-162.470428	-338.376221	-0.354366	0.075220	-0.117958	-0.334302	0.080216	-0.134500	-557.664673	56.602451	-1291.568799	0.247355	0.230591	6.019045	-0.042794	1.661420	5.007307
707	UGDH	6	protein	protein	1441			13.059382	16.614789	-1.183781	24.045110	30.591372	-2.179594	188.031952	-94.802032	-318.948779	-187.490128	197.256271	-227.620468	188.031952	-94.802032	-1137.530706	0.139482	-0.154575	-0.132518	0.100602	0.049125	0.070844	0.207051	-1.421967	-1.376482	-0.873988	-1.499645	-0.796230	-0.008432	-0.002396	-0.000543	-0.006209	-0.003981	-0.013894	755.643860	-1713.927246	-1262.985864	119.875710	-39.794125	-307.114902	13.900465	-53.932148	-29.444412	130.755112	37.494118	1.056723	0.015688	0.025969	-0.002547	0.075734	0.050086	0.006437	188.031952	-94.802032	-1211.040818	9.359646	0.396607	7.185814	8.965216	1.542244	5.259705
708	N6-(1,2-Dicarboxyethyl)-AMP	1	metabolite	metabolite			598	-27.222394	33.433026	-20.228052	-9.900689	12.159474	-7.356871	446.006104	20.508299	318.948779	-31.161770	127.743797	227.620468	446.006104	20.508299	-1300.035093	-0.261815	-0.474851	0.404643	0.023813	-0.516363	-0.126491	-0.375249	-2.875649	3.161648	5.125777	-0.435405	-1.130255	-0.008531	-0.000487	0.007130	-0.011239	-0.001036	0.006576	2340.544922	-1505.979370	1262.985864	557.389038	-125.659554	307.114902	2.484134	-4.058900	273.028931	-5.065761	161.481750	407.293610	0.048703	0.147564	0.146712	0.074989	0.183111	0.173685	446.006104	20.508299	-1332.535970	12.976830	2.798561	6.165799	10.947902	2.520632	6.208359
709	AGMAT	4	transcript	protein		839		5.441133	-6.296772	-19.461365	10.018287	-11.593701	-35.832528	348.812408	135.498886	-318.948779	142.806013	-924.524513	-227.620468	348.812408	135.498886	-1202.532461	0.304661	-0.319248	0.227034	-0.248974	-0.329769	0.574080	1.936247	-2.803627	0.736088	3.559649	2.632839	-5.768658	-0.009853	-0.001555	0.006334	-0.007589	-0.000604	0.000569	1321.848877	919.640808	-1262.985864	459.002472	171.209442	-307.114902	84.383446	-161.163330	213.411728	44.872841	240.030472	296.422943	0.043881	-0.082316	0.147685	0.073873	-0.025022	0.168891	348.812408	135.498886	-1302.332919	10.438729	2.784237	6.953113	9.812764	4.136700	7.586555
710	CHI3L1	4	transcript	protein		673		0.234761	8.093522	-19.556068	0.432245	14.901901	-36.006895	140.185928	-76.438644	-318.948779	211.436055	-910.378035	-227.620468	140.185928	-76.438644	-1202.532461	-0.110947	-0.125088	0.450014	-0.574104	-0.249646	-0.434599	0.589453	-0.817112	3.078727	3.604833	5.711111	4.248410	-0.007123	-0.000344	-0.007607	-0.004397	0.000287	-0.006040	62.398769	-1978.219360	-1262.985864	105.536949	-4.620779	-307.114902	321.391418	13.103895	80.246880	433.259766	-265.325348	-4.569667	0.165219	-0.007363	0.071780	0.059122	-0.196173	-0.038989	140.185928	-76.438644	-1257.339121	8.805135	1.396007	4.348437	8.450873	3.931868	4.857924
711	RAC1	2	protein	protein	20			-20.847266	-3.428847	-1.278484	-38.384266	-6.313239	-2.353962	-36.027054	153.648224	-318.948779	-260.604004	161.297012	-227.620468	-36.027054	153.648224	-1267.534215	-0.328988	0.029854	-0.486344	-0.393416	0.340626	-0.096447	-2.747076	-1.600331	-3.168163	-1.716913	-4.990927	1.359397	-0.006505	-0.001167	-0.008143	-0.004545	-0.001583	-0.014374	-2463.174805	-675.071655	-1262.985864	-27.326191	-47.479477	-307.114902	226.267059	-219.864029	-15.797960	295.928131	-270.296112	-62.937698	0.051999	-0.200170	-0.067590	0.140699	-0.243448	-0.029928	-36.027054	153.648224	-1322.796133	6.839481	0.257522	7.045153	6.982722	2.319992	7.872978
712	OCIAD1	3	protein	protein	35			17.683301	-11.550550	-1.373186	32.558732	-21.267029	-2.528329	160.675674	76.272888	-318.948779	-126.390480	221.311462	-227.620468	160.675674	76.272888	-1235.033338	-0.078173	-0.046107	0.265800	-0.123482	0.074203	0.021519	-0.951407	0.185611	1.497380	0.028313	-0.487891	2.014264	-0.008459	-0.001643	-0.008916	-0.006611	-0.002514	-0.022225	472.093353	934.358093	-1262.985864	98.539131	187.902725	-307.114902	196.527039	-16.280340	104.438538	287.789948	-76.584686	-9.279696	0.088236	-0.028073	0.059390	0.039089	-0.055771	0.008988	160.675674	76.272888	-1268.024553	9.197469	2.112771	5.666072	9.023768	4.207966	6.185481
713	SMARCA2	2	bridge	protein				24.517442	-2.812927	-19.974546	20.063041	-2.301866	-16.345513	26.706738	-0.801946	0.000000	-55.861046	325.822113	0.000000	26.706738	-0.801946	-1267.534215	-0.323398	0.327630	0.372966	-0.482850	0.465158	-0.307271	-3.298865	2.081820	0.045962	-1.560922	-0.965062	6.923577	-0.005833	-0.002085	-0.013885	-0.003832	-0.001497	-0.012211	853.976929	1825.066895	0.000000	59.666344	341.785034	0.000000	348.238708	68.901482	16.369267	457.664398	84.597229	-186.210052	0.146012	0.065744	-0.059914	0.080321	-0.054073	-0.222026	26.706738	-0.801946	-1319.807361	7.944016	0.972175	4.668555	7.942006	4.290904	5.179976
714	SH2D1A	8	transcript	protein		209		-5.235252	20.455743	-1.467889	-9.639216	37.663390	-2.702697	-529.119873	-87.009140	-318.948779	88.872482	-246.577682	-227.620468	-529.119873	-87.009140	-1072.528951	0.467146	0.384626	-0.321384	0.392797	0.440385	-0.076039	2.586619	2.043353	-3.347785	-5.054881	-1.520397	-1.458905	0.034198	-0.004984	0.015838	0.032867	-0.003889	0.020120	-2310.242188	-136.721451	-1262.985864	-572.597046	-100.303101	-307.114902	-357.248688	283.014069	-141.663574	-321.568542	96.335175	-315.735291	-0.229252	0.074916	-0.036793	-0.218363	0.060749	-0.042877	-529.119873	-87.009140	-1306.192946	2.050214	0.707994	5.511732	0.892362	2.998412	4.541716
715	L-Glutamate	60	metabolite	metabolite			66	-2.501951	-42.890294	-20.546604	-0.909951	-15.599049	-7.472728	408.828857	-61.455795	318.948779	68.681023	-10.488005	227.620468	408.828857	-61.455795	617.516669	0.009131	-0.324658	-0.059078	-0.035353	-0.307555	0.173170	-0.061160	-1.751283	-0.054400	2.378474	-0.103605	-1.643305	-0.013291	-0.001285	0.016371	-0.017761	-0.002132	0.016460	1438.061035	-501.566071	1262.985864	491.115051	-94.790321	307.114902	-76.813393	-217.388565	159.507553	-138.531784	10.286264	377.091217	-0.001189	-0.024229	0.138826	0.035656	0.035989	0.191503	408.828857	-61.455795	577.896565	12.075377	1.466797	7.744820	10.877611	3.330816	9.540598
716	GD1b	1	metabolite	metabolite			763	30.706520	29.828760	-20.865156	11.167853	10.848615	-7.588584	160.373322	-272.957458	318.948779	46.097073	-232.707657	227.620468	160.373322	-272.957458	-1300.035093	-0.434870	-0.571123	-0.053131	-0.129902	-0.602589	-0.039279	-1.711644	-3.293465	2.630552	5.292044	1.261657	-0.849648	-0.006686	0.000087	0.000058	-0.008796	-0.000153	0.000130	-1157.884155	-2241.526855	1262.985864	254.811600	-319.950226	307.114902	6.200453	-137.787460	-210.157486	-0.759289	212.155472	18.062223	-0.035248	0.004088	-0.182251	-0.048809	0.089337	-0.111289	160.373322	-272.957458	-1332.535970	10.373569	-0.749493	6.769569	8.913600	0.423769	4.387870
717	3-Guanidinopropanoate	2	metabolite	metabolite			9	-42.634404	-1.248256	-21.183708	-15.505983	-0.453986	-7.704440	375.476898	172.828644	318.948779	-157.793137	8.600704	227.620468	375.476898	172.828644	-1267.534215	0.370276	-0.564405	0.169095	-0.042324	-0.509904	0.441184	1.610742	-4.436092	-0.317638	3.806070	1.396638	-4.836563	-0.008875	-0.000997	0.006492	-0.008717	-0.000485	0.003518	1520.665405	1624.547363	1262.985864	522.570557	181.762604	307.114902	89.354706	-196.134781	236.842209	-34.336758	238.665756	374.812622	0.033840	-0.129323	0.173308	0.045840	-0.068884	0.234241	375.476898	172.828644	-1332.535970	10.485039	2.854839	7.063947	9.854286	4.114285	7.777212
718	UBASH3A	2	transcript	protein		18		-9.954139	-18.613797	-1.562591	-18.327695	-34.271973	-2.877064	-574.568542	94.458702	-318.948779	97.879173	-17.827185	-227.620468	-574.568542	94.458702	-1267.534215	0.897541	0.382699	-0.430054	0.616591	0.374055	0.316303	6.563238	2.403712	-0.444137	-7.040217	2.688969	-2.364824	0.009036	0.039154	-0.014625	0.006874	0.038728	-0.011880	-2399.906006	1308.705933	-1262.985864	-605.598022	91.604263	-307.114902	-506.144470	-2.223815	-220.897278	-441.160553	-171.418655	-357.584076	-0.383171	0.094098	-0.149909	-0.360844	0.106403	-0.160759	-574.568542	94.458702	-1332.535970	0.144727	0.336534	6.063133	-0.246395	1.685307	4.957375
719	beta-D-Galactose	2	metabolite	metabolite			187	32.159603	-27.774318	-21.502260	11.696335	-10.101422	-7.820296	155.165634	-199.122040	318.948779	-6.224418	-180.578278	227.620468	155.165634	-199.122040	-1267.534215	-0.595628	-0.258318	-0.198314	-0.053515	-0.540366	-0.246440	-0.432398	-1.254087	4.495494	4.934610	3.343133	-1.002055	-0.008629	-0.000646	-0.000049	-0.011886	-0.000980	0.004107	456.736816	-1613.763794	1262.985864	289.256836	-254.401871	307.114902	22.273998	-67.741631	-157.469345	-4.461378	177.209274	99.452995	0.015806	0.066834	-0.127160	0.024666	0.121877	-0.047535	155.165634	-199.122040	-1332.052605	9.771170	0.007367	7.119132	8.453841	1.245938	4.628245
720	C14orf132	0	transcript	protein		214		-5.478158	-5.642430	-19.650770	-10.086457	-10.388918	-36.181263	340.699374	-1280.777904	-318.948779	278.833927	-891.201687	-227.620468	340.699374	-1280.777904	-1332.535970	-1.167281	0.525555	-1.219179	-0.939615	0.423051	-0.981391	-7.734088	3.482187	-8.077950	-9.354891	4.211935	-9.770815	-0.076842	0.034499	-0.079886	-0.072877	0.032205	-0.076023	1226.858798	-4978.635987	-1262.985864	329.924841	-1225.012261	-307.114902	855.806126	479.540744	-820.224367	955.466830	518.917214	-880.835126	0.793487	0.470243	-0.782779	0.788234	0.467130	-0.777597	340.699374	-1280.777904	-1332.535970	0.509220	4.296707	-1.142660	0.168268	6.008215	-1.162912
721	C1QL1	0	transcript	protein		117		7.610346	0.446016	-19.745473	14.012272	0.821210	-36.355630	446.254855	-1249.352676	-318.948779	344.631526	-867.100203	-227.620468	446.254855	-1249.352676	-1332.535970	0.493962	-1.148698	-1.249659	0.397620	-0.924656	-1.005926	3.272859	-7.610958	-8.279899	3.958740	-9.205957	-10.015086	0.030256	-0.073437	-0.081851	0.027442	-0.068900	-0.077863	1635.403478	-4857.006966	-1262.985864	431.331198	-1194.822280	-307.114902	-897.228839	181.196736	-845.035270	-956.079090	193.596681	-907.889453	-0.882509	0.185010	-0.806499	-0.876667	0.183785	-0.801160	446.254855	-1249.352676	-1332.535970	10.630791	-5.904129	-1.328364	10.053414	-3.954343	-1.344279
722	NUP58	1	protein	protein	201			-5.719023	4.654053	-19.840175	-10.529943	8.569106	-36.529998	4.372866	133.842712	-318.948779	408.469487	-838.205217	-227.620468	4.372866	133.842712	-1300.035093	-0.589724	0.217472	0.206867	-0.004852	-0.275600	-0.871572	-3.500780	1.547773	2.264184	3.700489	-4.186221	7.075416	-0.005442	-0.000561	-0.010387	-0.003605	0.000348	-0.005667	1103.719849	776.561035	-1262.985864	-54.122746	327.688599	-307.114902	375.069824	26.628557	-75.238777	390.255829	-289.810303	-277.038483	0.248924	-0.055588	-0.070761	0.126684	-0.223568	-0.222571	4.372866	133.842712	-1332.535970	8.562359	1.214653	4.651430	8.319717	3.442199	4.945063
723	UDP-N-acetyl-D-galactosamine	3	metabolite	metabolite			993	-4.933247	42.041827	-21.820812	-1.794205	15.290465	-7.936153	162.823654	-193.847763	318.948779	-11.618340	-200.452545	227.620468	162.823654	-193.847763	-1235.033338	-0.465529	-0.281994	-0.135249	-0.172609	-0.412444	-0.179117	-1.687349	-1.748169	2.930007	4.554417	1.616294	-0.016640	-0.008953	-0.000922	-0.000314	-0.012219	-0.001161	0.002859	408.453949	-2118.065430	1262.985864	263.519012	-256.180481	307.114902	30.742062	-75.822472	-141.183426	14.105672	196.818115	82.787041	0.008340	0.046678	-0.109784	0.015604	0.115981	-0.038745	162.823654	-193.847763	-1325.739311	9.968190	-0.210554	7.205718	8.756267	1.022403	4.735925
724	Arachidonyl-CoA	3	metabolite	metabolite			20	-24.664277	-34.198275	-22.139364	-8.970311	-12.437792	-8.052009	44.471104	-107.834938	318.948779	262.352112	-185.666916	227.620468	44.471104	-107.834938	-1235.033338	-0.672459	0.202139	0.034923	-0.538978	-0.246565	-0.299987	-3.486882	2.324964	2.065633	3.071066	5.676806	1.549180	-0.008304	-0.001134	-0.015418	-0.005885	0.000064	-0.007614	-953.130127	-2738.534424	1262.985864	-35.593441	-85.846832	307.114902	388.783722	-45.305195	-28.645514	431.339905	175.465302	98.330070	0.223896	0.027408	-0.025765	0.243227	-0.014807	-0.080403	44.471104	-107.834938	-1323.380407	7.121441	-0.602909	3.849296	7.777144	4.443789	3.829392
725	C5AR1	6	transcript	protein		578		19.906496	6.998914	-1.657294	36.652108	12.886494	-3.051432	-248.006271	-156.408234	-318.948779	41.786194	62.607368	-227.620468	-248.006271	-156.408234	-1137.530706	0.119350	0.361448	-0.022231	0.006957	0.358386	0.043147	1.048403	2.480733	0.354973	-2.851801	0.977496	1.315547	0.015413	-0.022232	-0.016819	0.015105	-0.022877	-0.017330	-659.863159	-434.446075	-1262.985864	-251.481567	-101.369247	-307.114902	-63.739597	243.737701	0.616005	-1.004857	65.493614	-150.828995	-0.028597	-0.076433	-0.007661	-0.042013	-0.096504	-0.030536	-248.006271	-156.408234	-1178.451427	3.397360	-0.355045	4.258928	3.849513	2.636664	4.685058
726	L-Alanine	10	metabolite	metabolite			200	41.121982	8.522009	-22.457916	14.955920	3.099425	-8.167865	434.889923	50.478386	318.948779	-36.050331	35.827034	227.620468	434.889923	50.478386	-1007.527197	-0.097096	-0.354700	0.153575	-0.044507	-0.392721	0.064862	-0.159995	-1.859905	1.355717	3.014436	0.964886	-1.268207	-0.016008	-0.001987	0.021523	-0.021688	-0.003135	0.023071	2497.014404	332.070679	1262.985864	480.130798	-30.003311	307.114902	-49.555611	-156.939102	189.060471	-114.915436	133.658401	360.074188	-0.030979	0.016438	0.122792	-0.014587	0.072895	0.159633	434.889923	50.478386	-1231.442450	10.844317	2.273557	8.464829	10.444710	1.896968	8.357093
727	PLA2G4A	13	bridge	protein				14.448176	23.464375	-15.769379	11.823190	19.201299	-12.904352	97.344810	-93.764748	0.000000	266.110321	102.971100	0.000000	97.344810	-93.764748	-910.024565	-0.382309	-0.027484	0.117826	-0.476418	-0.051377	-0.054277	-2.349078	-0.104416	0.605114	2.769409	0.955625	3.242559	-0.010039	-0.001729	-0.012737	-0.007864	-0.001211	-0.008586	-296.403931	-2406.251953	0.000000	121.176125	-165.687515	0.000000	336.661865	-77.781837	10.447078	413.117889	-0.454726	165.726242	0.167888	0.005752	0.016757	0.171886	0.031538	-0.029116	97.344810	-93.764748	-979.778106	7.345980	-0.531573	4.149345	8.064002	4.296824	3.844875
728	20-OH-Leukotriene B4	3	metabolite	metabolite			61	-35.930915	21.405650	-22.776468	-13.067947	7.785160	-8.283721	-21.435518	-264.081085	318.948779	-325.139648	136.524872	227.620468	-21.435518	-264.081085	-1235.033338	-0.489705	0.610513	0.086031	-0.760820	-0.262622	-0.003600	-2.950961	4.377737	0.501150	5.043984	4.853903	3.512493	-0.006815	0.000468	-0.020085	-0.005568	0.000722	-0.006697	-35.611397	-3232.414062	1262.985864	120.208618	-509.099060	307.114902	501.747681	-15.631679	-92.589294	571.812195	-175.904083	233.687820	0.280179	0.039081	-0.076986	0.336057	0.003438	-0.133731	-21.435518	-264.081085	-1332.141453	7.615359	0.037743	3.469191	7.338443	4.151369	4.120552
729	SNTG1	2	bridge	protein				-22.299081	21.761700	-6.097493	-18.247719	17.807971	-4.989683	130.531082	219.210083	0.000000	-35.921139	-227.529373	0.000000	130.531082	219.210083	-1267.534215	0.147654	0.079285	0.537526	-0.474950	0.505042	0.103698	-2.612540	0.781920	-2.714699	-2.444848	-2.956457	5.936910	-0.005378	-0.001285	-0.009268	-0.004677	-0.000901	-0.013429	-226.770935	-2481.015137	0.000000	86.709801	19.713081	0.000000	282.573700	124.889465	77.029732	383.462738	165.655334	-172.085815	0.143119	0.110194	0.064476	0.107556	0.151701	-0.055251	130.531082	219.210083	-1295.443008	7.528721	1.385921	5.984605	8.028982	3.744000	6.911193
730	N-Acetyl-D-galactosamine	3	metabolite	metabolite			792	11.984656	-39.887192	-23.095020	4.358777	-14.506831	-8.399577	66.409340	-139.630264	318.948779	106.316429	-234.820572	227.620468	66.409340	-139.630264	-1235.033338	-0.569943	-0.233374	0.355181	-0.153121	-0.612355	-0.213385	-1.936225	-0.933085	4.170666	6.293543	0.318181	0.462216	-0.006413	-0.000027	-0.005045	-0.007830	0.000087	-0.002583	-2028.831543	-1762.535278	1262.985864	180.140381	-226.562439	307.114902	163.338593	-127.458839	-152.429840	40.504555	75.581985	-20.472525	0.046201	-0.134850	-0.124308	-0.063053	-0.070904	-0.076950	66.409340	-139.630264	-1285.794362	10.337748	-0.290929	6.441249	8.783386	0.550921	4.649538
731	ZNF302	3	transcript	protein		386		-16.827781	7.821944	-10.180520	-30.983537	14.401868	-18.744510	-564.406982	-703.806641	-318.948779	-22.770943	497.503143	-227.620468	-564.406982	-703.806641	-1235.033338	-0.090484	-0.029847	1.528062	-0.072836	-0.024026	1.230029	0.339043	1.864852	12.015326	0.410094	2.255662	14.533331	0.001710	0.018763	0.115623	0.000703	0.017464	0.107111	-3370.715088	-2397.634033	-1262.985864	-664.438904	-728.237488	-307.114902	500.766968	-776.008118	-31.186934	587.421997	-845.539795	37.583344	0.445608	-0.572725	-0.125966	0.450439	-0.539434	-0.091317	-564.406982	-703.806641	-1331.886968	7.549628	3.550696	16.218247	3.959189	2.777437	15.810860
732	Tetrahydrofolate	9	metabolite	metabolite			141	18.028810	37.346575	-23.413572	6.557015	13.582818	-8.515434	396.790894	28.296705	318.948779	-72.175339	-15.175373	227.620468	396.790894	28.296705	-1040.028074	-0.125552	-0.438687	-0.120057	-0.200510	-0.396783	0.194389	-0.565620	-2.814167	1.045432	3.835118	1.252260	-1.634347	-0.014459	-0.001823	0.018538	-0.019876	-0.002834	0.020588	1695.546143	417.762817	1262.985864	442.907227	-25.649540	307.114902	-70.071571	-192.167130	107.094162	-137.405884	129.403564	318.912567	-0.044045	-0.024297	0.099702	-0.019353	0.048171	0.149957	396.790894	28.296705	-1248.626285	11.081531	1.674418	7.959800	10.266773	2.480656	9.054033
733	CPB2	2	protein	protein	1170			-19.399092	8.282859	-1.751996	-35.717869	15.250511	-3.225799	-12.986883	-29.869617	-318.948779	-96.788231	183.535446	-227.620468	-12.986883	-29.869617	-1267.534215	-0.110817	0.380429	0.260988	-0.205529	0.322123	-0.057924	-1.265134	2.566642	1.307724	-1.596895	-0.404463	3.134724	-0.005419	-0.002345	-0.013821	-0.004112	-0.003143	-0.020335	656.515503	-917.663574	-1262.985864	2.388577	111.129349	-307.114902	263.694031	-39.336033	-91.179008	314.808868	-146.296204	-138.697281	0.156991	-0.135026	-0.024419	0.163823	-0.099809	-0.059710	-12.986883	-29.869617	-1313.213213	7.742269	-0.130443	5.560600	7.227331	2.850601	5.760541
734	LAX1	12	transcript	protein		91		8.705960	-19.204061	-1.846699	16.029530	-35.358776	-3.400167	-520.722473	-98.745720	-318.948779	111.303772	-224.548096	-227.620468	-520.722473	-98.745720	-942.525442	0.393014	0.455129	-0.260667	0.327422	0.464502	-0.061889	2.168655	2.803190	-2.589643	-4.939691	-1.209684	-0.505434	0.035126	-0.008071	0.009061	0.033735	-0.007062	0.015675	-2260.682861	-199.874069	-1262.985864	-550.681824	-100.026375	-307.114902	-365.820251	282.967468	-121.360329	-324.025665	93.407074	-296.622559	-0.236746	0.070369	-0.022991	-0.226962	0.050580	-0.034198	-520.722473	-98.745720	-1252.527762	1.866878	0.637476	5.224731	0.892234	2.864147	4.408784
735	COL9A2	2	transcript	protein		169		2.497053	18.927419	-9.138792	4.597607	34.849419	-16.826467	-416.606415	783.970520	-318.948779	-504.482666	-324.007111	-227.620468	-416.606415	783.970520	-1267.534215	0.278230	0.048886	1.627421	0.223964	0.039351	1.310009	-0.902290	-0.816126	10.159139	-1.091380	-0.987159	12.288151	-0.010368	-0.007323	0.097562	-0.010611	-0.006971	0.090193	-1636.322144	3576.759766	-1262.985864	-451.621948	856.264160	-307.114902	220.309998	-426.793243	-807.045593	253.470291	-475.000000	-907.067017	0.216134	-0.166376	-0.667698	0.197033	-0.151692	-0.654643	-416.606415	783.970520	-1332.535970	9.320603	1.875462	16.762674	7.673182	3.596532	18.567376
736	CLIC1	3	bridge	protein				-15.951219	18.373895	-20.395063	-13.053155	15.035672	-16.689629	82.946632	35.233200	0.000000	-73.046288	315.589935	0.000000	82.946632	35.233200	-1235.033338	-0.281367	0.130264	0.306752	-0.498494	0.371551	-0.208719	-2.783475	0.790380	0.064978	-0.478064	-1.792567	6.017918	-0.007670	-0.002960	-0.012172	-0.004342	-0.002098	-0.014542	652.455383	1623.406982	0.000000	61.109524	316.245453	0.000000	252.667770	32.482269	35.487846	426.993439	81.558197	-162.025894	0.109964	0.033648	-0.029392	0.079775	-0.044726	-0.152536	82.946632	35.233200	-1318.945218	7.935894	1.149588	5.243939	7.990635	3.753846	6.118066
737	5'-Deoxyadenosine	2	metabolite	metabolite			813	-38.352569	-15.292703	-23.732124	-13.948694	-5.561902	-8.631290	346.282776	-90.630371	318.948779	-65.430542	-83.766190	227.620468	346.282776	-90.630371	-1267.534215	-0.290373	-0.437786	0.077318	-0.176191	-0.440023	0.041515	-1.485689	-2.644900	0.701658	3.933887	0.005087	-1.013607	-0.011142	-0.001129	0.012000	-0.014811	-0.001772	0.012264	690.657776	-173.569412	1262.985864	424.110596	-182.538040	307.114902	-84.173210	-106.734520	78.715767	-99.615990	158.956787	255.747681	-0.026167	0.102735	0.071769	0.007284	0.150229	0.099273	346.282776	-90.630371	-1332.535970	9.922119	1.343946	8.794515	10.789138	1.442617	7.367212
738	HSPA8	6	protein	protein	115			6.550009	20.033181	-1.941401	12.059965	36.885362	-3.574534	97.125122	84.656502	-318.948779	-115.885887	277.450836	-227.620468	97.125122	84.656502	-1137.530706	-0.338338	0.138754	0.036255	-0.273718	0.186919	-0.144223	-2.705722	0.659311	-0.940613	-0.440806	-1.153210	3.168206	-0.007967	-0.002729	-0.013655	-0.006327	-0.004050	-0.026170	637.391113	1397.381592	-1262.985864	38.943642	171.736099	-307.114902	217.772324	-4.952885	6.397952	359.948029	-14.147237	-62.784286	0.129637	-0.051103	-0.001439	0.117923	-0.086723	-0.053022	97.125122	84.656502	-1272.220450	7.899503	1.754447	6.510772	7.224630	3.822880	6.236874
739	RPS28	1	bridge	protein				-30.192592	-6.947245	6.938527	-24.707114	-5.685049	5.677915	144.129868	263.581451	0.000000	-56.987946	129.318756	0.000000	144.129868	263.581451	-1300.035093	-0.586637	-0.498791	0.356653	0.299837	-0.205191	0.625559	0.227428	-3.473551	4.426345	4.471565	-5.982933	-0.888613	-0.005612	-0.000148	-0.001673	-0.005516	0.000211	-0.006785	-2599.222900	2040.008423	0.000000	-95.566093	332.147430	0.000000	176.843262	-70.504425	244.552994	48.422207	-332.604492	204.039017	-0.058379	-0.186357	0.129007	-0.054760	-0.199048	0.204867	144.129868	263.581451	-1332.535970	8.071616	2.448584	7.920668	8.806737	2.240208	7.230102
740	Carbamoyl phosphate	4	metabolite	metabolite			57	38.437310	-14.564964	-24.050676	13.979515	-5.297226	-8.747146	375.342285	-20.404394	318.948779	28.835884	-33.212227	227.620468	375.342285	-20.404394	-1202.532461	-0.066265	-0.366122	-0.191455	-0.136427	-0.280884	0.236086	-0.427168	-2.602950	-0.370272	3.204168	-0.567069	-2.015802	-0.013539	-0.001343	0.016475	-0.018289	-0.002259	0.017544	1133.723145	-298.993225	1262.985864	454.320709	-68.659294	307.114902	-32.904652	-246.648056	136.018356	-100.050789	21.369270	371.164764	-0.013401	-0.045004	0.123957	0.032872	0.011112	0.182273	375.342285	-20.404394	-1328.264450	11.607230	0.982427	8.043756	10.533053	3.545150	8.926502
741	N-Acetylputrescine	2	metabolite	metabolite			1070	-18.419328	36.535860	-24.369228	-6.699045	13.287964	-8.863002	229.007370	256.581390	318.948779	-213.600616	-36.284782	227.620468	229.007370	256.581390	-1267.534215	-0.443639	-0.338246	-0.208643	0.020725	-0.532079	0.405164	-1.372285	-1.861534	3.320622	4.324114	-0.541047	-4.406176	-0.008808	-0.000844	-0.000004	-0.008996	-0.000385	0.000836	1508.329590	2800.665527	1262.985864	366.496704	305.961273	307.114902	99.919716	-214.629974	50.639175	-156.740540	-127.776840	231.414307	-0.054063	-0.138073	0.006796	-0.121372	-0.104111	0.100750	229.007370	256.581390	-1332.535970	6.966326	3.319187	8.845442	8.265126	2.904700	7.999797
742	GLA	5	bridge	protein				27.035215	-15.317072	6.518010	22.123378	-12.534222	5.333799	54.848564	-167.796738	0.000000	110.234077	-52.592205	0.000000	54.848564	-167.796738	-1170.031583	-0.487348	0.034840	-0.077665	-0.043719	-0.195945	-0.521380	0.521948	0.466657	3.604055	0.663719	5.467997	0.910483	-0.007686	-0.000984	-0.005600	-0.006654	-0.000359	-0.007507	180.923965	-1145.930664	0.000000	-5.608574	-89.731796	0.000000	85.495232	-10.748141	-191.085373	206.485489	-56.013294	-183.019257	0.037681	0.016670	-0.146044	0.027993	-0.018546	-0.160637	54.848564	-167.796738	-1219.811774	9.700733	-0.084122	6.545860	8.233478	1.433874	4.501958
743	Protein N6-methyl-L-lysine	3	metabolite	metabolite			945	-11.045862	-39.198246	-24.687780	-4.017341	-14.256264	-8.978859	525.331482	-49.836090	318.948779	75.713455	131.125122	227.620468	525.331482	-49.836090	-1235.033338	0.073052	-0.384410	0.278280	0.127943	-0.292508	0.080077	1.005066	-1.983135	1.634976	2.374113	1.485668	-2.377733	-0.011650	-0.000873	0.014707	-0.015853	-0.001767	0.014289	2843.700195	-1323.176392	1262.985864	619.711792	-37.407257	307.114902	-66.314285	-107.707146	313.947540	-129.648529	115.920860	498.116516	0.006299	0.065707	0.206262	0.013210	0.117465	0.237284	525.331482	-49.836090	-1331.718193	13.191784	3.426837	6.870734	12.102871	3.476180	5.936635
744	MTMR3	2	transcript	protein		201		-18.354206	-10.342989	-2.036104	-33.794010	-19.043650	-3.748902	22.983664	87.704819	-318.948779	-20.753479	324.901367	-227.620468	22.983664	87.704819	-1267.534215	-0.400720	0.136219	0.557748	-0.297619	0.105451	-0.384578	-4.163414	1.688886	0.132282	0.150727	-1.012512	4.828168	-0.005678	-0.000508	-0.012972	-0.004972	-0.000803	-0.013895	1522.474731	2390.809326	-1262.985864	136.207031	362.052368	-307.114902	466.710968	79.920372	8.847458	559.339478	-34.726879	-179.594238	0.248367	0.094577	-0.068355	0.152983	-0.080168	-0.242480	22.983664	87.704819	-1299.440337	7.957203	0.996969	4.399091	8.160092	4.358458	5.043283
745	Ferrocytochrome b5	3	metabolite	metabolite			870	34.457279	21.339618	-25.006332	12.531991	7.761144	-9.094715	-22.245153	-33.214058	318.948779	249.080246	-185.126068	227.620468	-22.245153	-33.214058	-1235.033338	-0.520569	0.280123	-0.128073	-0.394937	-0.227313	-0.279377	-1.813249	2.718729	2.232605	2.395701	4.577305	1.173517	-0.007590	-0.001169	-0.015505	-0.006579	-0.000070	-0.008160	-1208.274414	1548.126831	1262.985864	-62.011395	-33.864777	307.114902	342.105774	-1.095706	-122.751961	402.365906	205.127213	41.113552	0.199002	0.017408	-0.087522	0.215285	0.003231	-0.118421	-22.245153	-33.214058	-1309.959281	9.335449	-0.071981	4.817078	8.201180	2.881278	4.030244
746	ATP6V1G2	0	bridge	protein				-9.307665	8.198369	-29.225915	-7.616622	6.708865	-23.916066	679.849117	-1143.027182	0.000000	-191.837752	-920.813839	0.000000	679.849117	-1143.027182	-1332.535970	0.401422	1.151199	-1.280138	0.323128	0.926669	-1.030460	2.659710	7.627531	-8.481848	3.217095	9.226003	-10.259356	0.024290	0.074834	-0.083816	0.021854	0.069986	-0.079704	2539.512796	-4445.482005	0.000000	655.743453	-1092.676177	0.000000	562.485132	-760.018731	-869.846173	635.623495	-832.724313	-934.943780	0.513056	-0.714843	-0.830220	0.509660	-0.710111	-0.824724	679.849117	-1143.027182	-1332.535970	10.066962	8.108608	-1.514069	9.502755	9.731075	-1.525645
747	KLRD1	11	transcript	protein		173		20.511284	-4.769368	-2.130806	37.765653	-8.781425	-3.923269	-510.911194	-94.970421	-318.948779	125.657745	-219.931915	-227.620468	-510.911194	-94.970421	-975.026320	0.398430	0.462780	-0.204740	0.294158	0.464510	-0.037450	2.456648	2.710750	-2.064058	-4.870700	-0.719231	-0.359990	0.033386	-0.008879	0.006016	0.032046	-0.007971	0.013058	-2198.798340	-191.223862	-1262.985864	-546.953369	-108.664291	-307.114902	-369.468140	285.044250	-107.443779	-327.613495	94.756287	-283.262817	-0.242932	0.067115	-0.013239	-0.234849	0.044950	-0.026915	-510.911194	-94.970421	-1145.622222	1.868966	0.697069	5.260455	0.926501	2.871841	4.358220
748	PGAP4	0	transcript	protein		355		1.035415	-7.037653	-19.934878	1.906420	-12.957821	-36.704365	548.854735	-1209.318079	-318.948779	469.999150	-804.674544	-227.620468	548.854735	-1209.318079	-1332.535970	-1.044712	-0.562147	-1.310618	-0.840952	-0.452506	-1.054995	-6.921979	-3.724635	-8.683797	-8.372592	-4.505192	-10.503626	-0.068940	-0.035623	-0.085781	-0.065475	-0.033479	-0.081544	2032.508726	-4702.056017	-1262.985864	529.898133	-1156.361343	-307.114902	132.350905	877.620881	-894.657077	166.596155	952.992106	-961.998107	0.101825	0.850829	-0.853940	0.101151	0.845197	-0.848288	548.854735	-1209.318079	-1332.535970	1.256004	-2.330413	-1.699773	0.897609	-0.464105	-1.707012
749	VTI1B	5	protein	protein	9			-11.897183	17.363875	-2.225509	-21.905253	31.970600	-4.097637	21.314255	30.740416	-318.948779	-141.033600	133.820938	-227.620468	21.314255	30.740416	-1170.031583	0.156125	-0.008404	0.090223	0.071133	0.101065	-0.044353	0.988043	0.110153	0.772422	-1.302028	0.177310	0.378946	-0.005790	-0.002952	-0.012115	-0.004328	-0.004027	-0.024282	244.504211	38.815712	-1262.985864	-18.573675	100.919029	-307.114902	151.827301	19.209333	-22.156347	216.432098	-123.183510	-124.497261	0.087334	-0.056370	0.026541	0.058374	-0.049968	-0.015401	21.314255	30.740416	-1238.039357	7.150065	0.464976	6.012472	7.045524	2.960038	6.265130
750	GRB2	9	protein	protein	165			-2.955080	-20.829885	-2.320211	-5.440933	-38.352265	-4.272005	39.181828	46.686447	-318.948779	-96.004494	210.841080	-227.620468	39.181828	46.686447	-1040.028074	-0.099464	0.027374	0.247626	-0.072266	0.061390	-0.179865	-1.458487	0.154675	-0.508469	-0.474497	-0.648871	1.564607	-0.007250	-0.003197	-0.016317	-0.004934	-0.004768	-0.024681	948.466736	1517.082642	-1262.985864	34.071629	178.193069	-307.114902	298.719421	35.790237	-9.263526	375.817749	-15.401967	-119.671463	0.125166	0.005655	-0.021501	0.087379	-0.043925	-0.102236	39.181828	46.686447	-1012.578474	7.342345	0.192091	5.107717	7.652357	3.797960	5.615122
751	FAM47E	3	transcript	protein		81		-14.591585	-12.240435	-9.233495	-26.866222	-22.537253	-17.000834	-428.857727	753.286865	-318.948779	-478.527527	-372.952148	-227.620468	-428.857727	753.286865	-1235.033338	-0.169387	0.039046	1.865065	-0.136350	0.031431	1.501303	0.293824	0.302747	12.866817	0.355400	0.366193	15.563266	0.001270	0.003563	0.123908	0.000291	0.003227	0.114871	-1940.711304	3136.099365	-1262.985864	-475.432648	828.795044	-307.114902	266.465851	-423.587585	-798.250793	293.727356	-467.334686	-902.099243	0.274338	-0.153910	-0.582693	0.256615	-0.134433	-0.569059	-428.857727	753.286865	-1331.637352	6.481666	1.013461	17.456480	6.676539	2.061667	15.673149
752	KEAP1	4	protein	protein	26			16.241136	13.356410	-2.414914	29.903398	24.592003	-4.446372	71.712662	164.435822	-318.948779	-154.434174	237.279449	-227.620468	71.712662	164.435822	-1202.532461	-0.011564	0.103939	0.390994	-0.096714	0.139860	-0.251118	-2.269592	0.673615	-1.530694	-0.915692	-2.249275	2.072066	-0.006978	-0.003491	-0.013387	-0.005611	-0.005239	-0.029190	239.039520	873.483459	-1262.985864	-12.785750	245.934631	-307.114902	204.179184	71.223320	51.941277	350.824432	-44.993618	-133.296021	0.063032	-0.076486	-0.023375	0.020587	-0.111026	-0.073469	71.712662	164.435822	-1325.396530	7.377463	2.337215	5.838786	7.620211	4.453159	6.862050
753	CEP57L1	3	bridge	protein				1.213960	-11.296698	-29.646432	0.993404	-9.244281	-24.260182	86.837524	76.086151	0.000000	45.368530	-935.737594	0.000000	86.837524	76.086151	-1235.033338	-0.219710	0.184643	0.445175	-0.522978	0.394763	-0.138526	-2.222840	1.862853	1.626414	-1.173298	0.679993	6.511600	-0.007509	-0.001677	-0.014248	-0.004528	-0.001198	-0.013412	643.897095	1882.909058	0.000000	105.917664	307.578888	0.000000	326.275024	53.774036	55.683132	478.707520	-36.490078	-57.562840	0.154031	0.022950	-0.003780	0.136366	-0.071724	-0.101280	86.837524	76.086151	-1284.914964	7.970915	1.250122	4.648051	8.311168	4.378931	5.393285
754	Formylanthranilate	2	metabolite	metabolite			407	-39.627614	7.503499	-25.324884	-14.412424	2.728996	-9.210571	499.265259	98.646461	318.948779	197.480972	62.187603	227.620468	499.265259	98.646461	-1267.534215	-0.063101	-0.621248	0.425163	0.290615	-0.526567	0.271829	0.491787	-4.177833	2.528941	3.632052	0.461858	-5.281456	-0.010345	-0.000751	0.011773	-0.008518	-0.000351	0.002640	3164.338867	502.904419	1262.985864	542.334595	149.666824	307.114902	-83.914894	-226.540359	265.740509	-130.726669	-132.581146	457.778046	-0.087304	-0.054890	0.186029	-0.101866	-0.022487	0.285056	499.265259	98.646461	-1332.535970	11.525573	2.437764	9.384777	10.847758	2.723603	8.171166
755	CCR7	2	transcript	protein		38		-20.986757	1.121536	-2.509616	-38.641100	2.064988	-4.620740	-471.319763	-291.393768	-318.948779	-63.497097	-119.077560	-227.620468	-471.319763	-291.393768	-1267.534215	0.726178	0.138330	0.282055	0.415563	0.258203	-0.288140	4.646631	0.599277	-1.682044	-5.122193	2.293026	-0.202709	0.018294	-0.009148	0.004386	0.016868	-0.008777	0.004930	-794.621948	-1776.972412	-1262.985864	-495.335724	-261.378021	-307.114902	-381.897430	209.513458	-25.355642	-225.239014	-46.342991	-254.982559	-0.295915	-0.043479	-0.016068	-0.280256	-0.066118	-0.066658	-471.319763	-291.393768	-1332.129654	2.877837	-0.569184	6.546599	1.646353	2.099256	5.740181
756	MAPK14	2	protein	protein	188			14.709324	-14.995109	-2.604319	27.083006	-27.609197	-4.795107	6.185244	174.811493	-318.948779	-68.415329	237.873367	-227.620468	6.185244	174.811493	-1267.534215	-0.176439	0.302470	-0.210512	-0.155676	0.268194	-0.283814	-1.829239	1.959428	-1.817094	-1.663693	-1.977222	2.973429	-0.005313	-0.002272	-0.011916	-0.004469	-0.004163	-0.020979	205.814041	2356.431152	-1262.985864	-16.244837	256.768250	-307.114902	190.839111	6.933900	-96.622734	313.137115	-15.123291	-161.275146	0.067874	-0.052666	-0.114106	0.028892	-0.086585	-0.142471	6.185244	174.811493	-1311.791389	6.911313	2.365544	5.780437	7.230992	4.477611	6.753119
757	dZMP	2	metabolite	metabolite			29	24.030794	-32.139308	-25.643436	8.739915	-11.688953	-9.326427	475.285217	42.991741	318.948779	-36.988728	140.028793	227.620468	475.285217	42.991741	-1267.534215	-0.216995	-0.462667	0.435348	0.041248	-0.535342	-0.096219	-0.275287	-2.803725	3.223717	5.132477	-0.304458	-1.215704	-0.009270	-0.000549	0.008203	-0.012239	-0.001169	0.007532	2394.893311	-1650.670654	1262.985864	571.584595	-135.887802	307.114902	-0.344981	6.422068	287.320526	-3.503017	176.633850	414.939972	0.059009	0.146199	0.145434	0.085357	0.179933	0.170740	475.285217	42.991741	-1332.535970	13.054726	2.888030	6.213985	10.985942	2.472417	6.252032
758	FCRL3	6	transcript	protein		225		-0.716739	20.980981	-2.699021	-1.319669	38.630465	-4.969475	-542.390503	-203.952438	-318.948779	-60.608643	-170.318710	-227.620468	-542.390503	-203.952438	-1137.530706	0.733341	0.125599	-0.085042	0.456264	0.287093	-0.089646	4.153827	1.187161	-2.122987	-5.092593	0.661146	-1.701033	0.026570	0.001374	0.019921	0.024779	0.002141	0.017447	-1332.077881	-1291.919556	-1262.985864	-569.375549	-188.759598	-307.114902	-390.601440	196.527954	-116.786964	-274.203552	-35.143394	-315.050537	-0.259852	0.024049	-0.069134	-0.243079	0.016590	-0.097297	-542.390503	-203.952438	-1273.368563	2.463987	-0.417418	6.736042	1.160585	2.251513	5.825745
759	TGM5	0	protein	protein	12			3.838251	5.664251	-20.029580	7.067039	10.429095	-36.878733	647.798153	-1160.947589	-318.948779	528.884462	-766.691316	-227.620468	647.798153	-1160.947589	-1332.535970	1.116554	-0.282699	-1.341097	0.898781	-0.227561	-1.079530	7.397980	-1.873085	-8.885745	8.948346	-2.265620	-10.747897	0.070394	-0.017608	-0.087745	0.065039	-0.016604	-0.083385	2415.461911	-4514.841613	-1262.985864	624.952332	-1109.892177	-307.114902	-634.548560	-580.009877	-919.467980	-669.647031	-636.438901	-989.052434	-0.631373	-0.542745	-0.877661	-0.627193	-0.539152	-0.871851	647.798153	-1160.947589	-1332.535970	14.424096	-0.627798	-1.885478	13.758112	1.198740	-1.888379
760	L-Cysteine-S-conjugate	3	metabolite	metabolite			340	3.969813	39.726764	-25.961988	1.443807	14.448484	-9.442284	379.222382	-51.941277	318.948779	-54.044807	-85.192215	227.620468	379.222382	-51.941277	-1235.033338	-0.176670	-0.482231	0.065959	-0.075076	-0.472221	0.008961	-1.155967	-2.504535	1.277084	3.950754	-0.102282	-0.592982	-0.013354	-0.001488	0.016503	-0.015141	-0.001824	0.012547	2738.717529	-250.014664	1262.985864	456.476074	-187.117493	307.114902	-98.910614	-131.076477	118.898247	-124.351105	106.177841	248.564972	-0.026516	0.075185	0.092934	-0.007269	0.136097	0.120024	379.222382	-51.941277	-1332.535970	10.732548	1.620183	9.330936	11.178220	1.597543	7.655629
761	SPI1	4	transcript	protein		336		-13.635894	-15.945454	-2.793724	-25.106591	-29.358984	-5.143842	-538.765991	37.703716	-318.948779	86.590363	-189.089157	-227.620468	-538.765991	37.703716	-1202.532461	0.354636	0.166390	-0.516195	0.444157	0.295534	0.092716	2.693162	-0.043413	-3.461933	-4.190046	-0.997117	-3.150407	0.019555	0.034386	0.004969	0.017845	0.034949	0.006357	-2522.595215	901.179382	-1262.985864	-594.932739	19.711945	-307.114902	-406.424652	141.721069	-239.999359	-383.805969	1.143574	-375.143677	-0.229401	0.127974	-0.102734	-0.215608	0.135899	-0.093107	-538.765991	37.703716	-1198.787225	0.824932	0.984140	6.090008	0.053902	2.637718	4.764510
762	NELFE	1	protein	protein	171			20.812950	2.545210	-2.888426	38.321084	4.686276	-5.318210	-51.914871	-92.766273	-318.948779	6.702344	254.426361	-227.620468	-51.914871	-92.766273	-1300.035093	-0.131457	0.316423	-0.301389	-0.174283	0.301991	0.159957	0.245565	2.517226	2.046305	-1.892340	1.606700	2.668218	-0.003922	-0.002581	-0.011371	-0.003602	-0.003502	-0.018479	-288.189148	-1583.326294	-1262.985864	-38.295048	-21.506460	-307.114902	185.408142	65.564240	-147.021362	220.349014	-61.151386	-41.811176	0.155547	-0.094014	-0.090347	0.157861	-0.111841	-0.006788	-51.914871	-92.766273	-1332.535970	10.068404	0.548149	3.413233	6.467969	2.222000	4.482270
763	SPINK1	2	bridge	protein				-9.614698	29.637445	6.097493	-7.867872	24.252828	4.989683	147.723221	48.254726	0.000000	12.124758	18.038416	0.000000	147.723221	48.254726	-1267.534215	0.078465	-0.086048	0.398631	0.210495	-0.134877	-0.460613	1.469280	-0.601040	2.260517	0.928239	1.546770	4.863085	-0.007219	-0.000788	-0.006347	-0.005724	-0.000276	-0.010840	1163.626465	-933.842773	0.000000	142.896927	222.476486	0.000000	167.392410	6.112624	84.627388	270.360199	-219.934998	-50.635544	0.101471	-0.043214	0.056701	0.055470	-0.120270	0.007131	147.723221	48.254726	-1292.981263	9.626517	2.037277	5.629969	9.028672	3.587014	5.740865
764	4-Trimethylammoniobutanoate	2	metabolite	metabolite			565	-29.606485	-26.472424	-26.280540	-10.767775	-9.627928	-9.558140	498.240753	-64.220856	318.948779	66.860352	123.277214	227.620468	498.240753	-64.220856	-1267.534215	0.021843	-0.371020	0.287355	0.102361	-0.269392	0.071242	0.877494	-1.926722	1.751419	2.479781	1.510516	-2.239915	-0.011403	-0.000871	0.013939	-0.015494	-0.001732	0.013707	2711.450928	-1279.868408	1262.985864	608.982910	-28.761364	307.114902	-39.416672	-103.033783	301.466339	-106.883621	114.100494	489.873016	0.026895	0.048821	0.210491	0.043880	0.109630	0.231825	498.240753	-64.220856	-1332.535970	13.657640	3.270572	6.882657	12.116843	3.244295	5.804353
765	ITGAM	9	transcript	protein		272		-17.055291	12.174481	-2.983129	-31.402432	22.415818	-5.492577	-372.115479	-159.892609	-318.948779	59.772537	-84.765190	-227.620468	-372.115479	-159.892609	-1040.028074	0.268547	0.327201	-0.006748	0.132894	0.340958	-0.099082	1.155395	2.258849	-1.123562	-3.402877	0.116532	0.705442	0.030407	-0.025001	-0.007380	0.029564	-0.024685	-0.001035	-1491.722168	-653.660767	-1262.985864	-388.030029	-123.920219	-307.114902	-230.292847	253.543777	-23.794426	-141.366882	55.310894	-221.723236	-0.128705	-0.017671	-0.010067	-0.131851	-0.046023	-0.036885	-372.115479	-159.892609	-894.984597	2.108393	-0.118360	4.441853	2.192099	2.461675	4.471702
766	Glycine	20	metabolite	metabolite			933	39.500144	-0.476387	-26.599092	14.366063	-0.173260	-9.673996	375.512390	58.466778	318.948779	-44.604534	26.947889	227.620468	375.512390	58.466778	-682.518424	-0.119899	-0.259607	0.050438	-0.096554	-0.328866	0.094535	-0.408255	-1.328832	1.141354	2.808819	0.961993	-0.963048	-0.016230	-0.002207	0.019323	-0.021788	-0.003214	0.022005	2057.641602	635.581970	1262.985864	443.850922	-8.605912	307.114902	6.968750	-166.208725	155.066742	-68.526573	125.094177	344.195221	0.001052	-0.001974	0.090987	0.011095	0.047246	0.136073	375.512390	58.466778	-897.740308	10.674084	2.333804	8.116662	10.316171	1.993358	8.316806
767	5'-Methylthioadenosine	3	metabolite	metabolite			1039	-28.646610	26.885167	-26.917644	-10.418671	9.778041	-9.789852	168.477814	198.319443	318.948779	-96.214577	36.786316	227.620468	168.477814	198.319443	-1235.033338	-0.306349	-0.254273	-0.271798	-0.327526	-0.380675	0.106447	-2.437975	-2.489259	-0.834781	4.964496	-0.145146	-0.079790	-0.009861	-0.000945	0.002844	-0.013234	-0.001550	0.008427	1674.259399	1637.313843	1262.985864	299.884827	-4.139971	307.114902	109.986641	-227.470718	29.232721	18.864313	-14.455671	240.339523	-0.002350	-0.083655	-0.018465	0.031260	-0.042546	0.055281	168.477814	198.319443	-1218.978849	6.775652	3.024485	8.653896	7.356600	2.550787	8.068963
768	Dihydrofolate	1	metabolite	metabolite			651	2.945848	-38.955252	-27.236196	1.071394	-14.167888	-9.905709	429.289246	45.609932	318.948779	-103.085701	-18.027142	227.620468	429.289246	45.609932	-1300.035093	-0.167252	-0.695826	-0.117446	-0.245582	-0.530755	0.252516	-0.572616	-4.433741	1.445990	4.807064	1.818445	-2.869859	-0.010211	-0.000936	0.012373	-0.014178	-0.001707	0.013158	1678.722534	452.222168	1262.985864	447.110443	4.342460	307.114902	-102.755524	-207.246231	92.136787	-168.860657	153.433121	316.484863	-0.097252	-0.059103	0.106442	-0.070934	0.048185	0.178940	429.289246	45.609932	-1332.535970	11.058680	1.710033	7.989381	10.246292	2.525540	9.106144
769	FCGR2A	2	transcript	protein		375		4.349452	-20.484365	-3.077832	8.008269	-37.716089	-5.666945	-526.357605	-289.172791	-318.948779	-82.001396	-153.716125	-227.620468	-526.357605	-289.172791	-1267.534215	0.926570	0.158131	0.084753	0.521394	0.383439	-0.277942	4.853498	1.705538	-3.255904	-6.356205	2.329049	-0.884033	0.019767	-0.006929	0.009706	0.018200	-0.006413	0.009216	-1229.471802	-1504.790527	-1262.985864	-550.617676	-267.117096	-307.114902	-418.339417	209.972641	-60.661335	-257.710541	-59.710373	-287.635895	-0.324662	-0.014502	-0.052604	-0.304668	-0.029811	-0.102205	-526.357605	-289.172791	-1332.364383	2.725194	-0.491933	6.629294	1.465997	2.229556	5.959556
770	Methaneselenol	3	metabolite	metabolite			347	24.003277	30.538150	-27.554748	8.729907	11.106618	-10.021565	386.535095	-36.946186	318.948779	-75.462357	-73.509491	227.620468	386.535095	-36.946186	-1235.033338	-0.175697	-0.479449	0.100379	-0.058862	-0.460149	-0.014685	-1.173615	-2.549959	1.155768	3.937782	-0.211865	-0.653901	-0.013354	-0.001488	0.016503	-0.015141	-0.001824	0.012547	2736.209229	-346.815430	1262.985864	450.189911	-194.867554	307.114902	-100.098450	-126.545868	128.436691	-124.166367	120.819283	250.605133	-0.021816	0.071709	0.100878	-0.024673	0.126911	0.125746	386.535095	-36.946186	-1332.535970	10.770991	1.669807	9.395862	11.195431	1.662062	7.712089
771	CTHRC1	8	transcript	protein		67		10.622663	18.030365	-3.172534	19.558590	33.197750	-5.841312	-516.348572	-174.175812	-318.948779	6.456176	-188.883743	-227.620468	-516.348572	-174.175812	-1072.528951	0.524016	0.177028	-0.081401	0.307140	0.302803	-0.173285	2.524811	1.325807	-2.363656	-4.127127	-0.389582	-1.109863	0.032338	-0.009239	0.016737	0.030864	-0.008316	0.017905	-2345.634521	-510.967407	-1262.985864	-539.375549	-161.472076	-307.114902	-328.224792	253.978363	-115.041679	-231.948700	43.004620	-311.122131	-0.212537	0.036970	-0.045682	-0.202276	0.020304	-0.073454	-516.348572	-174.175812	-1268.038137	2.360893	-0.012659	6.228921	1.196687	2.728593	5.426439
772	PSD4	0	transcript	protein		99		-6.380294	-1.518250	-20.124283	-11.747483	-2.795423	-37.053100	742.409227	-1104.571626	-318.948779	584.803810	-724.462984	-227.620468	742.409227	-1104.571626	-1332.535970	-0.612329	0.932193	-1.371577	-0.492900	0.750378	-1.104065	-4.057125	6.176453	-9.087694	-4.907361	7.470829	-10.992167	-0.041065	0.060715	-0.089710	-0.039364	0.056761	-0.085226	2781.647072	-4296.642618	-1262.985864	715.844480	-1055.732212	-307.114902	869.360704	-38.958340	-944.278884	970.247025	-46.465010	-1016.106761	0.806446	-0.025470	-0.901382	0.801107	-0.025302	-0.895415	742.409227	-1104.571626	-1332.535970	3.890416	6.774252	-2.071182	3.470484	8.427888	-2.069745
773	HSD17B13	3	protein	protein	22			-19.998218	-6.115262	-3.267237	-36.820989	-11.259502	-6.015680	-63.561127	-38.852386	-318.948779	-132.854660	117.804710	-227.620468	-63.561127	-38.852386	-1235.033338	0.050437	0.378925	0.080139	0.002490	0.268200	-0.227377	-0.320459	2.481806	-0.489727	-2.323368	0.007832	2.096797	-0.004493	-0.003406	-0.014699	-0.003171	-0.005149	-0.022097	-58.590294	-37.892384	-1262.985864	-80.316116	42.957355	-307.114902	213.119553	10.531286	-106.228233	264.379486	-112.362755	-164.937698	0.076898	-0.113001	-0.070830	0.061225	-0.147968	-0.067185	-63.561127	-38.852386	-1307.047031	7.464690	-0.446379	5.813602	6.884112	2.132036	6.161162
774	Se-Methyl-L-selenocysteine	3	metabolite	metabolite			106	-38.102560	-6.266905	-27.873300	-13.857767	-2.279251	-10.137421	386.782654	-32.255493	318.948779	-73.939064	-77.214310	227.620468	386.782654	-32.255493	-1235.033338	-0.223274	-0.424269	0.158283	-0.123350	-0.439149	-0.012338	-1.140678	-2.577452	1.136100	3.942837	-0.198826	-0.606272	-0.013354	-0.001488	0.016503	-0.015141	-0.001824	0.012547	2742.260742	-381.660919	1262.985864	446.100525	-192.570160	307.114902	-98.214180	-122.625931	126.836761	-127.510567	120.496399	254.279236	-0.029035	0.069141	0.100474	-0.015783	0.134039	0.128123	386.782654	-32.255493	-1332.535970	10.750115	1.653946	9.394054	11.170195	1.681616	7.656232
775	MAPKAPK3	6	bridge	protein				-12.963159	-28.420564	5.676976	-10.607974	-23.257033	4.645567	39.159870	237.292572	0.000000	-48.357010	-31.236021	0.000000	39.159870	237.292572	-1137.530706	-0.059778	0.126614	-0.417351	0.342424	-0.093409	-0.370350	-0.966902	0.476805	-3.279496	-1.285177	-5.058805	-1.494599	-0.005381	-0.001007	-0.009385	-0.005268	-0.000569	-0.011488	231.949890	2399.541016	0.000000	99.020073	410.525665	0.000000	159.832611	-56.552418	-134.044037	155.470230	-138.559052	-236.752090	0.051427	-0.020174	-0.120917	0.021221	0.002797	-0.158321	39.159870	237.292572	-1173.930012	6.627399	2.020172	6.017788	7.146016	4.210380	7.039851
776	SLAMF7	7	transcript	protein		130		18.863310	-8.992937	-3.361939	34.731379	-16.557917	-6.190047	-619.200500	19.701529	-318.948779	-50.285748	-229.255875	-227.620468	-619.200500	19.701529	-1105.029829	0.575738	0.120055	-0.561858	0.576447	0.348095	0.058307	4.167263	0.175551	-3.524854	-5.274766	-0.403536	-3.686924	0.025991	0.046560	0.044480	0.023647	0.047452	0.033528	-3134.714111	1035.566772	-1262.985864	-672.098999	6.005406	-307.114902	-412.877197	148.342667	-307.517395	-377.792755	-24.333088	-437.494385	-0.255990	0.129231	-0.148023	-0.234522	0.140816	-0.142075	-619.200500	19.701529	-1295.683815	1.484935	0.212275	6.989434	-0.048552	2.591829	5.707440
777	CCK	2	bridge	protein				6.045166	8.211855	-30.066949	4.946863	6.719901	-24.604298	-35.922550	90.383484	0.000000	278.833927	-891.201687	0.000000	-35.922550	90.383484	-1267.534215	-0.209619	0.396596	0.225386	-0.232859	0.448662	-0.502878	-1.918320	2.671946	-0.174650	-2.893047	-3.151821	5.353565	-0.005489	-0.003037	-0.014604	-0.003508	-0.001955	-0.012865	-1052.242188	536.975098	0.000000	-93.268822	326.876770	0.000000	258.374420	117.704659	-34.930077	437.090881	0.931018	-222.787277	0.097659	-0.077381	-0.103922	0.030382	-0.178875	-0.182780	-35.922550	90.383484	-1326.268964	7.345539	2.642777	5.395526	7.333442	4.932948	6.285843
778	ANO9	0	transcript	protein		298		5.469787	-3.045334	-20.218985	10.071046	-5.607109	-37.227468	832.041665	-1040.575295	-318.948779	637.451783	-678.220185	-227.620468	832.041665	-1040.575295	-1332.535970	-0.172014	-1.062921	-1.402056	-0.138464	-0.855609	-1.128599	-1.139716	-7.042628	-9.289643	-1.378561	-8.518524	-11.236437	-0.012678	-0.067907	-0.091675	-0.012775	-0.063720	-0.087066	3128.562796	-4048.949552	-1262.985864	801.953691	-994.251418	-307.114902	-557.695932	557.161904	-969.089787	-585.845321	603.556948	-1043.161088	-0.557898	0.544453	-0.925102	-0.554204	0.540849	-0.918978	832.041665	-1040.575295	-1332.535970	6.573154	-5.381514	-2.256887	6.090558	-3.443935	-2.251112
779	CXCR4	5	protein	protein	62			-7.828781	19.358766	-3.456642	-14.414457	35.643620	-6.364415	-378.908752	55.999313	-318.948779	140.347107	63.012363	-227.620468	-378.908752	55.999313	-1170.031583	0.228176	0.290625	-0.260311	0.204437	0.337673	0.242935	2.638304	1.809732	1.467568	-3.723652	2.448845	-0.599512	0.007326	0.031796	-0.029930	0.006230	0.031907	-0.025183	-854.378540	148.661606	-1262.985864	-402.460297	75.660179	-307.114902	-308.078644	39.248585	-128.660233	-251.810837	-166.460617	-225.702454	-0.164716	0.030801	-0.069138	-0.183546	0.019088	-0.081070	-378.908752	55.999313	-712.961974	-0.139643	0.480846	5.435579	0.260633	1.317996	4.331013
780	2-(alpha-Hydroxyethyl)thiamine diphosphate	1	metabolite	metabolite			606	32.134680	-20.990042	-28.191852	11.687270	-7.634004	-10.253277	343.219452	-67.263145	318.948779	-49.520603	-72.298920	227.620468	343.219452	-67.263145	-1300.035093	-0.222291	-0.494690	0.018775	-0.148088	-0.464284	0.057930	-1.502738	-2.552087	0.979215	3.924875	-0.167489	-1.015693	-0.010254	-0.001000	0.010430	-0.013600	-0.001571	0.010708	2139.019531	-311.985321	1262.985864	427.998077	-163.902634	307.114902	-66.328186	-115.686745	82.589920	-92.701645	136.852722	255.381348	-0.033328	0.096832	0.051147	-0.010192	0.148681	0.095418	343.219452	-67.263145	-1332.535970	9.910968	1.364114	8.735461	10.721800	1.533503	7.378057
781	RUNX3	6	transcript	protein		198		-7.298398	-19.547924	-3.551344	-13.437909	-35.991901	-6.538782	-553.764893	113.968712	-318.948779	200.188431	-81.029106	-227.620468	-553.764893	113.968712	-1137.530706	0.351894	0.405207	-0.562096	0.424133	0.455046	0.157021	4.294465	2.164669	-1.991269	-5.418435	-0.054670	-2.914468	0.016709	0.057332	-0.024254	0.014253	0.056960	-0.015967	-2254.243164	1401.870361	-1262.985864	-586.238281	96.519676	-307.114902	-486.456818	90.381516	-240.836624	-465.532135	-54.386711	-354.477844	-0.294821	0.130816	-0.097167	-0.284390	0.132394	-0.092313	-553.764893	113.968712	-1253.786357	0.210388	1.103645	5.898744	-0.168827	2.261416	4.365583
782	Reduced acceptor	8	metabolite	metabolite			159	-9.458024	36.955415	-28.510404	-3.439850	13.440554	-10.369134	414.837952	50.662121	318.948779	-23.629528	45.862480	227.620468	414.837952	50.662121	-1072.528951	-0.075801	-0.285825	0.095016	-0.067384	-0.299032	0.098933	0.043290	-1.875507	1.024499	2.858432	1.115859	-1.441601	-0.016520	-0.002107	0.021905	-0.022407	-0.003283	0.024053	2394.034668	224.677414	1262.985864	468.457611	-30.658524	307.114902	-23.675463	-159.961151	184.966232	-98.340775	119.055557	365.730743	-0.007390	0.012386	0.112727	0.009719	0.062131	0.151248	414.837952	50.662121	-1303.813988	10.648332	2.306589	8.459237	10.153975	1.898322	8.122266
783	CNR1	0	transcript	protein		220		-1.876891	5.641929	-20.313688	-3.455758	10.387995	-37.401835	916.083188	-969.395756	-318.948779	686.540836	-628.215482	-227.620468	916.083188	-969.395756	-1332.535970	0.812743	0.642217	-1.432536	0.654226	0.516959	-1.153134	5.385015	4.255153	-9.491592	6.513532	5.146889	-11.480708	0.050807	0.042020	-0.093640	0.046693	0.039250	-0.088907	3453.839296	-3773.454410	-1262.985864	882.691751	-925.869769	-307.114902	69.753979	-796.070075	-993.900690	98.339160	-872.035451	-1070.215415	0.041979	-0.749310	-0.948823	0.041701	-0.744350	-0.942542	916.083188	-969.395756	-1332.535970	12.573050	5.007497	-2.442591	11.950304	6.702402	-2.432479
784	S1PR4	8	transcript	protein		144		18.571491	9.476607	-3.646047	34.194078	17.448456	-6.713150	-579.735168	164.835815	-318.948779	163.114120	-27.842340	-227.620468	-579.735168	164.835815	-1072.528951	0.483054	0.403354	-0.568001	0.465961	0.434164	0.282430	4.862036	2.762664	0.613363	-6.136262	1.842270	-2.431831	0.014365	0.073342	-0.030322	0.011527	0.072603	-0.022375	-2370.220703	1497.107788	-1262.985864	-611.600220	146.555862	-307.114902	-500.982483	21.948597	-278.693329	-474.065491	-130.434097	-381.058533	-0.306387	0.120983	-0.147397	-0.294450	0.132924	-0.142770	-579.735168	164.835815	-1237.517905	-0.129382	0.750407	6.114798	-0.421769	1.821431	4.649187
785	PLCB2	3	transcript	protein		113		-20.079220	5.552633	-3.740749	-36.970129	10.223583	-6.887517	-548.500854	-74.692497	-318.948779	53.789490	-253.683136	-227.620468	-548.500854	-74.692497	-1235.033338	0.546642	0.410547	-0.388947	0.448443	0.453728	-0.145895	2.377388	2.401205	-4.080992	-5.641338	-1.959844	-1.409215	0.029377	0.003704	0.021147	0.027929	0.004720	0.021637	-2597.531250	188.445160	-1262.985864	-584.577026	-77.801872	-307.114902	-357.011169	261.578369	-182.202911	-314.130188	80.278244	-349.903534	-0.228038	0.098342	-0.057402	-0.218249	0.084352	-0.062730	-548.500854	-74.692497	-1331.110875	2.098341	0.682581	5.754653	0.776083	3.148855	4.899865
786	F2	2	bridge	protein				23.602112	11.468796	-17.871962	19.314011	9.385112	-14.624932	-8.703590	-33.889183	0.000000	25.246386	-288.299072	0.000000	-8.703590	-33.889183	-1267.534215	-0.198910	0.538437	0.301336	-0.356611	0.577705	-0.398049	-2.508345	3.656165	-0.184834	-3.179428	-4.759856	5.198092	-0.005508	-0.002088	-0.013422	-0.004304	-0.001416	-0.014355	638.317810	-933.065857	0.000000	121.143959	233.770279	0.000000	277.525909	-73.589355	-97.978043	422.011566	-202.409424	-176.222443	0.162942	-0.173692	-0.030315	0.233818	-0.155450	-0.057645	-8.703590	-33.889183	-1332.223058	7.775436	-0.155099	5.666410	7.332610	2.604070	5.925028
787	FAM9A	2	protein	protein	103			11.045900	-17.643055	-3.835452	20.337859	-32.484631	-7.061885	-77.123047	122.477722	-318.948779	-52.695831	200.095139	-227.620468	-77.123047	122.477722	-1267.534215	0.088248	0.367247	0.240377	0.008940	0.280765	-0.263040	-0.755795	1.977654	-1.850859	-2.379878	-1.614498	1.752533	-0.003975	-0.003989	-0.015202	-0.003318	-0.005544	-0.025598	-941.451599	603.413025	-1262.985864	-105.233086	227.016724	-307.114902	219.358322	160.603882	-41.770088	324.340790	-14.234601	-174.833740	0.044052	-0.047779	-0.116117	-0.001034	-0.122203	-0.141273	-77.123047	122.477722	-1329.976023	7.455115	2.741254	5.643367	7.143988	5.181689	6.388230
788	NCF4	8	transcript	protein		264		3.769607	20.453458	-3.930154	6.940651	37.659182	-7.236253	-601.131714	-0.311522	-318.948779	-78.779907	-246.957489	-227.620468	-601.131714	-0.311522	-1072.528951	0.518071	-0.000757	-0.451672	0.545221	0.219412	0.033854	3.494350	-0.381550	-2.941048	-4.331777	0.011808	-3.776177	0.025649	0.039190	0.045845	0.023564	0.040280	0.034793	-3142.881104	922.424072	-1262.985864	-661.151733	-14.966095	-307.114902	-385.394806	148.748642	-296.495209	-345.993408	-21.063704	-436.504425	-0.219920	0.116811	-0.142649	-0.198486	0.130920	-0.136566	-601.131714	-0.311522	-1011.994825	1.574357	0.187858	6.916753	0.131737	2.662304	5.743588
789	GALK2	3	bridge	protein				28.824113	12.228660	5.256460	23.587264	10.006921	4.301451	47.689178	10.448081	0.000000	0.855414	35.761971	0.000000	47.689178	10.448081	-1235.033338	-0.364245	-0.014228	0.461329	0.281159	-0.216918	-0.353466	-1.668493	1.033405	3.310193	2.749586	-3.829210	2.989909	-0.006447	-0.000587	-0.009161	-0.006263	-0.000199	-0.010746	-1976.210938	-1549.466064	0.000000	118.595161	213.776001	0.000000	251.596085	-70.307098	-54.630821	231.125336	-232.774384	-4.503509	0.091889	-0.135277	-0.059560	0.013811	-0.158568	-0.007906	47.689178	10.448081	-1274.946408	10.161687	-0.044232	6.319468	8.630257	2.901744	5.604050
790	PABPN1	0	transcript	protein		31		-2.290909	-5.123411	-20.408390	-4.218052	-9.433292	-37.576203	993.959707	-891.519237	-318.948779	731.802862	-574.721982	-227.620468	993.959707	-891.519237	-1332.535970	-0.989704	0.072280	-1.463015	-0.796673	0.058183	-1.177669	-6.557511	0.478908	-9.693540	-7.931743	0.579271	-11.724978	-0.065394	0.005277	-0.095605	-0.062153	0.004832	-0.090747	3755.254602	-3472.039104	-1262.985864	957.507138	-851.054382	-307.114902	502.352539	570.156658	-1018.711594	570.053660	617.726699	-1097.269742	0.455566	0.556877	-0.972543	0.452550	0.553190	-0.966105	993.959707	-891.519237	-1332.535970	1.591156	1.535006	-2.628295	1.224932	3.311023	-2.613845
791	ABCF2	2	bridge	protein				-29.578160	10.475977	4.835943	-24.204314	8.572671	3.957335	115.458969	64.374168	0.000000	60.045712	-36.486183	0.000000	115.458969	64.374168	-1267.534215	-0.274418	0.187998	0.635862	-0.263379	-0.057409	-0.610369	-2.301024	2.122313	3.516464	1.263476	2.928957	5.960839	-0.006567	-0.000526	-0.009416	-0.005634	0.000049	-0.011845	528.070984	2479.948486	0.000000	-1.324460	226.427109	0.000000	304.013245	130.232910	81.051178	445.180359	-159.742996	-15.871644	0.219383	0.008169	0.007070	0.204928	-0.147018	-0.066547	115.458969	64.374168	-1325.639806	9.855863	1.451102	5.091824	9.525505	3.301411	5.196301
792	NCR1	2	protein	protein	76			-16.581245	-12.524490	-4.024857	-30.529611	-23.060259	-7.410620	-120.884911	102.933250	-318.948779	-52.686386	127.415840	-227.620468	-120.884911	102.933250	-1267.534215	0.157291	0.078384	-0.306812	0.077761	0.245079	0.170009	0.028986	0.299858	-2.881627	-2.499234	-2.380713	0.144496	-0.002601	-0.003914	-0.010079	-0.001023	-0.005564	-0.018733	-884.682495	1095.589478	-1262.985864	-146.976074	-20.117872	-307.114902	145.848373	-81.323807	-4.649934	171.697556	-162.194595	-69.635475	0.023636	-0.162932	-0.037859	0.024992	-0.172473	-0.012556	-120.884911	102.933250	-1267.394779	7.176250	0.483807	7.166093	6.811580	2.531601	7.562034
793	C9	3	protein	protein	1			20.668181	-1.963545	-4.119559	38.054534	-3.615305	-7.584988	14.882442	76.718719	-318.948779	-102.404465	181.056824	-227.620468	14.882442	76.718719	-1235.033338	-0.188599	0.262074	0.244828	-0.157462	0.239633	-0.196712	-1.766137	2.010729	1.031240	-1.273853	-1.358067	2.883640	-0.006711	-0.002381	-0.015014	-0.004523	-0.002932	-0.020015	798.581482	684.877502	-1262.985864	-9.604756	154.849518	-307.114902	277.460693	21.404221	-56.373707	300.982391	-153.034897	-154.985123	0.156941	-0.055220	-0.044747	0.123536	-0.080048	-0.095586	14.882442	76.718719	-1303.419192	7.802749	0.235666	5.290295	7.612438	3.089164	5.572341
794	UQCRQ	2	bridge	protein				14.762672	-27.759098	4.415426	12.080547	-22.715744	3.613219	160.790512	16.831915	0.000000	80.905624	-64.776680	0.000000	160.790512	16.831915	-1267.534215	-0.015388	-0.072581	0.609480	-0.404007	0.036825	-0.507603	0.905018	-0.252326	3.860580	0.689869	3.907980	5.275168	-0.006900	-0.000890	-0.007998	-0.005370	-0.000313	-0.012401	-123.345581	100.801979	0.000000	15.723700	157.323547	0.000000	220.119431	96.904350	148.020828	391.839325	-187.723389	20.331202	0.169928	-0.012410	0.067107	0.159434	-0.144098	-0.023731	160.790512	16.831915	-1322.500030	9.868998	1.705930	5.380540	9.666184	3.556552	5.514735
795	KCTD9	3	protein	protein	79			-13.900974	15.394899	-4.214262	-25.594660	28.345295	-7.759355	89.363495	148.242004	-318.948779	58.400280	255.248123	-227.620468	89.363495	148.242004	-1235.033338	-0.061603	0.147335	0.523140	-0.177519	0.280584	0.226028	0.620670	1.295341	3.244767	-1.554146	1.579122	3.464111	-0.006987	-0.001774	-0.012929	-0.005527	-0.002457	-0.022712	192.539307	1996.259155	-1262.985864	-44.601860	156.835373	-307.114902	258.103882	55.609482	120.750320	282.237183	-93.700378	54.653595	0.139061	-0.065057	0.073549	0.091280	-0.111117	0.054593	89.363495	148.242004	-1316.097259	8.423045	2.552186	6.558498	8.556537	3.270409	6.671833
796	Quinone	5	metabolite	metabolite			805	-17.875714	-33.426788	-28.828956	-6.501334	-12.157205	-10.484990	376.022064	7.614243	318.948779	31.427038	134.798737	227.620468	376.022064	7.614243	-1170.031583	0.038808	-0.206156	0.368421	0.171059	-0.235978	0.068491	0.865756	-1.446544	2.401022	2.047316	1.863381	-2.952218	-0.011573	-0.001211	0.008717	-0.014246	-0.001815	0.008648	2678.472412	760.143677	1262.985864	515.700378	-0.490609	307.114902	41.478672	-33.361240	256.227661	-6.746724	84.842697	423.779694	0.080289	0.047138	0.134275	0.089895	0.069109	0.163374	376.022064	7.614243	-1303.245953	12.763542	2.564706	6.274753	10.856030	2.910864	5.932315
797	spermidine	5	metabolite	metabolite			105	35.529906	12.491940	-29.147508	12.922102	4.543275	-10.600846	237.655746	341.197601	318.948779	-255.374008	-53.949158	227.620468	237.655746	341.197601	-1170.031583	-0.171020	-0.424174	-0.435915	0.136276	-0.583349	0.295963	-0.655213	-3.647167	-2.315891	4.011229	-0.369302	-4.692762	-0.007939	-0.000109	0.000319	-0.009356	-0.000077	0.000073	2026.944092	3019.102051	1262.985864	419.010315	360.892029	307.114902	25.349796	-289.191040	-62.192490	-237.933044	-134.985886	190.150223	-0.090191	-0.133686	-0.085106	-0.154818	-0.101303	0.010294	237.655746	341.197601	-1249.041662	6.880167	3.306341	8.856609	8.133218	3.036800	8.178074
798	12(S)-HPETE	1	metabolite	metabolite			83	-34.408104	14.691279	-29.466060	-12.514107	5.343167	-10.716702	77.475807	-202.313232	318.948779	-272.200745	147.548584	227.620468	77.475807	-202.313232	-1300.035093	-0.665685	0.121234	0.244337	-0.521885	-0.391701	-0.049953	-4.663719	0.472014	0.130918	4.974413	2.509892	2.429003	-0.006491	-0.000190	-0.011249	-0.006397	0.000237	-0.005296	-848.202271	-3064.207520	1262.985864	139.225388	-339.359619	307.114902	452.946564	-46.468369	23.812529	465.774200	-68.262619	263.070129	0.275738	0.094122	0.016932	0.280681	0.040722	-0.071748	77.475807	-202.313232	-1332.535970	7.221030	-0.423745	3.643145	7.854447	4.810056	3.979760
799	CTLA4	9	transcript	protein		370		-0.148820	-20.722227	-4.308964	-0.274009	-38.154043	-7.933723	-493.456543	-184.489212	-318.948779	63.866550	-180.562149	-227.620468	-493.456543	-184.489212	-1040.028074	0.526439	0.358415	-0.059258	0.270306	0.412290	-0.181532	2.175187	2.704719	-2.360285	-4.893360	-0.640730	0.038396	0.037388	-0.022304	0.005134	0.036037	-0.021341	0.012394	-2001.536987	-619.946411	-1262.985864	-505.885284	-169.072235	-307.114902	-318.730774	302.897003	-66.813202	-244.940903	90.409195	-273.629150	-0.210234	0.025920	-0.017609	-0.204293	0.002682	-0.045250	-493.456543	-184.489212	-1325.645781	2.165062	0.102402	5.145768	1.595917	2.650247	4.656876
800	IMPDH1	1	transcript	protein		400		14.093839	15.164809	-4.403667	25.949765	27.921651	-8.108090	-604.862793	-152.226456	-318.948779	-24.305244	-289.766785	-227.620468	-604.862793	-152.226456	-1300.035093	0.850471	0.422089	-0.071273	0.456838	0.402329	-0.392257	1.580256	2.686935	-5.411526	-6.198241	-3.276404	-0.582404	0.013231	0.003562	0.015440	0.011883	0.004008	0.012330	-2906.679199	149.363342	-1262.985864	-638.538757	-158.822754	-307.114902	-367.481995	260.216553	-214.468491	-258.561768	55.927795	-397.944702	-0.280260	0.152261	-0.104459	-0.248110	0.145770	-0.119499	-604.862793	-152.226456	-1332.535970	2.178956	0.091135	6.445687	0.899061	2.804970	5.629381
801	IGHV2-26	5	transcript	protein		55		-20.615734	-1.660172	-4.498369	-37.957967	-3.056731	-8.282458	-505.510681	-61.761646	-318.948779	-7.802932	-70.797211	-227.620468	-505.510681	-61.761646	-1170.031583	0.727484	0.064614	-0.152292	0.451673	0.266069	0.106175	4.574132	1.212633	-0.829186	-4.911257	1.715272	-1.618971	0.017000	0.014979	-0.003834	0.015002	0.015160	-0.002595	-993.657898	-624.029846	-1262.985864	-526.483643	-42.964981	-307.114902	-443.940796	88.674950	-96.817291	-344.939484	-122.577553	-277.840271	-0.308347	0.045006	-0.063862	-0.293735	0.035803	-0.090838	-505.510681	-61.761646	-1184.119931	0.467366	0.005184	5.814034	0.424752	1.543355	5.073327
802	H2BC14	5	transcript	protein		211		16.306396	-12.688780	-4.593072	30.023555	-23.362753	-8.456825	-511.424896	90.676979	-318.948779	228.835861	0.895655	-227.620468	-511.424896	90.676979	-1170.031583	0.516067	0.616850	-0.285803	0.239928	0.558128	0.236728	4.148614	3.756740	-0.069707	-6.190705	1.872272	0.035298	0.013157	0.043273	-0.032233	0.010884	0.042721	-0.022903	-1893.497925	1166.778320	-1262.985864	-517.838013	84.942101	-307.114902	-487.308685	63.313557	-158.203247	-444.719513	-98.614548	-286.446045	-0.321486	0.074944	-0.056288	-0.322532	0.064125	-0.073910	-511.424896	90.676979	-1263.559889	-0.325535	0.860448	5.614902	-0.054165	1.683381	4.218716
803	MYC	10	transcript	protein		109		-3.449125	20.350143	-4.687774	-6.350575	37.468957	-8.631193	-7.615285	72.018700	-318.948779	-77.246216	228.556198	-227.620468	-7.615285	72.018700	-1007.527197	-0.116189	0.211105	0.061445	-0.092613	0.214253	-0.151278	-0.897370	1.367386	-0.327733	-1.312310	-0.925246	1.890617	-0.006239	-0.004656	-0.016288	-0.004776	-0.006992	-0.029327	-275.548584	739.376221	-1262.985864	-26.517349	179.218353	-307.114902	212.802094	70.056709	-23.195915	299.921753	-3.645754	-94.557037	0.074336	-0.056385	-0.052134	0.036687	-0.100313	-0.084796	-7.615285	72.018700	-862.252926	7.137371	2.454590	5.558546	7.307377	4.594660	6.377348
804	YWHAZ	5	protein	protein	111			-11.191248	-17.317156	-4.782477	-20.605477	-31.884580	-8.805560	47.007217	185.867828	-318.948779	-49.306705	260.248566	-227.620468	47.007217	185.867828	-1170.031583	-0.339937	0.201543	0.190425	-0.235984	0.186129	-0.001785	-1.636706	1.456059	1.607136	-0.484834	-0.220023	3.219418	-0.008076	-0.002261	-0.015322	-0.006521	-0.003706	-0.025329	-57.985466	1878.115479	-1262.985864	12.758098	210.733582	-307.114902	273.616882	17.681353	82.126358	318.688995	-59.822788	-4.495135	0.075374	-0.073471	0.015545	0.063090	-0.099342	-0.002700	47.007217	185.867828	-1225.222589	8.075845	2.705805	7.609045	8.397573	2.623848	7.076278
805	GRK6	5	transcript	protein		269		19.928173	5.203944	-4.877179	36.692021	9.581572	-8.979928	-593.343933	-18.299898	-318.948779	-87.839066	-199.084625	-227.620468	-593.343933	-18.299898	-1170.031583	0.800911	0.009474	-0.333474	0.596594	0.255975	0.030163	5.042297	0.801910	-2.634956	-5.735254	0.445044	-3.098426	0.020039	0.028871	0.030446	0.017975	0.029520	0.022436	-3195.573242	800.325195	-1262.985864	-638.224365	-19.181273	-307.114902	-414.140015	123.865189	-251.170898	-350.865173	-70.473076	-399.790955	-0.284013	0.092863	-0.134701	-0.260250	0.097930	-0.142668	-593.343933	-18.299898	-1261.165050	1.114433	0.004964	6.756185	-0.023810	2.235512	5.609300
806	N-Acetylaspartylglutamylglutamate	1	metabolite	metabolite			423	19.189361	20.647533	-38.385516	6.979103	7.509435	-13.960677	294.163086	168.068619	318.948779	-151.965378	-500.117798	227.620468	294.163086	168.068619	-1300.035093	0.059029	-0.754792	-0.408386	0.422680	-0.881736	-0.393677	-0.289991	-5.679405	-1.205733	7.446743	-6.467161	-3.585811	-0.005244	0.000310	0.002083	-0.004041	0.000609	-0.004070	-2570.699463	-198.032745	1262.985864	-232.136047	310.588776	307.114902	-22.818348	-327.713104	-9.034492	67.810822	-415.452728	-263.433990	0.139452	-0.137525	-0.098978	0.262489	0.149568	-0.175230	294.163086	168.068619	-1332.535970	12.080190	1.262344	7.242394	10.328886	3.717454	9.794359
807	CARD9	3	protein,transcript	protein	113	140		-18.189598	9.613475	-4.971882	-33.490933	17.700460	-9.154295	-584.170776	79.277824	-318.948779	-124.293976	-310.319946	-227.620468	-584.170776	79.277824	-1235.033338	0.474348	-0.158501	-0.748814	0.724496	0.102285	0.093331	4.242725	-1.974799	-3.870322	-4.589496	-0.011053	-5.742266	0.008198	0.020109	0.018659	0.006778	0.020572	0.012372	-1955.486328	2617.614258	-1262.985864	-682.238037	56.480167	-307.114902	-331.265533	108.051590	-385.085571	-317.987305	-5.875849	-503.802826	-0.109013	0.159632	-0.241479	-0.056393	0.201112	-0.188576	-584.170776	79.277824	-1285.860221	1.637268	0.545715	6.809559	0.083364	2.930276	5.575097
808	BRMS1L	1	bridge	protein				-27.634584	12.442162	-9.461627	-22.613852	10.181634	-7.742611	-34.181030	224.559952	0.000000	-232.137650	-20.197824	0.000000	-34.181030	224.559952	-1300.035093	-0.295612	-0.173733	-0.619990	-0.424734	0.012036	0.563775	-2.484382	-2.652690	-3.448023	1.370530	-4.966710	-4.972048	-0.006032	-0.000236	-0.003754	-0.005362	0.000042	-0.006580	-3138.894043	-515.574768	0.000000	-96.994080	-274.564178	0.000000	208.600052	-300.509949	29.380360	198.337463	-415.098450	193.256042	0.000584	-0.229724	-0.075573	0.092096	-0.295040	0.041891	-34.181030	224.559952	-1332.535970	6.696588	0.338907	7.224617	6.953883	2.332351	7.984292
809	2-Oxoadipate	0	metabolite	metabolite			325	2.523309	-4.885957	-47.304972	0.917718	-1.777005	-17.204652	1114.574019	-739.661421	318.948779	833.150940	-414.974635	227.620468	1114.574019	-739.661421	-1332.535970	0.649048	-0.688013	-1.493495	0.522458	-0.553823	-1.202204	4.300418	-4.558588	-9.895489	5.201640	-5.513914	-11.969249	0.040254	-0.043738	-0.097570	0.036808	-0.041080	-0.092588	4222.083375	-2884.284658	1262.985864	1073.380402	-705.165718	307.114902	-684.579139	-114.970172	-1043.522497	-724.201418	-129.349898	-1124.324069	-0.679205	-0.098142	-0.996264	-0.674709	-0.097492	-0.989669	1114.574019	-739.661421	-1332.535970	11.575695	-3.097285	-2.814000	10.976246	-1.213063	-2.795212
810	SLC1A3	1	transcript	protein		321		6.910861	-19.353804	-5.066584	12.724370	-35.634484	-9.328663	-647.168030	132.573135	-318.948779	-146.733047	-192.385437	-227.620468	-647.168030	132.573135	-1300.035093	0.888191	0.110171	-0.727134	0.803192	0.339015	0.162016	6.616001	0.207147	-3.698026	-7.155302	0.211907	-4.903667	0.007290	0.024267	0.014283	0.005582	0.024320	0.008497	-3109.082520	301.718536	-1262.985864	-714.017578	108.097206	-307.114902	-410.962555	64.109688	-402.696564	-397.844696	-98.765938	-501.882538	-0.244996	0.196192	-0.265024	-0.227144	0.219560	-0.247151	-647.168030	132.573135	-1332.535970	0.813252	0.174452	7.082390	-0.437784	2.288337	5.763672
811	Hexadecenal	1	metabolite	metabolite			647	15.343146	-33.844715	-29.784612	5.580248	-12.309204	-10.832559	-136.639053	182.521423	318.948779	316.086731	-214.430405	227.620468	-136.639053	182.521423	-1300.035093	-0.568050	0.531030	-0.325207	-0.448897	-0.225787	-0.532389	-0.107700	3.388023	4.571189	1.729247	6.914511	1.474537	-0.004554	0.000062	-0.009977	-0.004668	0.000428	-0.007298	-968.479309	2599.509766	1262.985864	-207.382690	243.125504	307.114902	354.942505	148.394104	-225.486328	514.132812	216.622910	-81.777184	0.291775	0.033043	-0.177869	0.350459	0.006239	-0.130118	-136.639053	182.521423	-1332.535970	9.730964	0.511733	4.801553	8.717937	2.634647	4.318090
812	Prostaglandin G2	0	metabolite	metabolite			639	0.000000	0.000000	-47.623524	0.000000	0.000000	-17.320508	1286.916268	-381.789053	318.948779	908.447505	-208.099021	227.620468	1286.916268	-381.789053	-1332.535970	-0.013111	0.895814	-1.523974	-0.010554	0.721095	-1.226739	-0.086870	5.935421	-10.097438	-0.105076	7.179285	-12.213519	-0.002434	0.058369	-0.099535	-0.003179	0.054564	-0.094429	4889.121303	-1499.166127	1262.985864	1238.948307	-361.360421	307.114902	588.105989	-395.436423	-1068.333401	663.561012	-435.176153	-1151.378396	0.537551	-0.366283	-1.019984	0.533993	-0.363858	-1.013232	1286.916268	-381.789053	-1332.535970	7.541311	6.552608	-2.999704	7.036100	8.211422	-2.976578
813	TLR6	7	transcript	protein		267		7.968300	18.917381	-5.161287	14.671341	34.830937	-9.503030	-494.965790	-240.136139	-318.948779	-22.423557	-150.602295	-227.620468	-494.965790	-240.136139	-1105.029829	0.572590	0.118969	0.082397	0.318267	0.251203	-0.177846	2.869101	1.173910	-1.892277	-4.074822	0.187756	-0.891071	0.029777	-0.013972	0.009766	0.028262	-0.013242	0.011632	-1445.601074	-1259.921265	-1262.985864	-515.270447	-212.965683	-307.114902	-349.038300	234.550629	-67.310608	-226.011078	-1.200180	-281.711304	-0.236516	0.002371	-0.038812	-0.226177	-0.015817	-0.076890	-494.965790	-240.136139	-1249.647950	2.689543	-0.404328	6.422009	1.496735	2.289721	5.772565
814	Succinate	30	metabolite	metabolite			1057	11.468169	35.075356	-30.103164	4.170933	12.756784	-10.948415	467.882141	-45.995125	318.948779	33.947189	124.013855	227.620468	467.882141	-45.995125	-357.509650	0.016026	-0.238466	0.226826	0.044809	-0.290542	0.008595	0.598073	-1.261164	1.550707	2.227584	1.380984	-1.566453	-0.013046	-0.001193	0.015263	-0.017671	-0.002173	0.015860	2635.558105	-1324.483887	1262.985864	584.119385	-36.360527	307.114902	-25.996658	-81.683647	284.572021	-70.680679	110.676659	460.154297	0.034047	0.053720	0.162141	0.037958	0.100332	0.193177	467.882141	-45.995125	-987.219855	13.342609	3.113926	6.599654	11.911285	3.145176	5.761588
815	Oxalosuccinate	1	metabolite	metabolite			398	-31.920938	-17.988133	-30.421716	-11.609533	-6.542221	-11.064271	522.784912	-32.508469	318.948779	90.129898	95.862503	227.620468	522.784912	-32.508469	-1300.035093	0.153566	-0.435286	0.242449	0.159142	-0.360153	0.139002	1.183713	-2.581891	0.712923	2.544129	1.468104	-2.713737	-0.009422	-0.000552	0.011183	-0.012802	-0.001233	0.010461	2871.091553	-1138.193481	1262.985864	592.802856	9.803435	307.114902	-82.661064	-130.987640	298.911102	-158.131836	101.019928	485.342773	-0.015309	0.068289	0.231360	-0.012094	0.120593	0.261139	522.784912	-32.508469	-1332.535970	11.520659	3.632636	6.648887	11.140027	4.208024	6.316602
816	6-Thioxanthine 5'-monophosphate	2	metabolite	metabolite			790	35.428406	-8.237959	-30.740268	12.885187	-2.996117	-11.180127	468.064972	-135.799133	318.948779	114.173782	-51.056515	227.620468	468.064972	-135.799133	-1267.534215	0.060991	-0.529770	-0.083542	0.046766	-0.353603	0.282974	0.284471	-3.138762	-0.429950	3.084470	-0.800069	-2.677481	-0.008678	-0.000317	0.009626	-0.011845	-0.000963	0.008672	1084.934204	-1187.746948	1262.985864	526.516602	-172.538574	307.114902	-140.811646	-276.685242	182.973328	-212.308105	-7.543528	414.847870	0.005642	-0.064545	0.221805	0.061663	0.032678	0.275148	468.064972	-135.799133	-1295.443008	12.096060	1.468086	7.763746	10.771070	3.452655	9.923624
817	FCN3	4	protein,transcript	protein	462	498		-18.632233	-8.556545	-5.255989	-34.305919	-15.754425	-9.677398	230.712296	77.477280	-318.948779	-215.363052	264.519623	-227.620468	230.712296	77.477280	-1202.532461	-0.033656	-0.223706	-0.271928	-0.075463	0.085060	0.191786	-1.239783	-2.298661	-1.483437	-0.226330	-2.801642	-0.515888	-0.008486	-0.001456	0.001201	-0.007071	-0.002116	-0.008653	1078.711792	-1484.136230	-1262.985864	192.686890	81.828339	-307.114902	35.731754	-45.717304	38.423916	108.674576	-36.870304	56.195114	0.088714	0.056626	0.058722	0.106751	0.066099	0.017500	230.712296	77.477280	-1272.181786	8.773394	1.262617	7.486500	9.675184	2.290628	6.191473
818	HCST	7	protein,transcript	protein	234	280		19.495358	-6.269060	-5.350692	35.895116	-11.542677	-9.851765	-519.078613	-250.208160	-318.948779	-48.677849	-154.970230	-227.620468	-519.078613	-250.208160	-1105.029829	0.734101	0.155470	0.009382	0.424498	0.331083	-0.152736	4.042088	1.359912	-2.151483	-5.126725	0.747645	-1.427721	0.027444	-0.008837	0.012634	0.025771	-0.008102	0.012906	-1387.191406	-1368.947388	-1262.985864	-540.752869	-227.679901	-307.114902	-383.421478	214.151886	-74.294456	-250.058487	-27.487219	-288.294342	-0.270263	0.003279	-0.048297	-0.255088	-0.010288	-0.087234	-519.078613	-250.208160	-1289.744485	2.656965	-0.423111	6.579958	1.400188	2.295737	5.848544
819	Phosphatidylcholine	7	metabolite	metabolite			1185	-20.405614	29.781884	-31.058820	-7.421450	10.831567	-11.295984	155.603119	-95.162445	318.948779	-138.431137	50.144806	227.620468	155.603119	-95.162445	-1105.029829	-0.372542	-0.069074	0.044304	-0.319170	-0.266532	0.032080	-2.086818	-0.340396	0.981627	3.235279	1.691957	0.651794	-0.011736	-0.001591	-0.005387	-0.014088	-0.001551	0.005884	-191.211212	-2431.805664	1262.985864	255.291229	-186.565460	307.114902	268.844147	-105.463760	34.958813	218.203079	29.292774	277.918518	0.126164	0.026256	0.025305	0.134795	0.040180	0.025629	155.603119	-95.162445	-1080.195269	7.366972	-0.586627	3.964061	8.063068	4.392571	3.760785
820	CSDC2	1	transcript	protein		339		-17.024448	-4.623566	-11.695760	-31.345643	-8.512972	-21.534390	-158.309387	1149.803223	-318.948779	346.732788	574.917542	-227.620468	-158.309387	1149.803223	-1300.035093	0.856891	-0.385397	1.615413	0.689763	-0.310229	1.300343	3.182610	-1.113097	10.703284	3.849578	-1.346365	12.946330	0.029378	-0.010213	0.102856	0.026620	-0.009677	0.095153	-721.764404	4311.178223	-1262.985864	-225.796890	1054.673096	-307.114902	880.074219	516.180298	-202.863495	948.332275	540.455322	-160.194489	0.769262	0.369293	-0.257021	0.751616	0.385807	-0.241221	-158.309387	1149.803223	-1332.535970	12.842029	-1.253515	16.127851	9.972363	-0.705994	15.704183
821	HIF1A	6	protein	protein	56			-10.128213	17.769834	-5.445394	-18.648201	32.718057	-10.026133	90.993370	134.604630	-318.948779	-136.786026	246.895737	-227.620468	90.993370	134.604630	-1137.530706	-0.234265	0.118285	0.092853	-0.195025	0.185924	-0.111619	-1.857709	0.997199	-0.172853	-0.635103	-1.657125	2.170137	-0.008363	-0.003223	-0.012986	-0.006508	-0.005310	-0.029479	426.997101	1185.241943	-1262.985864	36.299065	208.653824	-307.114902	211.734543	-15.389539	42.928005	325.779572	-62.732292	-54.037872	0.061360	-0.077590	-0.005339	0.043135	-0.105836	-0.032832	90.993370	134.604630	-1212.291199	7.353513	1.293862	6.901768	7.412910	3.306156	7.073492
822	[Protein]-(3S)-3-hydroxy-L-histidine	2	metabolite	metabolite			904	-5.032069	-35.470253	-31.377372	-1.830146	-12.900406	-11.411840	502.162598	-57.669334	318.948779	54.477516	133.253281	227.620468	502.162598	-57.669334	-1267.534215	0.073791	-0.301766	0.290850	0.117092	-0.288128	0.045945	0.853170	-2.005585	1.691704	2.484220	1.325765	-2.285204	-0.011403	-0.000871	0.013939	-0.015494	-0.001732	0.013707	2659.150635	-1349.520386	1262.985864	602.582581	-35.290710	307.114902	-39.545673	-108.708321	304.883789	-105.759239	99.681252	486.781036	0.019127	0.058054	0.205379	0.021531	0.110479	0.233676	502.162598	-57.669334	-1332.535970	13.503331	3.235464	6.772179	12.100236	3.234443	5.793076
823	MTOR	7	protein	protein	197			-4.529479	-19.919617	-5.540097	-8.339737	-36.676267	-10.200501	-94.606827	-15.790198	-318.948779	-7.530425	176.112152	-227.620468	-94.606827	-15.790198	-1105.029829	0.069547	0.236232	-0.165065	0.077901	0.270432	0.077018	0.914058	1.699912	0.145147	-2.652101	-0.479712	0.406792	-0.003739	-0.001831	-0.015967	-0.002036	-0.002440	-0.024713	-29.586775	-421.388855	-1262.985864	-127.428223	31.880499	-307.114902	143.263153	71.135376	-120.974960	173.974503	-108.862579	-131.937927	0.066920	-0.055206	-0.065297	0.050666	-0.065978	-0.054774	-94.606827	-15.790198	-1144.591371	9.836636	0.736119	3.359927	6.563472	2.788677	4.614494
824	NECTIN2	2	bridge	protein				-8.693611	-1.713354	-30.487465	-7.114130	-1.402066	-24.948414	23.857683	79.067535	0.000000	493.888950	-790.004475	0.000000	23.857683	79.067535	-1267.534215	-0.171071	0.300829	0.411692	-0.229149	0.378598	-0.554068	-2.691111	2.240535	-0.422962	-1.731476	-2.697591	6.043428	-0.006495	-0.002124	-0.014002	-0.003815	-0.001206	-0.011787	-1064.024902	595.181641	0.000000	-17.324364	374.537872	0.000000	311.076233	84.222443	5.649618	494.853241	-20.719650	-190.573883	0.147958	-0.021147	-0.076960	0.089531	-0.156882	-0.195822	23.857683	79.067535	-1322.496758	7.615789	2.484019	5.204600	7.579966	4.923533	6.089816
825	ART4	0	transcript	protein		227		4.822923	2.088683	-20.503093	8.880031	3.845710	-37.750570	1065.139246	-807.477714	-318.948779	772.990655	-518.031849	-227.620468	1065.139246	-807.477714	-1332.535970	-0.559562	-0.629060	-1.554454	-0.450425	-0.506369	-1.251273	-3.707503	-4.167983	-10.299387	-4.484470	-5.041451	-12.457789	-0.037663	-0.039937	-0.101500	-0.036178	-0.037520	-0.096269	4030.749744	-3146.762604	-1262.985864	1025.888787	-770.316321	-307.114902	-120.664747	610.495761	-1093.144304	-109.297393	661.713298	-1178.432723	-0.140072	0.595443	-1.043705	-0.139145	0.591501	-1.036796	1065.139246	-807.477714	-1332.535970	4.211915	-2.738099	-3.185409	3.784474	-0.862268	-3.157945
826	UDP-glucose	3	metabolite	metabolite			917	27.452864	22.576729	-31.695924	9.984510	8.211077	-11.527696	192.266190	-155.169098	318.948779	-32.976040	-173.689819	227.620468	192.266190	-155.169098	-1235.033338	-0.158886	-0.235786	-0.289162	-0.076235	-0.333959	-0.204437	-2.023410	-2.203197	-0.572849	3.411671	2.080382	-0.100278	-0.009420	-0.001515	0.000962	-0.012429	-0.001599	0.003488	701.550354	-1788.756348	1262.985864	277.444550	-224.715790	307.114902	7.282276	-68.130432	-85.571205	5.655973	176.166183	108.136131	0.004869	0.057631	-0.058388	0.041068	0.127977	-0.012540	192.266190	-155.169098	-1322.593609	9.582178	0.128308	7.156799	8.838187	1.308897	4.965345
827	CR1	4	protein	protein	250			16.774095	11.613732	-5.634799	30.884689	21.383360	-10.374868	213.593277	-10.807434	-318.948779	-192.122223	221.467773	-227.620468	213.593277	-10.807434	-1202.532461	0.069884	-0.141977	-0.064834	-0.006830	0.061166	0.048801	-0.178942	-1.195645	-0.879513	-0.478839	-1.369616	-0.171184	-0.008934	-0.002634	0.000331	-0.006506	-0.004244	-0.016168	1018.507812	-1422.691284	-1262.985864	118.088890	41.537849	-307.114902	24.612572	-63.969589	38.333733	127.402504	12.971661	1.692248	0.043128	-0.000300	0.056919	0.070602	0.008573	0.015192	213.593277	-10.807434	-1061.929121	8.958654	0.898195	7.358631	9.457712	2.128909	6.065285
828	PRLR	1	transcript	protein		32		12.839083	-10.658144	-13.021595	23.639492	-19.623917	-23.975536	512.799194	-944.862183	-318.948779	-106.394478	-807.495911	-227.620468	512.799194	-944.862183	-1300.035093	0.884335	-0.239480	1.371577	0.711854	-0.192772	1.104065	5.859360	-1.586729	9.087694	7.087284	-1.919254	10.992167	0.055423	-0.014821	0.087137	0.051016	-0.013994	0.080428	2220.133301	-3845.967529	-1262.985864	540.965210	-962.317200	-307.114902	-488.911713	661.483093	481.814392	-558.857605	879.799377	524.732971	-0.551343	0.626598	0.479442	-0.559741	0.633720	0.480798	512.799194	-944.862183	-1332.535970	15.506877	-0.364476	14.642216	12.376304	1.455911	14.253250
829	SHBG	2	bridge	protein				-26.268001	-7.475253	-16.189895	-21.495554	-6.117127	-13.248468	67.699013	-34.882607	0.000000	264.137817	31.747461	0.000000	67.699013	-34.882607	-1267.534215	-0.339059	-0.015708	0.321396	-0.526737	-0.002630	-0.164964	-3.130296	0.071052	-0.064666	2.487991	1.007609	4.495956	-0.007665	-0.001950	-0.013429	-0.006244	-0.001119	-0.009612	996.470825	1179.842041	0.000000	102.671135	-120.353462	0.000000	341.147034	-23.007799	-0.622758	431.648163	-15.376037	114.953514	0.179866	0.018655	-0.010733	0.182119	0.022539	-0.071038	67.699013	-34.882607	-1324.104011	7.330805	-0.236102	4.450981	8.005657	4.301852	4.328608
830	YIPF3	4	protein	protein	147			-20.187511	2.763554	-5.729502	-37.169516	5.088292	-10.549236	-86.768692	28.009069	-318.948779	50.823013	218.944260	-227.620468	-86.768692	28.009069	-1202.532461	-0.072415	0.370492	-0.075153	-0.035099	0.307735	0.180728	0.892386	2.131345	1.747245	-2.240887	1.705088	1.836557	-0.005106	-0.000617	-0.017919	-0.003713	-0.000620	-0.024401	-539.891663	965.503906	-1262.985864	-126.401321	69.225533	-307.114902	195.431381	85.702522	-85.585197	208.593597	-100.005966	-55.692371	0.073746	-0.068649	-0.043223	0.041190	-0.086098	-0.026737	-86.768692	28.009069	-1252.214621	9.657902	0.461549	3.718765	6.698656	2.355428	4.382753
831	FXR1	3	protein	protein	54			13.001722	-15.653558	-5.824204	23.938945	-28.821542	-10.723603	-29.841162	203.132431	-318.948779	-205.351257	134.862106	-227.620468	-29.841162	203.132431	-1235.033338	-0.017948	0.522798	-0.058946	0.133613	0.232901	-0.412113	-1.818881	0.625519	-3.982785	-2.928419	-4.316834	-0.369358	-0.004778	-0.001323	-0.012147	-0.003530	-0.001650	-0.017553	-285.094238	1725.607056	-1262.985864	-99.608498	195.630173	-307.114902	257.191711	71.751709	-107.863548	262.345734	-27.839157	-274.640167	0.173766	0.039875	-0.058297	0.119269	0.045048	-0.140430	-29.841162	203.132431	-1319.837616	6.813107	1.187765	6.034274	7.316103	3.871590	7.130092
832	L-Citrulline	3	metabolite	metabolite			485	-35.207008	1.881469	-32.014476	-12.804665	0.684284	-11.643552	382.738037	45.131786	318.948779	-17.238029	-15.824947	227.620468	382.738037	45.131786	-1235.033338	-0.138615	-0.555776	-0.079258	-0.150798	-0.366860	0.300902	-0.140801	-3.645972	0.489124	3.749147	0.331428	-2.923789	-0.013238	-0.001360	0.015768	-0.017631	-0.002185	0.016598	1131.984497	-148.089005	1262.985864	461.313232	1.475283	307.114902	-3.121226	-251.379913	152.561188	-85.616867	44.135860	374.488983	-0.021574	-0.064609	0.130874	0.008276	-0.000585	0.181798	382.738037	45.131786	-1331.643054	11.421286	1.124019	7.994359	10.214099	3.875773	8.407421
833	CD46	4	protein	protein	1397			0.985436	20.297671	-5.918907	1.814397	37.372345	-10.897971	-25.414318	89.628914	-318.948779	-168.905701	137.798553	-227.620468	-25.414318	89.628914	-1202.532461	0.214008	0.036179	0.038238	0.071338	0.114048	-0.140139	-0.470994	-0.046753	-1.908432	-1.482838	-1.976433	0.368160	-0.004900	-0.002822	-0.012643	-0.003834	-0.004028	-0.024436	-223.176331	1671.172241	-1262.985864	-75.051605	118.214813	-307.114902	175.184219	59.423992	-61.470421	213.857834	-53.254494	-181.956741	0.133281	-0.043079	0.003012	0.092125	-0.023462	-0.054583	-25.414318	89.628914	-1260.485037	6.961784	0.762850	6.079138	6.857708	3.252431	6.615657
834	L-Arginine	7	metabolite	metabolite			1114	24.485228	-24.960948	-32.333028	8.905191	-9.078209	-11.759408	388.391296	128.483215	318.948779	-83.310051	54.158936	227.620468	388.391296	128.483215	-1105.029829	-0.230531	-0.460338	0.103399	-0.152448	-0.429005	0.215851	-0.466298	-2.619701	1.687517	3.799227	1.275758	-1.985692	-0.014555	-0.001825	0.016301	-0.017772	-0.002409	0.015611	1593.111572	1932.515137	1262.985864	464.661041	80.258682	307.114902	58.374565	-208.247131	192.622681	-34.889549	127.595345	376.060730	0.014234	-0.048731	0.117225	0.002260	-0.003660	0.164413	388.391296	128.483215	-1313.617990	10.392993	2.916704	7.330904	9.769200	4.059943	8.049501
835	16(R)-HETE	1	metabolite	metabolite			1103	-1.183617	34.647848	-32.651580	-0.430478	12.601301	-11.875265	82.242836	-201.116379	318.948779	-275.756989	144.078720	227.620468	82.242836	-201.116379	-1300.035093	-0.690669	0.066809	0.198712	-0.506210	-0.393716	-0.107650	-4.669384	0.433537	0.048796	4.917481	2.665109	2.377777	-0.006491	-0.000190	-0.011249	-0.006397	0.000237	-0.005296	-864.382263	-3041.748291	1262.985864	143.414017	-334.304260	307.114902	452.704712	-40.135696	18.116692	466.380798	-63.750385	259.339600	0.273833	0.099336	0.002041	0.268843	0.052965	-0.087170	82.242836	-201.116379	-1332.535970	7.220290	-0.385336	3.605645	7.917847	4.794069	4.011553
836	COL14A1	1	bridge	protein				6.199883	-3.775987	-30.907982	5.073471	-3.089955	-25.292530	233.698151	93.316467	0.000000	677.020900	-638.504550	0.000000	233.698151	93.316467	-1300.035093	0.040391	-0.421928	-0.465659	-0.346508	0.310354	0.571563	-1.928819	-3.711203	-2.072760	-0.797831	-7.447539	-1.577111	-0.006312	-0.000684	0.000171	-0.003860	-0.000095	-0.004545	1127.325195	-1543.844849	0.000000	217.787415	99.021210	0.000000	23.684460	-35.311127	25.793087	76.168510	-89.189796	44.331635	0.130160	0.101556	0.083766	0.187796	0.169448	-0.001198	233.698151	93.316467	-1332.535970	8.755180	1.278028	7.484448	9.657584	2.284161	6.192764
837	DCAF13	2	bridge	protein				7.879524	30.495144	3.994909	6.447949	24.954697	3.269103	156.626068	164.540619	0.000000	-79.114388	120.816017	0.000000	156.626068	164.540619	-1267.534215	0.068568	-0.020184	0.547880	0.052766	0.099360	0.531083	-2.761536	1.953846	1.534560	0.633873	-5.801659	-0.466158	-0.006480	-0.002105	-0.006984	-0.005390	-0.000772	-0.009244	422.522400	-321.524719	0.000000	-13.890028	303.881500	0.000000	147.898361	31.298304	120.669144	97.321693	-246.324387	132.626038	0.073795	-0.147637	0.066865	0.027306	-0.175204	0.102619	156.626068	164.540619	-1319.829331	7.909680	1.437271	7.153638	7.072646	3.669467	6.742952
838	RING1	3	protein	protein	183			-14.417743	-14.281639	-6.013609	-26.546142	-26.295545	-11.072338	-27.989832	114.137550	-318.948779	-59.583355	227.895477	-227.620468	-27.989832	114.137550	-1235.033338	-0.031096	0.263044	0.077254	-0.026195	0.203841	-0.211477	-0.915817	1.421616	-1.247539	-1.751739	-1.171773	1.816776	-0.005554	-0.003974	-0.015399	-0.004495	-0.005758	-0.028166	-634.571228	693.058594	-1262.985864	-61.083622	214.200684	-307.114902	219.039993	112.481667	-29.391384	324.048706	-8.460925	-131.982056	0.071944	-0.032602	-0.076057	0.038031	-0.098232	-0.108212	-27.989832	114.137550	-1316.498735	7.439878	2.677801	5.777121	7.099856	5.108337	6.425336
839	L-Cysteine	12	metabolite	metabolite			239	-22.334720	-26.117632	-32.970132	-8.123059	-9.498891	-11.991121	408.852722	25.556210	318.948779	-20.054874	13.185882	227.620468	408.852722	25.556210	-942.525442	-0.122260	-0.360097	-0.054703	-0.109786	-0.354321	0.135436	-0.747451	-2.289835	0.476524	3.360357	-0.139978	-1.362537	-0.016680	-0.002141	0.022320	-0.022460	-0.003290	0.023969	2336.197754	193.840881	1262.985864	465.531067	-56.974972	307.114902	-47.733704	-168.918365	161.069717	-115.354248	113.109528	344.071350	-0.018232	0.011027	0.108101	0.004734	0.064571	0.150615	408.852722	25.556210	-1299.526868	10.696490	2.228414	8.476904	10.288655	1.874101	8.206622
840	L-2-Aminoadipate 6-semialdehyde	2	metabolite	metabolite			408	33.804935	4.133997	-33.288684	12.294736	1.503520	-12.106977	457.399719	-98.636734	318.948779	101.905159	7.229612	227.620468	457.399719	-98.636734	-1267.534215	0.164323	-0.435924	-0.126946	0.046215	-0.305391	0.284789	0.002546	-3.099642	-0.600348	2.879052	-0.541256	-2.942523	-0.010879	-0.000758	0.013631	-0.014743	-0.001542	0.012966	1595.477173	-691.363708	1262.985864	540.299622	-108.290268	307.114902	-108.423042	-234.279999	203.399963	-177.278656	19.424212	416.967438	-0.012884	-0.032573	0.201420	0.052512	0.044445	0.248841	457.399719	-98.636734	-1332.535970	12.189607	1.725325	7.985700	11.139890	3.142817	9.563807
841	Oxaloacetate	13	metabolite	metabolite			1461	-27.463363	19.604015	-33.607236	-9.988329	7.129911	-12.222833	318.217590	6.519900	318.948779	22.201424	-3.108725	227.620468	318.217590	6.519900	-910.024565	-0.036785	-0.235006	0.026600	-0.043922	-0.270128	0.079465	-0.185847	-1.411486	0.287892	2.337087	0.070906	-1.213065	-0.013471	-0.001986	0.012952	-0.018401	-0.002570	0.015937	1318.008057	-711.837891	1262.985864	410.238159	-60.960503	307.114902	2.049862	-125.632454	134.705109	-81.953659	49.457619	319.508514	0.023595	-0.003497	0.095681	0.034239	0.047888	0.139434	318.217590	6.519900	-939.761803	9.133020	1.569155	8.058551	10.081636	2.149626	6.858266
842	SPRED2	0	transcript	protein		66		-4.603918	1.592095	-20.597795	-8.476795	2.931386	-37.924938	1129.135577	-717.845275	-318.948779	809.879261	-458.454703	-227.620468	1129.135577	-717.845275	-1332.535970	0.778949	0.079865	-1.584933	0.627023	0.064288	-1.275808	5.161101	0.529165	-10.501335	6.242693	0.640060	-12.702060	0.048629	0.005766	-0.103465	0.044652	0.005290	-0.098110	4278.442810	-2799.846880	-1262.985864	1087.369582	-684.207111	-307.114902	-265.151595	-531.831511	-1117.955207	-266.848869	-583.904205	-1205.487050	-0.278209	-0.496684	-1.067425	-0.276368	-0.493396	-1.060359	1129.135577	-717.845275	-1332.535970	12.367147	1.581220	-3.371113	11.749210	3.356158	-3.339312
843	UNC13D	12	transcript	protein		412		20.250021	0.790686	-6.108312	37.284611	1.455822	-11.246706	-443.251282	-197.776062	-318.948779	114.162430	-117.759201	-227.620468	-443.251282	-197.776062	-942.525442	0.498048	0.457126	0.118205	0.204936	0.483832	0.018273	2.482128	3.271713	-1.012406	-4.921637	0.524173	0.655673	0.032606	-0.023942	-0.009419	0.031252	-0.023317	0.000505	-1673.953369	-962.423706	-1262.985864	-440.979492	-189.161804	-307.114902	-343.266418	270.300018	14.567107	-260.984589	49.344746	-204.553848	-0.229473	0.005971	0.033345	-0.233064	-0.031394	-0.006163	-443.251282	-197.776062	-1207.680408	1.534144	-0.174482	4.670831	1.494572	1.960359	4.249552
844	IGKV1-8	7	transcript	protein		45		-15.443867	13.077063	-6.203014	-28.435456	24.077664	-11.421073	-507.434692	-131.517822	-318.948779	98.515015	-212.027695	-227.620468	-507.434692	-131.517822	-1105.029829	0.453964	0.422596	-0.166918	0.295827	0.435087	-0.103441	2.259192	2.675624	-2.376959	-4.877167	-0.821508	-0.224333	0.036538	-0.015756	0.007699	0.035175	-0.014726	0.014806	-2150.806152	-355.373444	-1262.985864	-529.151489	-126.899483	-307.114902	-346.647034	300.417999	-97.103348	-292.797363	100.081940	-284.158813	-0.219574	0.052745	-0.016109	-0.211444	0.030363	-0.033385	-507.434692	-131.517822	-1322.201627	2.039407	0.446623	5.205547	1.114112	2.795182	4.420198
845	SNAI3	13	transcript	protein		86		2.550703	-20.045765	-6.297717	4.696389	-36.908531	-11.595441	-605.320984	-50.712582	-318.948779	-58.916870	-245.832382	-227.620468	-605.320984	-50.712582	-910.024565	0.656718	0.091582	-0.373073	0.539482	0.284566	-0.046804	3.682740	0.753916	-3.459424	-5.201855	-0.711108	-2.767016	0.028828	0.031794	0.045789	0.026680	0.032907	0.035767	-3123.092041	795.409180	-1262.985864	-652.560242	-59.199512	-307.114902	-390.109436	178.384613	-258.310577	-332.334839	-9.933523	-409.855652	-0.240628	0.095121	-0.120501	-0.218775	0.100758	-0.124425	-605.320984	-50.712582	-1231.607467	1.635954	0.086486	6.801335	0.272089	2.710580	5.667290
846	[Dihydrolipoyllysine-residue acetyltransferase] S-acetyldihydrolipoyllysine	1	metabolite	metabolite			349	6.941781	-32.693311	-33.925788	2.524701	-11.890442	-12.338690	329.961273	-69.067032	318.948779	-57.955986	-60.779133	227.620468	329.961273	-69.067032	-1300.035093	-0.270175	-0.458170	0.013385	-0.184592	-0.413611	0.013334	-1.372964	-2.676725	0.867402	3.955864	0.169290	-0.852122	-0.010254	-0.001000	0.010430	-0.013600	-0.001571	0.010708	2163.962158	-275.872711	1262.985864	416.119354	-160.634888	307.114902	-62.590065	-111.286926	80.207848	-86.987717	139.649689	254.726654	-0.017564	0.103799	0.052155	0.001347	0.151876	0.093296	329.961273	-69.067032	-1332.535970	9.792104	1.292387	8.665923	10.708364	1.525325	7.306093
847	UDP	11	metabolite	metabolite			488	16.799645	28.514858	-34.244340	6.109972	10.370754	-12.454546	203.764847	-134.392303	318.948779	-33.293606	-145.877121	227.620468	203.764847	-134.392303	-975.026320	-0.238019	-0.189939	-0.079184	-0.116223	-0.319545	-0.081795	-0.897376	-1.121404	1.357930	3.140009	0.896354	-0.250082	-0.011371	-0.001629	0.003347	-0.015431	-0.002005	0.007716	620.506836	-1794.374634	1262.985864	301.529510	-210.204300	307.114902	22.537479	-78.750946	-65.392792	1.576114	163.235489	142.885345	0.014444	0.043843	-0.038698	0.029879	0.097502	0.015367	203.764847	-134.392303	-1087.640033	9.855268	-0.078051	7.305020	8.794047	1.202142	4.992422
848	ASPH	11	protein	protein	193			11.642739	16.479794	-6.392419	21.436768	30.342817	-11.769808	230.576004	16.008940	-318.948779	-92.845322	141.425629	-227.620468	230.576004	16.008940	-975.026320	0.104508	-0.157846	0.187490	0.072233	0.033082	0.062659	0.824870	-0.862252	1.059765	-0.552094	0.731095	-0.297170	-0.008723	-0.000609	-0.000620	-0.006011	-0.000437	-0.014346	1247.602661	-1049.957886	-1262.985864	122.446754	103.934639	-307.114902	51.873253	-14.967142	167.095154	102.350166	-73.723679	41.355671	0.045101	-0.009740	0.110706	0.014099	-0.016123	0.063543	230.576004	16.008940	-674.772743	9.934003	2.397266	5.953084	9.733122	4.142555	6.273614
849	3-Methyl-2-oxobutanoic acid	2	metabolite	metabolite			614	-31.330779	-9.580649	-34.562892	-11.394894	-3.484448	-12.570402	549.459167	-48.169300	318.948779	98.771584	119.508850	227.620468	549.459167	-48.169300	-1267.534215	0.203430	-0.417402	0.182153	0.144985	-0.392656	0.144354	1.256234	-2.407203	1.214598	2.499119	1.112525	-2.868941	-0.010623	-0.000681	0.013716	-0.014482	-0.001490	0.012848	2948.306641	-1029.466309	1262.985864	623.558899	14.014006	307.114902	-90.567177	-152.707230	321.501465	-174.867554	106.347939	496.362152	-0.030735	0.046836	0.232070	-0.023610	0.113394	0.258332	549.459167	-48.169300	-1332.535970	11.526117	3.961592	6.453508	11.384962	4.528517	6.601560
850	IGLV9-49	5	transcript	protein		277		-19.687378	-4.280703	-6.487122	-36.248664	-7.881687	-11.944176	-471.878479	-194.095779	-318.948779	143.596527	-113.375717	-227.620468	-471.878479	-194.095779	-1170.031583	0.626721	0.532533	0.162922	0.220253	0.593354	0.061244	2.791969	4.426294	-1.195463	-6.058939	0.790604	1.149105	0.026797	-0.017867	-0.012036	0.025327	-0.017336	-0.002489	-1663.404297	-1160.376831	-1262.985864	-444.523193	-199.175049	-307.114902	-389.468781	248.755692	34.618015	-306.368103	25.303865	-187.331802	-0.267355	0.021753	0.057343	-0.269598	-0.023532	0.018528	-471.878479	-194.095779	-1313.666444	1.263921	-0.175011	4.781531	1.300395	1.864372	4.191191
851	Aryl thiol	3	metabolite	metabolite			737	29.267648	-13.953125	-34.881444	10.644541	-5.074702	-12.686258	381.644379	-48.634174	318.948779	-57.588982	-84.906967	227.620468	381.644379	-48.634174	-1235.033338	-0.186924	-0.453519	0.160580	-0.055436	-0.433502	-0.044540	-1.116476	-2.522204	1.284419	3.926228	-0.277043	-0.720554	-0.013354	-0.001488	0.016503	-0.015141	-0.001824	0.012547	2763.934082	-214.018326	1262.985864	460.500732	-189.209869	307.114902	-99.760338	-134.805511	121.494362	-127.567009	106.053513	252.471756	-0.020287	0.077283	0.094952	-0.002633	0.134027	0.125078	381.644379	-48.634174	-1332.535970	10.624145	1.463696	9.500391	11.123630	1.535859	7.633465
852	SH3PXD2B	2	transcript	protein		60		-14.174786	10.809701	-11.411652	-26.098807	19.902967	-21.011287	56.664379	950.924377	-318.948779	-632.636963	18.550154	-227.620468	56.664379	950.924377	-1267.534215	-0.384235	-0.112370	1.645892	-0.309293	-0.090453	1.324878	-2.545833	-0.744532	10.905233	-3.079353	-0.900561	13.190601	-0.026360	-0.006627	0.104821	-0.025590	-0.006318	0.096993	62.614590	3790.543945	-1262.985864	20.158102	968.063721	-307.114902	233.053314	916.089783	304.328033	308.747803	1006.544250	302.877991	-0.029859	0.868320	-0.025702	-0.040139	0.872647	-0.014059	56.664379	950.924377	-1332.486047	2.985915	1.734549	16.313555	2.587112	0.918641	15.885550
853	NFAM1	3	transcript	protein		90		17.381873	-10.126702	-6.581824	32.003738	-18.645419	-12.118543	-500.987122	-289.254852	-318.948779	-78.737152	-128.924911	-227.620468	-500.987122	-289.254852	-1235.033338	0.750915	0.078346	0.237618	0.464692	0.203415	-0.225387	4.670809	0.612255	-1.620246	-5.141990	2.201899	-0.365348	0.021511	-0.008422	0.007373	0.019894	-0.007912	0.007608	-1171.682373	-1464.573242	-1262.985864	-525.328674	-261.804321	-307.114902	-410.932709	196.661133	-41.133331	-249.876556	-70.333748	-267.762054	-0.303439	-0.032271	-0.030817	-0.288054	-0.051593	-0.080665	-500.987122	-289.254852	-1327.676770	2.786718	-0.635243	6.685318	1.565588	2.060714	5.824588
854	MRC1	7	transcript	protein		1254		-5.967085	19.178579	-6.676527	-10.986677	35.311857	-12.292911	-302.058441	-181.923309	-318.948779	50.895061	8.272317	-227.620468	-302.058441	-181.923309	-1105.029829	0.268234	0.330281	0.142445	0.058635	0.380464	-0.029506	1.254569	2.106840	-1.062095	-3.271587	-0.200441	0.657937	0.022114	-0.026432	-0.014770	0.021466	-0.026750	-0.012241	-733.833252	-430.536041	-1262.985864	-308.193481	-129.530563	-307.114902	-134.673508	282.017853	22.265369	-44.594139	57.200306	-179.333603	-0.095610	-0.072407	0.016551	-0.112761	-0.093709	-0.036668	-302.058441	-181.923309	-1246.195817	3.197061	-0.306116	4.309795	3.526313	2.696991	4.707813
855	C3	5	transcript	protein		147		-8.541487	-18.143689	-6.771229	-15.726701	-33.406404	-12.467278	-197.110458	-107.923965	-318.948779	5.714282	88.677948	-227.620468	-197.110458	-107.923965	-1170.031583	0.172934	0.169148	0.142605	-0.007572	0.277780	-0.021057	0.138890	0.778782	-1.336069	-1.951600	-1.233464	0.605850	0.009960	-0.018970	-0.017785	0.009986	-0.020079	-0.022280	-465.092224	-217.275543	-1262.985864	-210.035706	-47.736149	-307.114902	-17.079805	226.913773	28.960938	58.822681	72.838303	-149.948532	-0.025563	-0.085609	0.012308	-0.049272	-0.102301	-0.046571	-197.110458	-107.923965	-1114.626066	3.576388	-0.397364	4.135540	3.770226	2.781303	4.753103
856	XDH	6	bridge	protein				-26.451623	-17.191141	3.574392	-21.645816	-14.067805	2.924986	0.309240	228.066757	0.000000	-76.695419	163.085617	0.000000	0.309240	228.066757	-1137.530706	-0.357500	-0.230211	-0.250941	-0.089628	-0.114105	0.532448	-2.398135	-2.054467	1.293114	4.393664	-3.825856	-1.031572	-0.008671	-0.000724	-0.000122	-0.006579	0.000066	-0.006207	-3377.534424	-335.916718	0.000000	-246.304840	72.866409	0.000000	174.592346	-255.364090	100.212982	91.960876	-430.694733	181.671616	-0.052524	-0.144878	0.016246	-0.057956	-0.218612	0.107869	0.309240	228.066757	-1063.369934	6.498329	-0.074897	7.198332	7.510362	1.907052	7.665658
857	STIM1	2	transcript	protein		373		18.524296	7.596672	-6.865932	34.107183	13.987095	-12.641646	-225.295685	-161.650772	-318.948779	58.003071	88.542519	-227.620468	-225.295685	-161.650772	-1267.534215	0.110395	0.535590	0.399876	-0.152902	0.516226	0.062310	-0.634589	4.495188	-0.183870	-3.675668	0.168394	3.569758	0.007775	-0.015866	-0.015883	0.007353	-0.016775	-0.018014	-379.131714	-282.121277	-1262.985864	-229.136276	-100.905205	-307.114902	-36.265472	281.428619	67.237312	34.843491	110.105125	-156.330170	-0.011703	-0.164517	0.069011	-0.109514	-0.169359	-0.051859	-225.295685	-161.650772	-1332.535970	3.583655	-0.377112	4.209023	3.751440	2.800643	4.672900
858	7-[(3S)-(3-Amino-3-carboxypropyl)]wyosine in tRNA(Phe)	2	metabolite	metabolite			749	-12.026092	29.737744	-35.199996	-4.373847	10.815513	-12.802115	500.433075	-52.096394	318.948779	60.457531	125.502411	227.620468	500.433075	-52.096394	-1267.534215	0.134067	-0.339200	0.271571	0.087391	-0.394892	0.001624	1.094328	-2.006964	1.402844	2.566719	1.319354	-2.209324	-0.011403	-0.000871	0.013939	-0.015494	-0.001732	0.013707	2718.733643	-1329.509888	1262.985864	599.176941	-18.117832	307.114902	-53.387180	-105.997864	298.589722	-111.525795	101.201782	491.357788	0.015552	0.074567	0.201680	0.023532	0.122679	0.232608	500.433075	-52.096394	-1332.535970	13.577648	3.338370	6.919543	12.238539	3.388745	5.608944
859	QPCT	0	transcript	protein		334		2.119658	-3.915045	-20.692498	3.902743	-7.208434	-38.099306	1185.511540	-623.234202	-318.948779	842.267209	-396.315936	-227.620468	1185.511540	-623.234202	-1332.535970	-0.576177	0.428503	-1.615413	-0.463799	0.344928	-1.300343	-3.817591	2.839143	-10.703284	-4.617628	3.434131	-12.946330	-0.038734	0.028243	-0.105430	-0.037181	0.026344	-0.099950	4496.641805	-2433.661718	-1262.985864	1141.529546	-593.314963	-307.114902	544.755405	158.824790	-1142.766111	616.290631	169.201843	-1232.541377	0.496106	0.163621	-1.091146	0.492821	0.162538	-1.083923	1185.511540	-623.234202	-1332.535970	4.110682	3.705388	-3.556817	3.685606	5.430709	-3.520678
860	ARFIP2	2	protein	protein	88			-18.760003	6.900135	-6.960634	-34.541169	12.704622	-12.816014	-12.806081	118.511589	-318.948779	-20.797382	209.243240	-227.620468	-12.806081	118.511589	-1267.534215	0.061361	0.273467	0.283957	-0.015023	0.279156	-0.117455	-0.430446	2.112546	-0.490216	-2.194950	-0.801910	1.769659	-0.004897	-0.003184	-0.013641	-0.003926	-0.004535	-0.023334	-272.691162	1370.832031	-1262.985864	-55.406517	186.782379	-307.114902	224.911560	135.991287	9.614067	293.880798	-34.709106	-77.483917	0.089043	-0.004662	-0.043384	0.054125	-0.077583	-0.063728	-12.806081	118.511589	-1283.146061	7.575365	2.848062	5.639739	7.026561	5.221500	6.399086
861	dGDP	2	metabolite	metabolite			538	-11.096391	-29.720412	-35.518548	-4.035718	-10.809209	-12.917971	296.612244	-46.284534	318.948779	-86.385269	-55.950958	227.620468	296.612244	-46.284534	-1267.534215	-0.301603	-0.322264	0.158629	-0.198918	-0.355514	-0.001018	-1.711289	-2.217643	0.835107	3.831728	0.021918	-0.379920	-0.011950	-0.001603	0.009850	-0.015884	-0.002138	0.012208	1922.259888	-163.217499	1262.985864	375.064880	-143.879318	307.114902	1.980347	-87.486237	80.633873	-30.493088	120.298409	250.131973	0.003157	0.076043	0.035187	0.026035	0.104920	0.071154	296.612244	-46.284534	-1332.535970	9.940433	1.490422	8.470032	10.503002	1.691060	7.330120
862	IGHV3-49	7	transcript	protein		114		9.156820	-17.730620	-7.055337	16.859660	-32.645855	-12.990381	-486.130707	-167.437042	-318.948779	95.640480	-180.922882	-227.620468	-486.130707	-167.437042	-1105.029829	0.436142	0.470019	-0.099651	0.242214	0.477751	-0.110515	2.161128	3.051283	-1.935350	-4.927461	-0.529571	0.240820	0.037344	-0.022983	0.001728	0.036025	-0.022050	0.010436	-1962.832764	-621.118042	-1262.985864	-500.788361	-155.196579	-307.114902	-332.727936	307.259094	-57.004093	-262.563202	99.343010	-258.426636	-0.215167	0.034340	-0.002465	-0.211242	0.007344	-0.027521	-486.130707	-167.437042	-1326.168184	2.004375	0.223553	5.061717	1.548050	2.597454	4.457561
863	GPR183	17	transcript	protein		192		5.216075	19.226791	-7.150039	9.603907	35.400627	-13.164749	-429.200623	-186.596466	-318.948779	59.412590	-131.693634	-227.620468	-429.200623	-186.596466	-780.021056	0.404368	0.311071	-0.023410	0.217256	0.365785	-0.096427	2.139207	2.127008	-1.370846	-4.029893	0.246261	0.003998	0.036171	-0.025997	-0.001385	0.035034	-0.025320	0.006136	-1618.184937	-661.088928	-1262.985864	-445.084076	-157.274826	-307.114902	-280.054749	285.959198	-39.774094	-202.971649	71.586853	-244.576370	-0.176399	0.006532	-0.011575	-0.178282	-0.018978	-0.042353	-429.200623	-186.596466	-1150.285828	2.397264	-0.100004	4.863904	1.940617	2.496934	4.509994
864	JUP	2	protein	protein	194			-16.804746	-10.635517	-7.244742	-30.941125	-19.582256	-13.339116	83.162544	137.994827	-318.948779	-167.392319	242.796356	-227.620468	83.162544	137.994827	-1267.534215	0.064512	0.125637	0.512860	-0.264825	0.296578	-0.129882	-3.026631	0.544033	-2.346783	-1.273027	-3.175964	2.284840	-0.006021	-0.003106	-0.013196	-0.005113	-0.004845	-0.027785	355.359406	511.673920	-1262.985864	-25.461336	213.074173	-307.114902	184.623550	78.219048	56.647388	324.161163	-71.565033	-114.324753	0.125189	-0.140692	0.028691	0.069779	-0.164976	-0.050854	83.162544	137.994827	-1332.073941	7.865544	1.390759	6.979161	6.985882	3.694302	6.523950
865	NIBAN3	2	transcript	protein		193		19.541276	-3.503012	-7.339444	35.979660	-6.449792	-13.513484	-529.765808	-120.304810	-318.948779	50.552803	-219.420013	-227.620468	-529.765808	-120.304810	-1267.534215	0.610501	0.418121	-0.256610	0.397108	0.473901	-0.163672	2.456686	2.599953	-3.790213	-5.719977	-1.571001	-1.030178	0.027515	-0.003903	0.013766	0.026125	-0.003061	0.015656	-2558.864990	62.176426	-1262.985864	-552.117676	-121.748108	-307.114902	-338.549438	279.635406	-138.391495	-284.992859	82.943153	-321.473053	-0.226153	0.064731	-0.047112	-0.216417	0.049343	-0.063109	-529.765808	-120.304810	-1324.633031	2.053455	0.494822	5.357665	1.271724	2.800551	4.723568
866	SRC	2	transcript	protein		73		-12.021484	15.754916	-7.434147	-22.134119	29.008163	-13.687851	7.007949	177.427734	-318.948779	51.053669	368.301270	-227.620468	7.007949	177.427734	-1267.534215	-0.568607	0.187239	0.568656	-0.325079	0.091695	-0.673407	-4.666765	2.019222	2.013907	1.162072	-1.856094	7.190374	-0.005220	-0.000260	-0.011969	-0.004656	0.000133	-0.010360	1559.678467	2376.509521	-1262.985864	141.794891	446.526306	-307.114902	467.368347	90.327911	-25.602871	561.479309	-75.560555	-253.936249	0.281071	0.048343	-0.090745	0.157651	-0.142291	-0.282699	7.007949	177.427734	-1326.968650	8.285316	1.033716	4.568206	8.296985	3.845927	5.035221
867	DPP6	0	transcript	protein		365		0.968511	3.867077	-20.787200	1.783235	7.120114	-38.273673	1233.882030	-524.290783	-318.948779	869.977605	-331.954928	-227.620468	1233.882030	-524.290783	-1332.535970	0.121655	-0.633555	-1.645892	0.097927	-0.509986	-1.324878	0.806050	-4.197762	-10.905233	0.974971	-5.077470	-13.190601	0.006254	-0.040227	-0.107395	0.004959	-0.037792	-0.101791	4683.856209	-2050.708534	-1262.985864	1187.998713	-498.260763	-307.114902	-422.078108	189.355539	-1167.577014	-437.964815	202.493209	-1259.595704	-0.428240	0.192810	-1.114867	-0.425405	0.191534	-1.107486	1233.882030	-524.290783	-1332.535970	8.362407	-2.765482	-3.742522	7.838016	-0.889011	-3.702045
868	COL4A3	2	transcript	protein		518		18.981515	-0.828743	-9.328197	34.949021	-1.525892	-17.175202	-421.891205	763.051636	-318.948779	-488.497833	-353.208130	-227.620468	-421.891205	763.051636	-1267.534215	0.002079	-0.002425	1.769421	0.001673	-0.001952	1.424314	0.004948	0.028620	11.699168	0.005985	0.034618	14.150917	-0.001541	0.000896	0.112546	-0.002342	0.000728	0.104229	-1765.550903	3425.739990	-1262.985864	-465.478241	837.477966	-307.114902	247.535843	-424.612457	-799.901550	277.918060	-469.156464	-903.439453	0.233988	-0.154649	-0.596151	0.215450	-0.136516	-0.583060	-421.891205	763.051636	-1331.537505	7.620655	1.098083	17.039499	7.107920	2.862976	16.629478
869	GPR37L1	2	protein	protein	211			-1.774814	-19.701941	-7.528849	-3.267811	-36.275478	-13.862219	-66.663216	-46.984116	-318.948779	-203.685104	86.421326	-227.620468	-66.663216	-46.984116	-1267.534215	0.247758	0.077605	0.303626	0.156272	0.083853	-0.302152	-1.116315	1.214166	-2.645528	-2.009421	2.616200	1.034234	-0.004474	-0.001778	-0.007464	-0.003659	-0.003126	-0.014826	1452.290161	-2019.535767	-1262.985864	-91.776276	-15.242802	-307.114902	142.392715	-73.839539	-158.504929	169.711456	-140.086639	-131.325073	0.108266	-0.095075	-0.123650	0.119700	-0.136818	-0.003411	-66.663216	-46.984116	-1295.443008	8.296594	-0.335197	6.222288	6.968845	2.046556	5.643319
870	Fumarate	8	metabolite	metabolite			1062	27.937054	14.255640	-35.837100	10.160608	5.184726	-13.033827	421.975525	19.434046	318.948779	-18.246202	107.066505	227.620468	421.975525	19.434046	-1072.528951	-0.158079	-0.303455	0.264385	-0.019294	-0.380174	-0.049371	-0.575474	-1.743051	1.903436	3.393916	0.488716	-0.790056	-0.011886	-0.001169	0.011089	-0.015387	-0.001858	0.011184	2371.525146	-1445.616333	1262.985864	530.037292	-103.769997	307.114902	6.929718	-24.741297	249.666122	-20.609285	145.903259	395.128082	0.044351	0.088564	0.121875	0.060388	0.127859	0.152501	421.975525	19.434046	-1166.295396	12.983811	2.827788	6.160332	10.918680	2.554989	6.177141
871	FHIP2A	0	transcript	protein		97		-2.883929	-1.905014	-20.881903	-5.309930	-3.507538	-38.448041	1273.916628	-421.690903	-318.948779	892.859106	-265.723195	-227.620468	1273.916628	-421.690903	-1332.535970	0.294243	0.477862	-1.676372	0.236854	0.384660	-1.349412	1.949574	3.166181	-11.107182	2.358139	3.829705	-13.434871	0.017380	0.031425	-0.109360	0.015382	0.029325	-0.103632	4838.807158	-1653.603286	-1262.985864	1226.459650	-399.693829	-307.114902	194.759520	-405.122097	-1192.387918	234.647811	-445.737615	-1286.650031	0.161491	-0.375543	-1.138587	0.160422	-0.373057	-1.131050	1273.916628	-421.690903	-1332.535970	9.413948	4.006120	-3.928226	8.864994	5.724415	-3.883411
872	TEKT5	4	protein	protein	28			14.590337	13.304268	-7.623552	26.863924	24.495996	-14.036586	-11.197824	148.247589	-318.948779	39.305622	222.216583	-227.620468	-11.197824	148.247589	-1202.532461	0.079221	0.227049	0.296834	0.004743	0.253720	0.151521	1.101191	1.526630	1.005963	-2.250133	-1.633045	1.041151	-0.005276	-0.003514	-0.015534	-0.004116	-0.004448	-0.026139	-5.975172	1936.130005	-1262.985864	-104.308334	167.301559	-307.114902	208.380386	77.007874	94.803299	234.794312	-142.120987	10.025714	0.065996	-0.093033	0.044215	0.034328	-0.116539	0.039104	-11.197824	148.247589	-1258.417437	8.347433	2.560200	6.708879	8.379017	2.977377	6.800437
873	CXCR4	7	transcript	protein		82		-19.708538	0.045393	-7.718254	-36.287626	0.083579	-14.210954	-136.496445	-11.644438	-318.948779	52.033878	161.738052	-227.620468	-136.496445	-11.644438	-1105.029829	-0.010432	0.298448	-0.131246	0.076474	0.341373	0.157943	1.004521	1.770229	1.344154	-3.165919	1.920477	1.318664	-0.003538	0.004091	-0.021070	-0.001227	0.005830	-0.024363	-477.461334	288.627228	-1262.985864	-194.192520	49.292877	-307.114902	123.460350	71.199303	-134.780624	94.150444	-99.303299	-127.907730	0.017668	-0.025797	-0.076101	-0.025655	-0.049732	-0.076063	-136.496445	-11.644438	-725.861161	9.295045	0.351749	3.949461	7.097356	2.641104	4.220295
874	Linoleate	4	metabolite	metabolite			254	-29.875007	8.261525	-36.155652	-10.865435	3.004687	-13.149683	107.620598	-124.121689	318.948779	-160.946106	59.351990	227.620468	107.620598	-124.121689	-1202.532461	-0.544700	-0.031351	0.076631	-0.431849	-0.279542	0.114402	-3.460030	-0.031374	0.921967	4.297595	2.419520	1.264902	-0.009959	-0.001439	-0.012846	-0.009808	-0.000822	-0.000545	-777.713745	-2754.876953	1262.985864	193.682816	-204.986877	307.114902	359.972992	-86.293053	26.583941	312.775574	28.191442	272.432312	0.185008	0.031508	0.030298	0.189985	0.027702	0.017416	107.620598	-124.121689	-1318.163117	7.258461	-0.658687	3.992402	7.853973	4.567639	3.763116
875	ANO1	2	transcript	protein		190		12.235721	-13.287721	-11.032842	22.528575	-24.465530	-20.313817	364.729004	791.505676	-318.948779	172.032043	-614.930115	-227.620468	364.729004	791.505676	-1267.534215	0.631316	0.445358	1.676372	0.508184	0.358496	1.349412	2.262340	4.871407	11.107182	2.736450	5.892289	13.434871	0.020424	0.048017	0.106786	0.018232	0.044866	0.098834	2501.054199	2846.954590	-1262.985864	446.567200	821.416382	-307.114902	790.759766	165.119522	-650.570679	894.578186	205.226532	-704.179321	0.660081	0.269602	-0.597288	0.647452	0.288749	-0.580481	364.729004	791.505676	-1332.436124	9.701556	5.574181	16.499260	7.421041	5.531006	16.066916
876	Acceptor	7	metabolite	metabolite			1377	16.249067	-25.953811	-36.474204	5.909729	-9.439310	-13.265540	399.292572	62.093063	318.948779	-44.639870	37.735775	227.620468	399.292572	62.093063	-1105.029829	-0.271189	-0.355121	0.006333	-0.200815	-0.330456	0.145148	-0.773644	-2.253824	1.615730	3.790203	1.048937	-1.081456	-0.016681	-0.002174	0.022040	-0.022643	-0.003363	0.024456	2344.222656	267.954529	1262.985864	454.452820	-33.701008	307.114902	-18.638584	-163.457947	169.900223	-90.768234	123.682930	348.858063	-0.015345	0.010551	0.095500	0.006503	0.062845	0.133940	399.292572	62.093063	-1328.705762	10.594609	2.254922	8.536809	10.241286	1.878251	8.171944
877	CYP2U1	6	bridge	protein				-1.433821	4.946646	-31.328499	-1.173320	4.047925	-25.636646	19.057844	-208.294388	0.000000	816.722925	-446.221210	0.000000	19.057844	-208.294388	-1137.530706	-0.514085	0.193106	-0.062080	-0.285851	-0.375245	-0.496458	-3.762908	0.914016	-0.883168	0.973813	6.561315	-3.370837	-0.007913	0.000352	-0.016679	-0.005324	0.001153	-0.003704	-205.984619	-3118.517822	0.000000	77.463951	-418.416077	0.000000	411.994629	-47.339359	-64.921555	444.061066	-86.989960	195.926270	0.197437	0.072883	-0.045298	0.230604	0.082515	-0.078976	19.057844	-208.294388	-1214.224557	7.494952	-0.138889	3.491981	7.456719	4.292874	4.052824
878	LNX2	3	bridge	protein				1.738062	-31.024098	-6.518010	1.422286	-25.387550	-5.333799	73.927483	105.837646	0.000000	-34.452354	-227.606094	0.000000	73.927483	105.837646	-1235.033338	-0.134274	0.130368	0.314825	-0.481242	0.371998	0.044830	-2.425285	0.769286	-0.529672	-0.868584	-1.472580	5.830544	-0.007528	-0.002690	-0.014557	-0.005016	-0.001984	-0.017028	771.534424	1464.714478	0.000000	80.356018	91.858154	0.000000	274.566895	44.143551	18.129028	366.127625	110.290512	-138.074097	0.141656	0.014057	0.001699	0.116642	0.031856	-0.070065	73.927483	105.837646	-1311.180794	7.561758	1.260988	5.895073	7.905818	3.736200	6.719585
879	ELOVL2	3	protein	protein	167			14.474318	-13.321105	-7.812957	26.650308	-24.526997	-14.385321	92.884499	-49.674965	-318.948779	10.678388	259.091644	-227.620468	92.884499	-49.674965	-1235.033338	-0.125282	0.021881	-0.193169	-0.136992	0.160858	0.166704	0.033650	0.607489	1.934529	-0.867868	1.769861	1.323998	-0.008625	-0.002752	-0.005218	-0.006406	-0.003433	-0.012784	-94.947746	555.971802	-1262.985864	55.110878	-22.139740	-307.114902	136.833481	-53.656940	-51.579311	176.940948	-15.037723	49.761871	0.072587	-0.031079	-0.033475	0.114170	-0.049306	0.030505	92.884499	-49.674965	-1302.462260	10.166752	-0.072604	5.047519	6.995343	2.093625	4.706067
880	KCNA3	9	transcript	protein		230		-1.671410	19.562089	-7.907659	-3.077422	36.017981	-14.559689	-616.791748	-12.476139	-318.948779	-64.119492	-259.314514	-227.620468	-616.791748	-12.476139	-1040.028074	0.629553	0.193687	-0.466625	0.545895	0.371044	-0.030480	3.262972	1.839578	-4.067629	-5.926267	-1.474915	-2.023901	0.028614	0.039670	0.049829	0.026368	0.040765	0.038288	-3163.543701	980.578857	-1262.985864	-670.041626	-25.782507	-307.114902	-393.562744	174.431976	-291.880524	-352.605835	-4.596832	-431.579468	-0.235834	0.116213	-0.135086	-0.214087	0.124758	-0.131942	-616.791748	-12.476139	-1270.105739	1.625566	0.115170	6.927442	0.253836	2.708203	5.595905
881	KRT31	8	protein	protein	2			-11.958116	-15.523069	-8.002362	-22.017444	-28.581283	-14.734056	63.831299	144.358810	-318.948779	-129.842484	235.795013	-227.620468	63.831299	144.358810	-1072.528951	-0.071013	0.107158	0.127693	-0.035979	0.135225	-0.125635	-0.948599	0.733966	-0.631433	-1.074835	-1.181356	1.287840	-0.007529	-0.003636	-0.014717	-0.005712	-0.005486	-0.029417	95.937546	1034.466431	-1262.985864	5.066099	225.758881	-307.114902	230.438660	29.468302	35.940460	338.709259	-32.987309	-92.795311	0.075352	-0.053366	-0.024983	0.040418	-0.090340	-0.068676	63.831299	144.358810	-994.881319	7.292322	2.376828	5.695490	7.678504	4.562158	6.812298
882	TAGAP	6	transcript	protein		94		19.264862	3.361942	-8.097064	35.470722	6.190052	-14.908424	-485.261871	-224.045792	-318.948779	-30.795574	-114.693924	-227.620468	-485.261871	-224.045792	-1137.530706	0.576385	0.098897	0.030288	0.340546	0.265931	-0.007587	3.322909	1.234261	-0.984170	-4.080028	0.933932	-0.814105	0.026359	-0.008668	0.004120	0.024708	-0.008096	0.006089	-1236.186646	-1293.703003	-1262.985864	-504.439575	-195.127182	-307.114902	-375.721252	189.431778	-48.720444	-248.920334	-48.000362	-257.901733	-0.252211	-0.000865	-0.028427	-0.244280	-0.018839	-0.068326	-485.261871	-224.045792	-1249.972071	2.774551	-0.587438	6.554814	1.479613	2.081349	5.556242
883	FCAMR	1	transcript	protein		12		-2.257565	16.458012	-13.116297	-4.156659	30.302712	-24.149903	510.217102	-946.034546	-318.948779	-104.008011	-809.024536	-227.620468	510.217102	-946.034546	-1300.035093	1.294270	-0.239480	1.371577	1.041835	-0.192772	1.104065	8.575477	-1.586729	9.087694	10.372607	-1.919254	10.992167	0.081851	-0.014821	0.087137	0.075771	-0.013994	0.080428	2269.018555	-3824.115479	-1262.985864	543.534485	-961.117554	-307.114902	-490.806183	659.772583	483.058502	-560.536560	878.185425	525.867859	-0.566086	0.643928	0.492785	-0.574698	0.650960	0.493921	510.217102	-946.034546	-1332.535970	13.009239	-0.364476	14.642216	14.815601	1.455911	14.253250
884	ZNF570	0	transcript	protein		24		2.790116	-0.444157	-20.976605	5.137199	-0.817789	-38.622408	1305.341856	-316.135423	-318.948779	910.786741	-197.982473	-227.620468	1305.341856	-316.135423	-1332.535970	-0.442655	-0.125969	-1.706851	-0.356320	-0.101400	-1.373947	-2.932912	-0.834638	-11.309130	-3.547551	-1.009549	-13.679141	-0.030126	-0.007503	-0.111325	-0.029118	-0.007139	-0.105472	4960.436179	-1245.058606	-1262.985864	1256.649631	-298.287471	-307.114902	141.374708	318.997248	-1217.198821	176.435898	343.857235	-1313.704358	0.110452	0.316755	-1.162308	0.109721	0.314658	-1.154614	1305.341856	-316.135423	-1332.535970	4.924199	0.327119	-4.113931	4.480120	2.131351	-4.064778
885	VENTX	3	protein,transcript	protein	312	357		-16.443006	10.512969	-8.191767	-30.275083	19.356620	-15.082791	-384.677338	-185.978165	-318.948779	108.735916	-83.452705	-227.620468	-384.677338	-185.978165	-1235.033338	0.300580	0.629869	0.071726	0.086048	0.555107	-0.068860	1.326594	4.107701	-1.398918	-5.077994	-0.066317	1.685759	0.028005	-0.024871	-0.009653	0.027007	-0.024570	-0.002196	-1415.510010	-607.088623	-1262.985864	-389.560150	-162.455597	-307.114902	-258.025299	296.367035	15.823661	-178.565292	90.356888	-201.915421	-0.183714	-0.027530	0.024318	-0.190400	-0.065494	-0.020308	-384.677338	-185.978165	-1332.084982	2.094283	-0.180936	4.409183	2.188732	2.395231	4.343559
886	MME	3	transcript	protein		379		-3.129721	-17.963005	-10.748735	-5.762484	-33.073727	-19.790715	920.823364	342.229675	-318.948779	224.377838	565.184631	-227.620468	920.823364	342.229675	-1235.033338	-0.137271	-0.151017	1.706851	-0.110498	-0.121562	1.373947	1.442705	-1.000596	11.309130	1.745048	-1.210287	13.679141	0.012449	-0.009118	0.108751	0.010762	-0.008652	0.100674	3899.105469	1101.914917	-1262.985864	927.276672	372.569122	-307.114902	57.282650	359.023865	-863.530701	105.434418	414.114197	-1012.982361	-0.566924	0.397474	-0.386017	-0.562348	0.415250	-0.377316	920.823364	342.229675	-1332.461085	5.703324	-1.698719	16.684964	6.297292	-1.676638	16.248283
887	FBXL19	2	bridge	protein				-0.000000	-0.000000	-31.749016	-0.000000	-0.000000	-25.980762	162.875702	-54.134045	0.000000	904.217031	-225.236323	0.000000	162.875702	-54.134045	-1267.534215	0.276760	-0.173648	-0.194168	-0.052317	0.306645	0.522242	0.776420	-2.054757	-1.946582	-2.217132	5.774059	-1.463721	-0.006473	-0.002060	-0.000977	-0.003798	-0.001047	-0.006628	72.552025	120.648399	0.000000	59.728050	-38.088348	0.000000	32.899517	-81.810196	-7.398203	110.737816	-21.143017	-45.801582	0.000805	-0.105676	0.038840	0.125680	-0.085558	0.061516	162.875702	-54.134045	-1313.617744	10.796173	1.385628	7.438699	10.049339	2.645951	9.194744
888	RASSF3	4	bridge	protein				31.161253	-5.198977	3.153876	25.499786	-4.254412	2.580870	187.175888	113.716896	0.000000	-52.959900	158.212921	0.000000	187.175888	113.716896	-1202.532461	-0.141122	-0.080028	0.402820	0.399970	-0.174257	0.043589	-1.724628	0.270750	2.146865	2.874149	-3.688745	2.059193	-0.008874	-0.001774	-0.006118	-0.007348	-0.000903	-0.008752	549.626770	1189.640747	0.000000	218.026276	250.946777	0.000000	182.098816	-85.277023	104.883812	111.050568	-225.235046	188.852524	0.039267	-0.076350	0.059758	-0.010309	-0.105031	0.118406	187.175888	113.716896	-1253.749633	11.423249	2.455343	9.346705	10.583636	2.740851	7.931433
889	RUBCNL	5	transcript	protein		426		5.012852	-18.820354	-8.286469	9.229730	-34.652290	-15.257159	-473.811798	109.113472	-318.948779	211.430634	41.366409	-227.620468	-473.811798	109.113472	-1170.031583	0.255324	0.505319	-0.341935	0.224531	0.450242	0.319626	3.524304	2.549548	1.706927	-4.858175	3.031365	-0.762244	0.009172	0.041779	-0.032501	0.007172	0.041340	-0.024926	-1707.792847	1074.272339	-1262.985864	-484.437561	108.721153	-307.114902	-451.237823	25.658270	-158.557068	-411.732666	-129.986588	-266.619995	-0.274813	0.058035	-0.078142	-0.284465	0.050880	-0.092253	-473.811798	109.113472	-1213.408213	-0.261284	0.697703	5.517963	0.027424	1.497063	4.187572
890	sphingosine 1-phosphate	3	metabolite	metabolite			638	5.480481	29.736467	-36.792756	1.993232	10.815048	-13.381396	-118.121780	147.615814	318.948779	304.815826	-211.188278	227.620468	-118.121780	147.615814	-1235.033338	-0.437998	0.431653	-0.210768	-0.368524	-0.176842	-0.431314	-0.109534	2.743670	3.378151	1.466073	5.478378	1.618669	-0.005793	-0.000369	-0.013217	-0.005352	0.000275	-0.008641	-980.538696	2536.443604	1262.985864	-189.137253	219.248260	307.114902	334.242737	131.221344	-209.410721	492.713135	209.867859	-75.485519	0.241138	0.023831	-0.150946	0.298283	-0.004954	-0.122265	-118.121780	147.615814	-1295.443008	9.719316	0.476812	4.811721	8.716484	2.630230	4.256319
891	Ceramide 1-phosphate	2	metabolite	metabolite			761	-23.815169	-17.988567	-37.111308	-8.661493	-6.542379	-13.497252	-79.568253	34.902893	318.948779	229.974838	-187.555954	227.620468	-79.568253	34.902893	-1267.534215	-0.493977	0.302114	-0.218054	-0.279390	-0.273199	-0.353972	-1.196433	2.851639	2.750698	2.343692	4.571286	1.049406	-0.006677	-0.001039	-0.014424	-0.006622	-0.000118	-0.007787	-1168.026123	1535.486084	1262.985864	-63.082016	30.566050	307.114902	297.360779	43.974129	-210.865921	351.961853	173.953506	-48.510963	0.179869	0.005423	-0.160275	0.166310	-0.002422	-0.170971	-79.568253	34.902893	-1332.535970	9.340603	0.193180	4.932796	8.258923	2.689756	4.252652
892	NCAPG	0	transcript	protein		50		-1.244009	1.566021	-21.071308	-2.290486	2.883379	-38.796776	1327.943048	-208.345393	-318.948779	923.662595	-129.102738	-227.620468	1327.943048	-208.345393	-1332.535970	0.292242	-0.146389	-1.737331	0.235243	-0.117837	-1.398482	1.936313	-0.969935	-11.511079	2.342098	-1.173200	-13.923412	0.017251	-0.008820	-0.113290	0.015261	-0.008373	-0.107313	5047.912423	-827.865269	-1262.985864	1278.362427	-194.734399	-307.114902	-193.730788	-130.468760	-1242.009724	-188.970131	-146.249883	-1340.758685	-0.209927	-0.112959	-1.186028	-0.208537	-0.112211	-1.178177	1327.943048	-208.345393	-1332.535970	9.401753	0.202705	-4.299635	8.853085	2.009843	-4.246145
893	SNX12	5	protein	protein	174			8.997867	17.227720	-8.381172	16.566993	31.719911	-15.431526	-55.750050	114.964783	-318.948779	-57.080269	219.730423	-227.620468	-55.750050	114.964783	-1170.031583	-0.139820	0.397662	0.232927	-0.099091	0.250591	-0.308076	-1.938590	2.627925	-0.344991	-1.628947	-1.458250	3.270542	-0.005300	-0.003945	-0.016771	-0.004295	-0.005753	-0.028174	-961.616150	599.693054	-1262.985864	-88.459244	248.534729	-307.114902	238.925842	144.047119	-38.370541	364.358643	7.551735	-198.511093	0.074640	-0.051018	-0.104002	0.024708	-0.123372	-0.134691	-55.750050	114.964783	-1317.695064	7.338169	2.686869	5.437232	7.246910	5.057834	6.322911
894	N-Acetyl-beta-D-glucosaminyl-(1->3)-beta-D-galactosyl-(1->4)-beta-D-glucosyl-(1<->1)-ceramide	1	metabolite	metabolite			401	29.312972	-2.784828	-37.429860	10.661025	-1.012832	-13.613108	64.397896	-255.137070	318.948779	110.512901	-253.498825	227.620468	64.397896	-255.137070	-1300.035093	-0.717159	-0.298182	-0.060932	-0.205071	-0.566877	-0.258701	-1.191849	-1.670477	4.742885	5.365558	3.363018	-0.698387	-0.005979	0.000143	-0.003505	-0.007571	0.000151	-0.002723	204.334198	-2281.853271	1262.985864	151.053406	-282.599152	307.114902	66.325226	-84.383339	-269.451233	71.388870	220.666321	-56.457512	0.015751	-0.016261	-0.244637	-0.031351	0.047664	-0.184370	64.397896	-255.137070	-1332.535970	10.170521	-0.556432	6.516582	8.677020	0.620870	4.405287
895	INSRR	0	transcript	protein		84		-0.000000	-0.000000	-21.166010	-0.000000	-0.000000	-38.971143	1341.565816	-99.057129	-318.948779	931.416345	-59.460187	-227.620468	1341.565816	-99.057129	-1332.535970	-0.000000	0.000000	-1.767810	0.000000	-0.000000	-1.423017	-0.000000	0.000000	-11.713028	-0.000000	-0.000000	-14.167682	-0.001589	0.000618	-0.115255	-0.002387	0.000468	-0.109153	5100.638339	-404.873127	-1262.985864	1291.449717	-89.741985	-307.114902	25.845806	-12.317193	-1266.820628	50.460772	-17.414947	-1367.813012	-0.000000	0.000000	-1.209749	-0.000000	0.000000	-1.201741	1341.565816	-99.057129	-1332.535970	7.621194	1.094620	-4.485340	7.114116	2.880924	-4.427511
896	VTN	9	bridge	protein				19.617144	23.979669	-6.938527	16.053044	19.622973	-5.677915	108.044556	143.374847	0.000000	-92.585899	-203.543915	0.000000	108.044556	143.374847	-1040.028074	0.068644	0.054938	0.277931	-0.378831	0.404849	0.122773	-1.116572	0.418921	-1.231167	-1.882427	-3.107035	4.289632	-0.007493	-0.002836	-0.012557	-0.005232	-0.002033	-0.017747	637.205078	1118.017212	0.000000	84.152023	70.793877	0.000000	227.750458	63.086792	56.241844	348.783478	118.800461	-126.922440	0.117730	0.021696	0.035629	0.099988	0.060809	-0.041012	108.044556	143.374847	-1109.662534	7.539303	1.342028	5.942184	8.088756	3.731258	6.952302
897	ZBED8	2	transcript	protein		77		-0.046364	18.004877	-11.127545	-0.085366	33.150822	-20.488185	367.588104	790.452820	-318.948779	166.181015	-616.342346	-227.620468	367.588104	790.452820	-1267.534215	0.341448	0.155491	1.676372	0.274852	0.125164	1.349412	2.262341	1.030238	11.107182	2.736451	1.246141	13.434871	0.020424	0.010642	0.106786	0.018232	0.009857	0.098834	2451.015137	2897.992432	-1262.985864	443.772827	822.576233	-307.114902	795.233093	168.661713	-651.785278	898.470520	202.944977	-700.302734	0.682499	0.280789	-0.617699	0.670355	0.300855	-0.601003	367.588104	790.452820	-1332.436124	11.467653	3.808085	16.499260	9.145885	3.806163	16.066916
898	TACR1	1	bridge	protein				-19.489607	24.913530	2.733359	-15.948679	20.387167	2.236754	-106.487869	-72.644272	0.000000	97.071228	-35.552029	0.000000	-106.487869	-72.644272	-1300.035093	-0.449852	0.554981	-0.148466	0.132117	-0.055108	-0.695556	-0.404394	3.940507	3.145447	-0.952283	5.932841	3.527609	-0.003395	-0.001646	-0.008688	-0.004295	-0.000414	-0.007933	-530.072144	613.546082	0.000000	-106.830643	-17.167936	0.000000	157.478027	111.313637	-219.964767	253.916595	-86.432968	-286.477203	0.063176	0.031289	-0.225663	0.006822	-0.064538	-0.275718	-106.487869	-72.644272	-1332.535970	8.936917	0.302006	5.119204	7.933719	1.844617	4.414546
899	beta-Alanine	5	metabolite	metabolite			820	-19.458906	21.550137	-37.748412	-7.077136	7.837709	-13.728965	428.137177	72.296135	318.948779	4.098269	59.556988	227.620468	428.137177	72.296135	-1170.031583	-0.013402	-0.406271	0.162354	-0.028908	-0.401955	0.167745	0.432516	-2.315564	0.939646	2.937319	0.954914	-2.046443	-0.012858	-0.001442	0.014708	-0.017118	-0.002111	0.015749	1588.664429	174.061432	1262.985864	510.763947	34.510155	307.114902	16.885744	-189.592346	230.284821	-81.911507	111.783119	417.335388	0.016066	-0.031149	0.161741	0.012153	0.028241	0.201679	428.137177	72.296135	-1295.284082	10.662694	3.024634	6.984301	10.934361	4.376741	6.957800
